source_id	model	ssl_method	method	subset_percentage	ssl_epochs	runs	estimated_minutes	walltime	job_script
ConvNet_simclr_full_size100	ConvNet	simclr	full	100	13	15	10.51	0-01:15:00	benchmarks/downstream/jobs/pretrain/ConvNet_simclr_full_size100.sh
ConvNet_simclr_random_size1	ConvNet	simclr	random	1	1200	15	9.98	0-01:10:00	benchmarks/downstream/jobs/pretrain/ConvNet_simclr_random_size1.sh
ConvNet_simclr_random_size2	ConvNet	simclr	random	2	600	15	9.98	0-01:10:00	benchmarks/downstream/jobs/pretrain/ConvNet_simclr_random_size2.sh
ConvNet_simclr_random_size5	ConvNet	simclr	random	5	240	15	9.98	0-01:10:00	benchmarks/downstream/jobs/pretrain/ConvNet_simclr_random_size5.sh
ConvNet_simclr_kmeans_size1	ConvNet	simclr	kmeans	1	1200	15	9.98	0-01:10:00	benchmarks/downstream/jobs/pretrain/ConvNet_simclr_kmeans_size1.sh
ConvNet_simclr_kmeans_size2	ConvNet	simclr	kmeans	2	600	15	9.98	0-01:10:00	benchmarks/downstream/jobs/pretrain/ConvNet_simclr_kmeans_size2.sh
ConvNet_simclr_kmeans_size5	ConvNet	simclr	kmeans	5	240	15	9.98	0-01:10:00	benchmarks/downstream/jobs/pretrain/ConvNet_simclr_kmeans_size5.sh
ConvNet_barlowtwins_full_size100	ConvNet	barlowtwins	full	100	13	15	13.03	0-01:15:00	benchmarks/downstream/jobs/pretrain/ConvNet_barlowtwins_full_size100.sh
ConvNet_barlowtwins_random_size1	ConvNet	barlowtwins	random	1	1200	15	12.34	0-01:15:00	benchmarks/downstream/jobs/pretrain/ConvNet_barlowtwins_random_size1.sh
ConvNet_barlowtwins_random_size2	ConvNet	barlowtwins	random	2	600	15	12.34	0-01:15:00	benchmarks/downstream/jobs/pretrain/ConvNet_barlowtwins_random_size2.sh
ConvNet_barlowtwins_random_size5	ConvNet	barlowtwins	random	5	240	15	12.34	0-01:15:00	benchmarks/downstream/jobs/pretrain/ConvNet_barlowtwins_random_size5.sh
ConvNet_barlowtwins_kmeans_size1	ConvNet	barlowtwins	kmeans	1	1200	15	12.34	0-01:15:00	benchmarks/downstream/jobs/pretrain/ConvNet_barlowtwins_kmeans_size1.sh
ConvNet_barlowtwins_kmeans_size2	ConvNet	barlowtwins	kmeans	2	600	15	12.34	0-01:15:00	benchmarks/downstream/jobs/pretrain/ConvNet_barlowtwins_kmeans_size2.sh
ConvNet_barlowtwins_kmeans_size5	ConvNet	barlowtwins	kmeans	5	240	15	12.34	0-01:15:00	benchmarks/downstream/jobs/pretrain/ConvNet_barlowtwins_kmeans_size5.sh
VGG11_simclr_full_size100	VGG11	simclr	full	100	13	15	12.48	0-01:15:00	benchmarks/downstream/jobs/pretrain/VGG11_simclr_full_size100.sh
VGG11_simclr_random_size1	VGG11	simclr	random	1	1200	15	11.83	0-01:15:00	benchmarks/downstream/jobs/pretrain/VGG11_simclr_random_size1.sh
VGG11_simclr_random_size2	VGG11	simclr	random	2	600	15	11.83	0-01:15:00	benchmarks/downstream/jobs/pretrain/VGG11_simclr_random_size2.sh
VGG11_simclr_random_size5	VGG11	simclr	random	5	240	15	11.83	0-01:15:00	benchmarks/downstream/jobs/pretrain/VGG11_simclr_random_size5.sh
VGG11_simclr_kmeans_size1	VGG11	simclr	kmeans	1	1200	15	11.83	0-01:15:00	benchmarks/downstream/jobs/pretrain/VGG11_simclr_kmeans_size1.sh
VGG11_simclr_kmeans_size2	VGG11	simclr	kmeans	2	600	15	11.83	0-01:15:00	benchmarks/downstream/jobs/pretrain/VGG11_simclr_kmeans_size2.sh
VGG11_simclr_kmeans_size5	VGG11	simclr	kmeans	5	240	15	11.83	0-01:15:00	benchmarks/downstream/jobs/pretrain/VGG11_simclr_kmeans_size5.sh
VGG11_barlowtwins_full_size100	VGG11	barlowtwins	full	100	13	15	12.53	0-01:15:00	benchmarks/downstream/jobs/pretrain/VGG11_barlowtwins_full_size100.sh
VGG11_barlowtwins_random_size1	VGG11	barlowtwins	random	1	1200	15	11.87	0-01:15:00	benchmarks/downstream/jobs/pretrain/VGG11_barlowtwins_random_size1.sh
VGG11_barlowtwins_random_size2	VGG11	barlowtwins	random	2	600	15	11.87	0-01:15:00	benchmarks/downstream/jobs/pretrain/VGG11_barlowtwins_random_size2.sh
VGG11_barlowtwins_random_size5	VGG11	barlowtwins	random	5	240	15	11.87	0-01:15:00	benchmarks/downstream/jobs/pretrain/VGG11_barlowtwins_random_size5.sh
VGG11_barlowtwins_kmeans_size1	VGG11	barlowtwins	kmeans	1	1200	15	11.87	0-01:15:00	benchmarks/downstream/jobs/pretrain/VGG11_barlowtwins_kmeans_size1.sh
VGG11_barlowtwins_kmeans_size2	VGG11	barlowtwins	kmeans	2	600	15	11.87	0-01:15:00	benchmarks/downstream/jobs/pretrain/VGG11_barlowtwins_kmeans_size2.sh
VGG11_barlowtwins_kmeans_size5	VGG11	barlowtwins	kmeans	5	240	15	11.87	0-01:15:00	benchmarks/downstream/jobs/pretrain/VGG11_barlowtwins_kmeans_size5.sh
ResNet18_simclr_full_size100	ResNet18	simclr	full	100	13	15	39.49	0-01:40:00	benchmarks/downstream/jobs/pretrain/ResNet18_simclr_full_size100.sh
ResNet18_simclr_random_size1	ResNet18	simclr	random	1	1200	15	37.27	0-01:40:00	benchmarks/downstream/jobs/pretrain/ResNet18_simclr_random_size1.sh
ResNet18_simclr_random_size2	ResNet18	simclr	random	2	600	15	37.27	0-01:40:00	benchmarks/downstream/jobs/pretrain/ResNet18_simclr_random_size2.sh
ResNet18_simclr_random_size5	ResNet18	simclr	random	5	240	15	37.27	0-01:40:00	benchmarks/downstream/jobs/pretrain/ResNet18_simclr_random_size5.sh
ResNet18_simclr_kmeans_size1	ResNet18	simclr	kmeans	1	1200	15	37.27	0-01:40:00	benchmarks/downstream/jobs/pretrain/ResNet18_simclr_kmeans_size1.sh
ResNet18_simclr_kmeans_size2	ResNet18	simclr	kmeans	2	600	15	37.27	0-01:40:00	benchmarks/downstream/jobs/pretrain/ResNet18_simclr_kmeans_size2.sh
ResNet18_simclr_kmeans_size5	ResNet18	simclr	kmeans	5	240	15	37.27	0-01:40:00	benchmarks/downstream/jobs/pretrain/ResNet18_simclr_kmeans_size5.sh
ResNet18_barlowtwins_full_size100	ResNet18	barlowtwins	full	100	13	15	39.54	0-01:40:00	benchmarks/downstream/jobs/pretrain/ResNet18_barlowtwins_full_size100.sh
ResNet18_barlowtwins_random_size1	ResNet18	barlowtwins	random	1	1200	15	37.32	0-01:40:00	benchmarks/downstream/jobs/pretrain/ResNet18_barlowtwins_random_size1.sh
ResNet18_barlowtwins_random_size2	ResNet18	barlowtwins	random	2	600	15	37.32	0-01:40:00	benchmarks/downstream/jobs/pretrain/ResNet18_barlowtwins_random_size2.sh
ResNet18_barlowtwins_random_size5	ResNet18	barlowtwins	random	5	240	15	37.32	0-01:40:00	benchmarks/downstream/jobs/pretrain/ResNet18_barlowtwins_random_size5.sh
ResNet18_barlowtwins_kmeans_size1	ResNet18	barlowtwins	kmeans	1	1200	15	37.32	0-01:40:00	benchmarks/downstream/jobs/pretrain/ResNet18_barlowtwins_kmeans_size1.sh
ResNet18_barlowtwins_kmeans_size2	ResNet18	barlowtwins	kmeans	2	600	15	37.32	0-01:40:00	benchmarks/downstream/jobs/pretrain/ResNet18_barlowtwins_kmeans_size2.sh
ResNet18_barlowtwins_kmeans_size5	ResNet18	barlowtwins	kmeans	5	240	15	37.32	0-01:40:00	benchmarks/downstream/jobs/pretrain/ResNet18_barlowtwins_kmeans_size5.sh
