config_id,table,source,target,model,method,ssl_method,subset_percentage,label_percentage,ssl_epochs,probe_epochs,runs,account,job_key,completed_runs,status,mean_percent,std_percent
cifar10_ConvNet_simclr_ours_size1__CIFAR10_lbl1,main,CIFAR10,CIFAR10,ConvNet,ours,simclr,1,1,5000,500,10,aip-boyuwang,cifar10_ConvNet_simclr_ours_size1__main,10,complete,43.80199879407883,1.1949690341062555
cifar10_ConvNet_simclr_ours_size1__CIFAR10_lbl5,main,CIFAR10,CIFAR10,ConvNet,ours,simclr,1,5,5000,300,10,aip-boyuwang,cifar10_ConvNet_simclr_ours_size1__main,10,complete,53.65199863910675,0.34518310986959017
cifar10_ConvNet_simclr_ours_size2__CIFAR10_lbl1,main,CIFAR10,CIFAR10,ConvNet,ours,simclr,2,1,4000,500,10,aip-boyuwang,cifar10_ConvNet_simclr_ours_size2__main,10,complete,43.957998752593994,1.205283079899543
cifar10_ConvNet_simclr_ours_size2__CIFAR10_lbl5,main,CIFAR10,CIFAR10,ConvNet,ours,simclr,2,5,4000,300,10,aip-boyuwang,cifar10_ConvNet_simclr_ours_size2__main,10,complete,54.427998065948486,0.3587880878058363
cifar10_ConvNet_simclr_ours_size5__CIFAR10_lbl1,main,CIFAR10,CIFAR10,ConvNet,ours,simclr,5,1,3000,500,10,aip-yiweilu,cifar10_ConvNet_simclr_ours_size5__main,10,complete,44.28599864244461,0.7676257213703737
cifar10_ConvNet_simclr_ours_size5__CIFAR10_lbl5,main,CIFAR10,CIFAR10,ConvNet,ours,simclr,5,5,3000,300,10,aip-yiweilu,cifar10_ConvNet_simclr_ours_size5__main,10,complete,54.7029983997345,0.6400873090917447
cifar10_ConvNet_barlowtwins_ours_size1__CIFAR10_lbl1,main,CIFAR10,CIFAR10,ConvNet,ours,barlowtwins,1,1,10000,500,10,aip-boyuwang,cifar10_ConvNet_barlowtwins_ours_size1__main,10,complete,32.62799918651581,2.3377804261232473
cifar10_ConvNet_barlowtwins_ours_size1__CIFAR10_lbl5,main,CIFAR10,CIFAR10,ConvNet,ours,barlowtwins,1,5,10000,300,10,aip-boyuwang,cifar10_ConvNet_barlowtwins_ours_size1__main,10,complete,41.28499895334244,1.7508423125664188
cifar10_ConvNet_barlowtwins_ours_size2__CIFAR10_lbl1,main,CIFAR10,CIFAR10,ConvNet,ours,barlowtwins,2,1,8000,500,10,aip-boyuwang,cifar10_ConvNet_barlowtwins_ours_size2__main,10,complete,36.351999044418335,1.3016810541357406
cifar10_ConvNet_barlowtwins_ours_size2__CIFAR10_lbl5,main,CIFAR10,CIFAR10,ConvNet,ours,barlowtwins,2,5,8000,300,10,aip-boyuwang,cifar10_ConvNet_barlowtwins_ours_size2__main,10,complete,45.00399857759476,1.8296702687446456
cifar10_ConvNet_barlowtwins_ours_size5__CIFAR10_lbl1,main,CIFAR10,CIFAR10,ConvNet,ours,barlowtwins,5,1,6000,500,10,aip-boyuwang,cifar10_ConvNet_barlowtwins_ours_size5__main,10,complete,39.95199888944626,1.2434787934573737
cifar10_ConvNet_barlowtwins_ours_size5__CIFAR10_lbl5,main,CIFAR10,CIFAR10,ConvNet,ours,barlowtwins,5,5,6000,300,10,aip-boyuwang,cifar10_ConvNet_barlowtwins_ours_size5__main,10,complete,50.058998465538025,0.9135576026820568
cifar10_VGG11_simclr_ours_size1__CIFAR10_lbl1,main,CIFAR10,CIFAR10,VGG11,ours,simclr,1,1,5000,500,10,aip-boyuwang,cifar10_VGG11_simclr_ours_size1__main,10,complete,26.84999942779541,1.1773412836968251
cifar10_VGG11_simclr_ours_size1__CIFAR10_lbl5,main,CIFAR10,CIFAR10,VGG11,ours,simclr,1,5,5000,300,10,aip-boyuwang,cifar10_VGG11_simclr_ours_size1__main,10,complete,30.80899864435196,0.5929856974733924
cifar10_VGG11_simclr_ours_size2__CIFAR10_lbl1,main,CIFAR10,CIFAR10,VGG11,ours,simclr,2,1,4000,500,10,aip-yiweilu,cifar10_VGG11_simclr_ours_size2__main,10,complete,28.552999049425125,2.035556237365148
cifar10_VGG11_simclr_ours_size2__CIFAR10_lbl5,main,CIFAR10,CIFAR10,VGG11,ours,simclr,2,5,4000,300,10,aip-yiweilu,cifar10_VGG11_simclr_ours_size2__main,10,complete,32.831999361515045,1.9259101085759331
cifar10_VGG11_simclr_ours_size5__CIFAR10_lbl1,main,CIFAR10,CIFAR10,VGG11,ours,simclr,5,1,3000,500,10,aip-boyuwang,cifar10_VGG11_simclr_ours_size5__main,10,complete,31.753999292850494,2.4914043838808
cifar10_VGG11_simclr_ours_size5__CIFAR10_lbl5,main,CIFAR10,CIFAR10,VGG11,ours,simclr,5,5,3000,300,10,aip-boyuwang,cifar10_VGG11_simclr_ours_size5__main,10,complete,37.13899940252304,3.4591374304896516
cifar10_VGG11_barlowtwins_ours_size1__CIFAR10_lbl1,main,CIFAR10,CIFAR10,VGG11,ours,barlowtwins,1,1,10000,500,10,aip-boyuwang,cifar10_VGG11_barlowtwins_ours_size1__main,10,complete,15.667999610304832,2.686078314690168
cifar10_VGG11_barlowtwins_ours_size1__CIFAR10_lbl5,main,CIFAR10,CIFAR10,VGG11,ours,barlowtwins,1,5,10000,300,10,aip-boyuwang,cifar10_VGG11_barlowtwins_ours_size1__main,10,complete,16.48799955844879,2.9622694046724476
cifar10_VGG11_barlowtwins_ours_size2__CIFAR10_lbl1,main,CIFAR10,CIFAR10,VGG11,ours,barlowtwins,2,1,8000,500,10,aip-boyuwang,cifar10_VGG11_barlowtwins_ours_size2__main,10,complete,15.669999718666077,3.259117080675767
cifar10_VGG11_barlowtwins_ours_size2__CIFAR10_lbl5,main,CIFAR10,CIFAR10,VGG11,ours,barlowtwins,2,5,8000,300,10,aip-boyuwang,cifar10_VGG11_barlowtwins_ours_size2__main,10,complete,16.882999539375305,3.1046917607725284
cifar10_VGG11_barlowtwins_ours_size5__CIFAR10_lbl1,main,CIFAR10,CIFAR10,VGG11,ours,barlowtwins,5,1,6000,500,10,aip-boyuwang,cifar10_VGG11_barlowtwins_ours_size5__main,10,complete,17.8909994661808,3.1208771528748502
cifar10_VGG11_barlowtwins_ours_size5__CIFAR10_lbl5,main,CIFAR10,CIFAR10,VGG11,ours,barlowtwins,5,5,6000,300,10,aip-boyuwang,cifar10_VGG11_barlowtwins_ours_size5__main,10,complete,20.753999799489975,1.7893834988730681
cifar10_ResNet18_simclr_ours_size1__CIFAR10_lbl1,main,CIFAR10,CIFAR10,ResNet18,ours,simclr,1,1,5000,500,10,aip-yiweilu,cifar10_ResNet18_simclr_ours_size1__main,10,complete,28.755999505519867,1.1833115464862853
cifar10_ResNet18_simclr_ours_size1__CIFAR10_lbl5,main,CIFAR10,CIFAR10,ResNet18,ours,simclr,1,5,5000,300,10,aip-yiweilu,cifar10_ResNet18_simclr_ours_size1__main,10,complete,33.777998983860016,1.176631443202764
cifar10_ResNet18_simclr_ours_size1__CIFAR100_lbl1,downstream,CIFAR10,CIFAR100,ResNet18,ours,simclr,1,1,5000,500,10,aip-boyuwang,cifar10_ResNet18_simclr_ours_size1__downstream,10,complete,4.979999847710133,0.49288265269458537
cifar10_ResNet18_simclr_ours_size1__CIFAR100_lbl5,downstream,CIFAR10,CIFAR100,ResNet18,ours,simclr,1,5,5000,300,10,aip-boyuwang,cifar10_ResNet18_simclr_ours_size1__downstream,10,complete,8.654999807476997,0.5173061143901246
cifar10_ResNet18_simclr_ours_size1__Aircraft_lbl1,downstream,CIFAR10,Aircraft,ResNet18,ours,simclr,1,1,5000,500,10,aip-boyuwang,cifar10_ResNet18_simclr_ours_size1__downstream,10,complete,2.1182117238640785,0.26201857491071334
cifar10_ResNet18_simclr_ours_size1__Aircraft_lbl5,downstream,CIFAR10,Aircraft,ResNet18,ours,simclr,1,5,5000,300,10,aip-boyuwang,cifar10_ResNet18_simclr_ours_size1__downstream,10,complete,2.9012899845838547,0.31659126890354417
cifar10_ResNet18_simclr_ours_size1__CUB2011_lbl1,downstream,CIFAR10,CUB2011,ResNet18,ours,simclr,1,1,5000,500,10,aip-boyuwang,cifar10_ResNet18_simclr_ours_size1__downstream,10,complete,0.9199171513319016,0.1791878386895691
cifar10_ResNet18_simclr_ours_size1__CUB2011_lbl5,downstream,CIFAR10,CUB2011,ResNet18,ours,simclr,1,5,5000,300,10,aip-boyuwang,cifar10_ResNet18_simclr_ours_size1__downstream,10,complete,1.0735243279486895,0.15897660683065967
cifar10_ResNet18_simclr_ours_size1__Dogs_lbl1,downstream,CIFAR10,Dogs,ResNet18,ours,simclr,1,1,5000,500,10,aip-boyuwang,cifar10_ResNet18_simclr_ours_size1__downstream,10,complete,1.2937062792479992,0.18072577614427188
cifar10_ResNet18_simclr_ours_size1__Dogs_lbl5,downstream,CIFAR10,Dogs,ResNet18,ours,simclr,1,5,5000,300,10,aip-boyuwang,cifar10_ResNet18_simclr_ours_size1__downstream,10,complete,1.7843823041766882,0.22616264234233033
cifar10_ResNet18_simclr_ours_size1__Flowers_lbl1,downstream,CIFAR10,Flowers,ResNet18,ours,simclr,1,1,5000,500,10,aip-boyuwang,cifar10_ResNet18_simclr_ours_size1__downstream,10,complete,2.143438020721078,0.6556329804699074
cifar10_ResNet18_simclr_ours_size1__Flowers_lbl5,downstream,CIFAR10,Flowers,ResNet18,ours,simclr,1,5,5000,300,10,aip-boyuwang,cifar10_ResNet18_simclr_ours_size1__downstream,10,complete,3.263945411890745,0.8739331728029233
cifar10_ResNet18_simclr_ours_size1__TinyImageNet_lbl1,downstream,CIFAR10,TinyImageNet,ResNet18,ours,simclr,1,1,5000,500,10,aip-boyuwang,cifar10_ResNet18_simclr_ours_size1__downstream,10,complete,1.8559999391436577,0.4090965454873908
cifar10_ResNet18_simclr_ours_size1__TinyImageNet_lbl5,downstream,CIFAR10,TinyImageNet,ResNet18,ours,simclr,1,5,5000,300,10,aip-boyuwang,cifar10_ResNet18_simclr_ours_size1__downstream,10,complete,3.014999944716692,0.39466578773004635
cifar10_ResNet18_simclr_ours_size2__CIFAR10_lbl1,main,CIFAR10,CIFAR10,ResNet18,ours,simclr,2,1,4000,500,10,aip-boyuwang,cifar10_ResNet18_simclr_ours_size2__main,10,complete,31.02499932050705,0.6117231095469752
cifar10_ResNet18_simclr_ours_size2__CIFAR10_lbl5,main,CIFAR10,CIFAR10,ResNet18,ours,simclr,2,5,4000,300,10,aip-boyuwang,cifar10_ResNet18_simclr_ours_size2__main,10,complete,36.3059988617897,0.5671800958442196
cifar10_ResNet18_simclr_ours_size2__CIFAR100_lbl1,downstream,CIFAR10,CIFAR100,ResNet18,ours,simclr,2,1,4000,500,10,aip-boyuwang,cifar10_ResNet18_simclr_ours_size2__downstream,10,complete,5.322999842464924,0.5044479493295616
cifar10_ResNet18_simclr_ours_size2__CIFAR100_lbl5,downstream,CIFAR10,CIFAR100,ResNet18,ours,simclr,2,5,4000,300,10,aip-boyuwang,cifar10_ResNet18_simclr_ours_size2__downstream,10,complete,8.988999798893929,0.4108649238375889
cifar10_ResNet18_simclr_ours_size2__Aircraft_lbl1,downstream,CIFAR10,Aircraft,ResNet18,ours,simclr,2,1,4000,500,10,aip-boyuwang,cifar10_ResNet18_simclr_ours_size2__downstream,10,complete,2.079207841306925,0.3747506483165693
cifar10_ResNet18_simclr_ours_size2__Aircraft_lbl5,downstream,CIFAR10,Aircraft,ResNet18,ours,simclr,2,5,4000,300,10,aip-boyuwang,cifar10_ResNet18_simclr_ours_size2__downstream,10,complete,2.691268976777792,0.2546035013515604
cifar10_ResNet18_simclr_ours_size2__CUB2011_lbl1,downstream,CIFAR10,CUB2011,ResNet18,ours,simclr,2,1,4000,500,10,aip-boyuwang,cifar10_ResNet18_simclr_ours_size2__downstream,10,complete,0.9475319180637598,0.17553016229007912
cifar10_ResNet18_simclr_ours_size2__CUB2011_lbl5,downstream,CIFAR10,CUB2011,ResNet18,ours,simclr,2,5,4000,300,10,aip-boyuwang,cifar10_ResNet18_simclr_ours_size2__downstream,10,complete,1.311701750382781,0.19762471064050174
cifar10_ResNet18_simclr_ours_size2__Dogs_lbl1,downstream,CIFAR10,Dogs,ResNet18,ours,simclr,2,1,4000,500,10,aip-boyuwang,cifar10_ResNet18_simclr_ours_size2__downstream,10,complete,1.371794855222106,0.23555107434593478
cifar10_ResNet18_simclr_ours_size2__Dogs_lbl5,downstream,CIFAR10,Dogs,ResNet18,ours,simclr,2,5,4000,300,10,aip-boyuwang,cifar10_ResNet18_simclr_ours_size2__downstream,10,complete,1.7692307941615582,0.20585389561793396
cifar10_ResNet18_simclr_ours_size2__Flowers_lbl1,downstream,CIFAR10,Flowers,ResNet18,ours,simclr,2,1,4000,500,10,aip-boyuwang,cifar10_ResNet18_simclr_ours_size2__downstream,10,complete,2.0019515603780746,0.599862747293904
cifar10_ResNet18_simclr_ours_size2__Flowers_lbl5,downstream,CIFAR10,Flowers,ResNet18,ours,simclr,2,5,4000,300,10,aip-boyuwang,cifar10_ResNet18_simclr_ours_size2__downstream,10,complete,3.182631339877844,0.8274717031611167
cifar10_ResNet18_simclr_ours_size2__TinyImageNet_lbl1,downstream,CIFAR10,TinyImageNet,ResNet18,ours,simclr,2,1,4000,500,10,aip-boyuwang,cifar10_ResNet18_simclr_ours_size2__downstream,10,complete,1.9999999459832907,0.3262582565258014
cifar10_ResNet18_simclr_ours_size2__TinyImageNet_lbl5,downstream,CIFAR10,TinyImageNet,ResNet18,ours,simclr,2,5,4000,300,10,aip-boyuwang,cifar10_ResNet18_simclr_ours_size2__downstream,10,complete,3.226999957114458,0.18257721736697483
cifar10_ResNet18_simclr_ours_size5__CIFAR10_lbl1,main,CIFAR10,CIFAR10,ResNet18,ours,simclr,5,1,3000,500,10,aip-boyuwang,cifar10_ResNet18_simclr_ours_size5__main,0,incomplete,,
cifar10_ResNet18_simclr_ours_size5__CIFAR10_lbl5,main,CIFAR10,CIFAR10,ResNet18,ours,simclr,5,5,3000,300,10,aip-boyuwang,cifar10_ResNet18_simclr_ours_size5__main,0,incomplete,,
cifar10_ResNet18_simclr_ours_size5__CIFAR100_lbl1,downstream,CIFAR10,CIFAR100,ResNet18,ours,simclr,5,1,3000,500,10,aip-boyuwang,cifar10_ResNet18_simclr_ours_size5__downstream,0,incomplete,,
cifar10_ResNet18_simclr_ours_size5__CIFAR100_lbl5,downstream,CIFAR10,CIFAR100,ResNet18,ours,simclr,5,5,3000,300,10,aip-boyuwang,cifar10_ResNet18_simclr_ours_size5__downstream,0,incomplete,,
cifar10_ResNet18_simclr_ours_size5__Aircraft_lbl1,downstream,CIFAR10,Aircraft,ResNet18,ours,simclr,5,1,3000,500,10,aip-boyuwang,cifar10_ResNet18_simclr_ours_size5__downstream,0,incomplete,,
cifar10_ResNet18_simclr_ours_size5__Aircraft_lbl5,downstream,CIFAR10,Aircraft,ResNet18,ours,simclr,5,5,3000,300,10,aip-boyuwang,cifar10_ResNet18_simclr_ours_size5__downstream,0,incomplete,,
cifar10_ResNet18_simclr_ours_size5__CUB2011_lbl1,downstream,CIFAR10,CUB2011,ResNet18,ours,simclr,5,1,3000,500,10,aip-boyuwang,cifar10_ResNet18_simclr_ours_size5__downstream,0,incomplete,,
cifar10_ResNet18_simclr_ours_size5__CUB2011_lbl5,downstream,CIFAR10,CUB2011,ResNet18,ours,simclr,5,5,3000,300,10,aip-boyuwang,cifar10_ResNet18_simclr_ours_size5__downstream,0,incomplete,,
cifar10_ResNet18_simclr_ours_size5__Dogs_lbl1,downstream,CIFAR10,Dogs,ResNet18,ours,simclr,5,1,3000,500,10,aip-boyuwang,cifar10_ResNet18_simclr_ours_size5__downstream,0,incomplete,,
cifar10_ResNet18_simclr_ours_size5__Dogs_lbl5,downstream,CIFAR10,Dogs,ResNet18,ours,simclr,5,5,3000,300,10,aip-boyuwang,cifar10_ResNet18_simclr_ours_size5__downstream,0,incomplete,,
cifar10_ResNet18_simclr_ours_size5__Flowers_lbl1,downstream,CIFAR10,Flowers,ResNet18,ours,simclr,5,1,3000,500,10,aip-boyuwang,cifar10_ResNet18_simclr_ours_size5__downstream,0,incomplete,,
cifar10_ResNet18_simclr_ours_size5__Flowers_lbl5,downstream,CIFAR10,Flowers,ResNet18,ours,simclr,5,5,3000,300,10,aip-boyuwang,cifar10_ResNet18_simclr_ours_size5__downstream,0,incomplete,,
cifar10_ResNet18_simclr_ours_size5__TinyImageNet_lbl1,downstream,CIFAR10,TinyImageNet,ResNet18,ours,simclr,5,1,3000,500,10,aip-boyuwang,cifar10_ResNet18_simclr_ours_size5__downstream,0,incomplete,,
cifar10_ResNet18_simclr_ours_size5__TinyImageNet_lbl5,downstream,CIFAR10,TinyImageNet,ResNet18,ours,simclr,5,5,3000,300,10,aip-boyuwang,cifar10_ResNet18_simclr_ours_size5__downstream,0,incomplete,,
cifar10_ResNet18_barlowtwins_ours_size1__CIFAR10_lbl1,main,CIFAR10,CIFAR10,ResNet18,ours,barlowtwins,1,1,10000,500,10,aip-boyuwang,cifar10_ResNet18_barlowtwins_ours_size1__main,10,complete,23.574999421834946,1.11940677808234
cifar10_ResNet18_barlowtwins_ours_size1__CIFAR10_lbl5,main,CIFAR10,CIFAR10,ResNet18,ours,barlowtwins,1,5,10000,300,10,aip-boyuwang,cifar10_ResNet18_barlowtwins_ours_size1__main,10,complete,27.84199893474579,1.3740428391893076
cifar10_ResNet18_barlowtwins_ours_size1__CIFAR100_lbl1,downstream,CIFAR10,CIFAR100,ResNet18,ours,barlowtwins,1,1,10000,500,10,aip-yiweilu,cifar10_ResNet18_barlowtwins_ours_size1__downstream,10,complete,3.070999886840582,0.23387789661240507
cifar10_ResNet18_barlowtwins_ours_size1__CIFAR100_lbl5,downstream,CIFAR10,CIFAR100,ResNet18,ours,barlowtwins,1,5,10000,300,10,aip-yiweilu,cifar10_ResNet18_barlowtwins_ours_size1__downstream,10,complete,4.71599992364645,0.5168322226935274
cifar10_ResNet18_barlowtwins_ours_size1__Aircraft_lbl1,downstream,CIFAR10,Aircraft,ResNet18,ours,barlowtwins,1,1,10000,500,10,aip-yiweilu,cifar10_ResNet18_barlowtwins_ours_size1__downstream,10,complete,1.6351634543389082,0.3587139735326568
cifar10_ResNet18_barlowtwins_ours_size1__Aircraft_lbl5,downstream,CIFAR10,Aircraft,ResNet18,ours,barlowtwins,1,5,10000,300,10,aip-yiweilu,cifar10_ResNet18_barlowtwins_ours_size1__downstream,10,complete,2.058205734938383,0.32351338417310965
cifar10_ResNet18_barlowtwins_ours_size1__CUB2011_lbl1,downstream,CIFAR10,CUB2011,ResNet18,ours,barlowtwins,1,1,10000,500,10,aip-yiweilu,cifar10_ResNet18_barlowtwins_ours_size1__downstream,10,complete,0.7162581849843264,0.12047170139988189
cifar10_ResNet18_barlowtwins_ours_size1__CUB2011_lbl5,downstream,CIFAR10,CUB2011,ResNet18,ours,barlowtwins,1,5,10000,300,10,aip-yiweilu,cifar10_ResNet18_barlowtwins_ours_size1__downstream,10,complete,0.8232654351741076,0.20177644770740194
cifar10_ResNet18_barlowtwins_ours_size1__Dogs_lbl1,downstream,CIFAR10,Dogs,ResNet18,ours,barlowtwins,1,1,10000,500,10,aip-yiweilu,cifar10_ResNet18_barlowtwins_ours_size1__downstream,10,complete,1.1200466193258762,0.1721236444072789
cifar10_ResNet18_barlowtwins_ours_size1__Dogs_lbl5,downstream,CIFAR10,Dogs,ResNet18,ours,barlowtwins,1,5,10000,300,10,aip-yiweilu,cifar10_ResNet18_barlowtwins_ours_size1__downstream,10,complete,1.3333333376795053,0.2290637395209429
cifar10_ResNet18_barlowtwins_ours_size1__Flowers_lbl1,downstream,CIFAR10,Flowers,ResNet18,ours,barlowtwins,1,1,10000,500,10,aip-yiweilu,cifar10_ResNet18_barlowtwins_ours_size1__downstream,10,complete,1.6441697999835014,0.6513001129021628
cifar10_ResNet18_barlowtwins_ours_size1__Flowers_lbl5,downstream,CIFAR10,Flowers,ResNet18,ours,barlowtwins,1,5,10000,300,10,aip-yiweilu,cifar10_ResNet18_barlowtwins_ours_size1__downstream,10,complete,2.055618818849325,0.5414535010242774
cifar10_ResNet18_barlowtwins_ours_size1__TinyImageNet_lbl1,downstream,CIFAR10,TinyImageNet,ResNet18,ours,barlowtwins,1,1,10000,500,10,aip-yiweilu,cifar10_ResNet18_barlowtwins_ours_size1__downstream,10,complete,1.0859999619424343,0.1565744377359979
cifar10_ResNet18_barlowtwins_ours_size1__TinyImageNet_lbl5,downstream,CIFAR10,TinyImageNet,ResNet18,ours,barlowtwins,1,5,10000,300,10,aip-yiweilu,cifar10_ResNet18_barlowtwins_ours_size1__downstream,10,complete,1.6109999269247055,0.2036581944124783
cifar10_ResNet18_barlowtwins_ours_size2__CIFAR10_lbl1,main,CIFAR10,CIFAR10,ResNet18,ours,barlowtwins,2,1,8000,500,10,aip-boyuwang,cifar10_ResNet18_barlowtwins_ours_size2__main,0,incomplete,,
cifar10_ResNet18_barlowtwins_ours_size2__CIFAR10_lbl5,main,CIFAR10,CIFAR10,ResNet18,ours,barlowtwins,2,5,8000,300,10,aip-boyuwang,cifar10_ResNet18_barlowtwins_ours_size2__main,0,incomplete,,
cifar10_ResNet18_barlowtwins_ours_size2__CIFAR100_lbl1,downstream,CIFAR10,CIFAR100,ResNet18,ours,barlowtwins,2,1,8000,500,10,aip-boyuwang,cifar10_ResNet18_barlowtwins_ours_size2__downstream,0,incomplete,,
cifar10_ResNet18_barlowtwins_ours_size2__CIFAR100_lbl5,downstream,CIFAR10,CIFAR100,ResNet18,ours,barlowtwins,2,5,8000,300,10,aip-boyuwang,cifar10_ResNet18_barlowtwins_ours_size2__downstream,0,incomplete,,
cifar10_ResNet18_barlowtwins_ours_size2__Aircraft_lbl1,downstream,CIFAR10,Aircraft,ResNet18,ours,barlowtwins,2,1,8000,500,10,aip-boyuwang,cifar10_ResNet18_barlowtwins_ours_size2__downstream,0,incomplete,,
cifar10_ResNet18_barlowtwins_ours_size2__Aircraft_lbl5,downstream,CIFAR10,Aircraft,ResNet18,ours,barlowtwins,2,5,8000,300,10,aip-boyuwang,cifar10_ResNet18_barlowtwins_ours_size2__downstream,0,incomplete,,
cifar10_ResNet18_barlowtwins_ours_size2__CUB2011_lbl1,downstream,CIFAR10,CUB2011,ResNet18,ours,barlowtwins,2,1,8000,500,10,aip-boyuwang,cifar10_ResNet18_barlowtwins_ours_size2__downstream,0,incomplete,,
cifar10_ResNet18_barlowtwins_ours_size2__CUB2011_lbl5,downstream,CIFAR10,CUB2011,ResNet18,ours,barlowtwins,2,5,8000,300,10,aip-boyuwang,cifar10_ResNet18_barlowtwins_ours_size2__downstream,0,incomplete,,
cifar10_ResNet18_barlowtwins_ours_size2__Dogs_lbl1,downstream,CIFAR10,Dogs,ResNet18,ours,barlowtwins,2,1,8000,500,10,aip-boyuwang,cifar10_ResNet18_barlowtwins_ours_size2__downstream,0,incomplete,,
cifar10_ResNet18_barlowtwins_ours_size2__Dogs_lbl5,downstream,CIFAR10,Dogs,ResNet18,ours,barlowtwins,2,5,8000,300,10,aip-boyuwang,cifar10_ResNet18_barlowtwins_ours_size2__downstream,0,incomplete,,
cifar10_ResNet18_barlowtwins_ours_size2__Flowers_lbl1,downstream,CIFAR10,Flowers,ResNet18,ours,barlowtwins,2,1,8000,500,10,aip-boyuwang,cifar10_ResNet18_barlowtwins_ours_size2__downstream,0,incomplete,,
cifar10_ResNet18_barlowtwins_ours_size2__Flowers_lbl5,downstream,CIFAR10,Flowers,ResNet18,ours,barlowtwins,2,5,8000,300,10,aip-boyuwang,cifar10_ResNet18_barlowtwins_ours_size2__downstream,0,incomplete,,
cifar10_ResNet18_barlowtwins_ours_size2__TinyImageNet_lbl1,downstream,CIFAR10,TinyImageNet,ResNet18,ours,barlowtwins,2,1,8000,500,10,aip-boyuwang,cifar10_ResNet18_barlowtwins_ours_size2__downstream,0,incomplete,,
cifar10_ResNet18_barlowtwins_ours_size2__TinyImageNet_lbl5,downstream,CIFAR10,TinyImageNet,ResNet18,ours,barlowtwins,2,5,8000,300,10,aip-boyuwang,cifar10_ResNet18_barlowtwins_ours_size2__downstream,0,incomplete,,
cifar10_ResNet18_barlowtwins_ours_size5__CIFAR10_lbl1,main,CIFAR10,CIFAR10,ResNet18,ours,barlowtwins,5,1,6000,500,10,aip-yiweilu,cifar10_ResNet18_barlowtwins_ours_size5__main,0,incomplete,,
cifar10_ResNet18_barlowtwins_ours_size5__CIFAR10_lbl5,main,CIFAR10,CIFAR10,ResNet18,ours,barlowtwins,5,5,6000,300,10,aip-yiweilu,cifar10_ResNet18_barlowtwins_ours_size5__main,0,incomplete,,
cifar10_ResNet18_barlowtwins_ours_size5__CIFAR100_lbl1,downstream,CIFAR10,CIFAR100,ResNet18,ours,barlowtwins,5,1,6000,500,10,aip-boyuwang,cifar10_ResNet18_barlowtwins_ours_size5__downstream,0,incomplete,,
cifar10_ResNet18_barlowtwins_ours_size5__CIFAR100_lbl5,downstream,CIFAR10,CIFAR100,ResNet18,ours,barlowtwins,5,5,6000,300,10,aip-boyuwang,cifar10_ResNet18_barlowtwins_ours_size5__downstream,0,incomplete,,
cifar10_ResNet18_barlowtwins_ours_size5__Aircraft_lbl1,downstream,CIFAR10,Aircraft,ResNet18,ours,barlowtwins,5,1,6000,500,10,aip-boyuwang,cifar10_ResNet18_barlowtwins_ours_size5__downstream,0,incomplete,,
cifar10_ResNet18_barlowtwins_ours_size5__Aircraft_lbl5,downstream,CIFAR10,Aircraft,ResNet18,ours,barlowtwins,5,5,6000,300,10,aip-boyuwang,cifar10_ResNet18_barlowtwins_ours_size5__downstream,0,incomplete,,
cifar10_ResNet18_barlowtwins_ours_size5__CUB2011_lbl1,downstream,CIFAR10,CUB2011,ResNet18,ours,barlowtwins,5,1,6000,500,10,aip-boyuwang,cifar10_ResNet18_barlowtwins_ours_size5__downstream,0,incomplete,,
cifar10_ResNet18_barlowtwins_ours_size5__CUB2011_lbl5,downstream,CIFAR10,CUB2011,ResNet18,ours,barlowtwins,5,5,6000,300,10,aip-boyuwang,cifar10_ResNet18_barlowtwins_ours_size5__downstream,0,incomplete,,
cifar10_ResNet18_barlowtwins_ours_size5__Dogs_lbl1,downstream,CIFAR10,Dogs,ResNet18,ours,barlowtwins,5,1,6000,500,10,aip-boyuwang,cifar10_ResNet18_barlowtwins_ours_size5__downstream,0,incomplete,,
cifar10_ResNet18_barlowtwins_ours_size5__Dogs_lbl5,downstream,CIFAR10,Dogs,ResNet18,ours,barlowtwins,5,5,6000,300,10,aip-boyuwang,cifar10_ResNet18_barlowtwins_ours_size5__downstream,0,incomplete,,
cifar10_ResNet18_barlowtwins_ours_size5__Flowers_lbl1,downstream,CIFAR10,Flowers,ResNet18,ours,barlowtwins,5,1,6000,500,10,aip-boyuwang,cifar10_ResNet18_barlowtwins_ours_size5__downstream,0,incomplete,,
cifar10_ResNet18_barlowtwins_ours_size5__Flowers_lbl5,downstream,CIFAR10,Flowers,ResNet18,ours,barlowtwins,5,5,6000,300,10,aip-boyuwang,cifar10_ResNet18_barlowtwins_ours_size5__downstream,0,incomplete,,
cifar10_ResNet18_barlowtwins_ours_size5__TinyImageNet_lbl1,downstream,CIFAR10,TinyImageNet,ResNet18,ours,barlowtwins,5,1,6000,500,10,aip-boyuwang,cifar10_ResNet18_barlowtwins_ours_size5__downstream,0,incomplete,,
cifar10_ResNet18_barlowtwins_ours_size5__TinyImageNet_lbl5,downstream,CIFAR10,TinyImageNet,ResNet18,ours,barlowtwins,5,5,6000,300,10,aip-boyuwang,cifar10_ResNet18_barlowtwins_ours_size5__downstream,0,incomplete,,
cifar100_ConvNet_simclr_ours_size1__CIFAR100_lbl1,main,CIFAR100,CIFAR100,ConvNet,ours,simclr,1,1,5000,500,10,aip-boyuwang,cifar100_ConvNet_simclr_ours_size1__main,10,complete,11.71399973332882,0.6424465208693019
cifar100_ConvNet_simclr_ours_size1__CIFAR100_lbl5,main,CIFAR100,CIFAR100,ConvNet,ours,simclr,1,5,5000,300,10,aip-boyuwang,cifar100_ConvNet_simclr_ours_size1__main,10,complete,22.0749993622303,0.39413035136438596
cifar100_ConvNet_simclr_ours_size2__CIFAR100_lbl1,main,CIFAR100,CIFAR100,ConvNet,ours,simclr,2,1,4000,500,10,aip-yiweilu,cifar100_ConvNet_simclr_ours_size2__main,10,complete,11.576999723911285,0.4506057810542871
cifar100_ConvNet_simclr_ours_size2__CIFAR100_lbl5,main,CIFAR100,CIFAR100,ConvNet,ours,simclr,2,5,4000,300,10,aip-yiweilu,cifar100_ConvNet_simclr_ours_size2__main,10,complete,22.44199961423874,0.4846489686260284
cifar100_ConvNet_simclr_ours_size5__CIFAR100_lbl1,main,CIFAR100,CIFAR100,ConvNet,ours,simclr,5,1,3000,500,10,aip-boyuwang,cifar100_ConvNet_simclr_ours_size5__main,10,complete,11.138999611139297,0.4681036848453934
cifar100_ConvNet_simclr_ours_size5__CIFAR100_lbl5,main,CIFAR100,CIFAR100,ConvNet,ours,simclr,5,5,3000,300,10,aip-boyuwang,cifar100_ConvNet_simclr_ours_size5__main,10,complete,21.745999306440353,0.6733697757295087
cifar100_ConvNet_barlowtwins_ours_size1__CIFAR100_lbl1,main,CIFAR100,CIFAR100,ConvNet,ours,barlowtwins,1,1,10000,500,10,aip-boyuwang,cifar100_ConvNet_barlowtwins_ours_size1__main,10,complete,7.287999875843525,0.7812781713325273
cifar100_ConvNet_barlowtwins_ours_size1__CIFAR100_lbl5,main,CIFAR100,CIFAR100,ConvNet,ours,barlowtwins,1,5,10000,300,10,aip-boyuwang,cifar100_ConvNet_barlowtwins_ours_size1__main,10,complete,13.1659996509552,0.9160083088704786
cifar100_ConvNet_barlowtwins_ours_size2__CIFAR100_lbl1,main,CIFAR100,CIFAR100,ConvNet,ours,barlowtwins,2,1,8000,500,10,aip-boyuwang,cifar100_ConvNet_barlowtwins_ours_size2__main,10,complete,8.264999762177467,0.5817072955047824
cifar100_ConvNet_barlowtwins_ours_size2__CIFAR100_lbl5,main,CIFAR100,CIFAR100,ConvNet,ours,barlowtwins,2,5,8000,300,10,aip-boyuwang,cifar100_ConvNet_barlowtwins_ours_size2__main,10,complete,15.99299967288971,1.0262231276997753
cifar100_ConvNet_barlowtwins_ours_size5__CIFAR100_lbl1,main,CIFAR100,CIFAR100,ConvNet,ours,barlowtwins,5,1,6000,500,10,aip-boyuwang,cifar100_ConvNet_barlowtwins_ours_size5__main,10,complete,8.644999712705612,0.5227757562678558
cifar100_ConvNet_barlowtwins_ours_size5__CIFAR100_lbl5,main,CIFAR100,CIFAR100,ConvNet,ours,barlowtwins,5,5,6000,300,10,aip-boyuwang,cifar100_ConvNet_barlowtwins_ours_size5__main,10,complete,16.863999664783478,0.6954328304269896
cifar100_VGG11_simclr_ours_size1__CIFAR100_lbl1,main,CIFAR100,CIFAR100,VGG11,ours,simclr,1,1,5000,500,10,aip-yiweilu,cifar100_VGG11_simclr_ours_size1__main,10,complete,4.73099984228611,0.8497640016813915
cifar100_VGG11_simclr_ours_size1__CIFAR100_lbl5,main,CIFAR100,CIFAR100,VGG11,ours,simclr,1,5,5000,300,10,aip-yiweilu,cifar100_VGG11_simclr_ours_size1__main,10,complete,7.602999806404114,1.4950588293256066
cifar100_VGG11_simclr_ours_size2__CIFAR100_lbl1,main,CIFAR100,CIFAR100,VGG11,ours,simclr,2,1,4000,500,10,aip-boyuwang,cifar100_VGG11_simclr_ours_size2__main,10,complete,5.597999878227711,0.5175111092564282
cifar100_VGG11_simclr_ours_size2__CIFAR100_lbl5,main,CIFAR100,CIFAR100,VGG11,ours,simclr,2,5,4000,300,10,aip-boyuwang,cifar100_VGG11_simclr_ours_size2__main,10,complete,9.40499983727932,0.38696100785898346
cifar100_VGG11_simclr_ours_size5__CIFAR100_lbl1,main,CIFAR100,CIFAR100,VGG11,ours,simclr,5,1,3000,500,10,aip-boyuwang,cifar100_VGG11_simclr_ours_size5__main,10,complete,6.3669997081160545,0.5416650904775819
cifar100_VGG11_simclr_ours_size5__CIFAR100_lbl5,main,CIFAR100,CIFAR100,VGG11,ours,simclr,5,5,3000,300,10,aip-boyuwang,cifar100_VGG11_simclr_ours_size5__main,10,complete,10.627999752759933,0.511116265126868
cifar100_VGG11_barlowtwins_ours_size1__CIFAR100_lbl1,main,CIFAR100,CIFAR100,VGG11,ours,barlowtwins,1,1,10000,500,10,aip-boyuwang,cifar100_VGG11_barlowtwins_ours_size1__main,10,complete,1.4259999711066484,0.35721762936157414
cifar100_VGG11_barlowtwins_ours_size1__CIFAR100_lbl5,main,CIFAR100,CIFAR100,VGG11,ours,barlowtwins,1,5,10000,300,10,aip-boyuwang,cifar100_VGG11_barlowtwins_ours_size1__main,10,complete,2.0309999864548445,0.5815964971419981
cifar100_VGG11_barlowtwins_ours_size2__CIFAR100_lbl1,main,CIFAR100,CIFAR100,VGG11,ours,barlowtwins,2,1,8000,500,10,aip-boyuwang,cifar100_VGG11_barlowtwins_ours_size2__main,10,complete,1.5349999535828829,0.46258329982186575
cifar100_VGG11_barlowtwins_ours_size2__CIFAR100_lbl5,main,CIFAR100,CIFAR100,VGG11,ours,barlowtwins,2,5,8000,300,10,aip-boyuwang,cifar100_VGG11_barlowtwins_ours_size2__main,10,complete,2.029999978840351,0.7995971165506156
cifar100_VGG11_barlowtwins_ours_size5__CIFAR100_lbl1,main,CIFAR100,CIFAR100,VGG11,ours,barlowtwins,5,1,6000,500,10,aip-yiweilu,cifar100_VGG11_barlowtwins_ours_size5__main,10,complete,1.7059999611228704,0.5324826553439712
cifar100_VGG11_barlowtwins_ours_size5__CIFAR100_lbl5,main,CIFAR100,CIFAR100,VGG11,ours,barlowtwins,5,5,6000,300,10,aip-yiweilu,cifar100_VGG11_barlowtwins_ours_size5__main,10,complete,2.488999953493476,0.9302741437213767
cifar100_ResNet18_simclr_ours_size1__CIFAR100_lbl1,main,CIFAR100,CIFAR100,ResNet18,ours,simclr,1,1,5000,500,10,aip-boyuwang,cifar100_ResNet18_simclr_ours_size1__main,10,complete,5.2799999341368675,0.5205125910244082
cifar100_ResNet18_simclr_ours_size1__CIFAR100_lbl5,main,CIFAR100,CIFAR100,ResNet18,ours,simclr,1,5,5000,300,10,aip-boyuwang,cifar100_ResNet18_simclr_ours_size1__main,10,complete,8.999999761581421,0.48666655949264526
cifar100_ResNet18_simclr_ours_size1__TinyImageNet_lbl1,downstream,CIFAR100,TinyImageNet,ResNet18,ours,simclr,1,1,5000,500,10,aip-boyuwang,cifar100_ResNet18_simclr_ours_size1__downstream,10,complete,1.9419999234378338,0.16711937542851538
cifar100_ResNet18_simclr_ours_size1__TinyImageNet_lbl5,downstream,CIFAR100,TinyImageNet,ResNet18,ours,simclr,1,5,5000,300,10,aip-boyuwang,cifar100_ResNet18_simclr_ours_size1__downstream,10,complete,3.107999935746193,0.20820932938408412
cifar100_ResNet18_simclr_ours_size1__CIFAR10_lbl1,downstream,CIFAR100,CIFAR10,ResNet18,ours,simclr,1,1,5000,500,10,aip-boyuwang,cifar100_ResNet18_simclr_ours_size1__downstream,10,complete,28.46899926662445,1.1417865491916894
cifar100_ResNet18_simclr_ours_size1__CIFAR10_lbl5,downstream,CIFAR100,CIFAR10,ResNet18,ours,simclr,1,5,5000,300,10,aip-boyuwang,cifar100_ResNet18_simclr_ours_size1__downstream,10,complete,33.571999073028564,0.9846237796772042
cifar100_ResNet18_simclr_ours_size1__Aircraft_lbl1,downstream,CIFAR100,Aircraft,ResNet18,ours,simclr,1,1,5000,500,10,aip-boyuwang,cifar100_ResNet18_simclr_ours_size1__downstream,10,complete,1.8991898465901613,0.26762721039430737
cifar100_ResNet18_simclr_ours_size1__Aircraft_lbl5,downstream,CIFAR100,Aircraft,ResNet18,ours,simclr,1,5,5000,300,10,aip-boyuwang,cifar100_ResNet18_simclr_ours_size1__downstream,10,complete,2.7932792343199253,0.33062345691872436
cifar100_ResNet18_simclr_ours_size1__CUB2011_lbl1,downstream,CIFAR100,CUB2011,ResNet18,ours,simclr,1,1,5000,500,10,aip-boyuwang,cifar100_ResNet18_simclr_ours_size1__downstream,10,complete,0.9181912150233984,0.13657956684119765
cifar100_ResNet18_simclr_ours_size1__CUB2011_lbl5,downstream,CIFAR100,CUB2011,ResNet18,ours,simclr,1,5,5000,300,10,aip-boyuwang,cifar100_ResNet18_simclr_ours_size1__downstream,10,complete,1.1598205007612705,0.17914164490724896
cifar100_ResNet18_simclr_ours_size1__Dogs_lbl1,downstream,CIFAR100,Dogs,ResNet18,ours,simclr,1,1,5000,500,10,aip-boyuwang,cifar100_ResNet18_simclr_ours_size1__downstream,10,complete,1.363636376336217,0.1715571329043674
cifar100_ResNet18_simclr_ours_size1__Dogs_lbl5,downstream,CIFAR100,Dogs,ResNet18,ours,simclr,1,5,5000,300,10,aip-boyuwang,cifar100_ResNet18_simclr_ours_size1__downstream,10,complete,1.8030302692204714,0.21434873987686986
cifar100_ResNet18_simclr_ours_size1__Flowers_lbl1,downstream,CIFAR100,Flowers,ResNet18,ours,simclr,1,1,5000,500,10,aip-boyuwang,cifar100_ResNet18_simclr_ours_size1__downstream,10,complete,2.275166744366288,0.7161977195699458
cifar100_ResNet18_simclr_ours_size1__Flowers_lbl5,downstream,CIFAR100,Flowers,ResNet18,ours,simclr,1,5,5000,300,10,aip-boyuwang,cifar100_ResNet18_simclr_ours_size1__downstream,10,complete,3.5745650343596935,0.8292721391018398
cifar100_ResNet18_simclr_ours_size2__CIFAR100_lbl1,main,CIFAR100,CIFAR100,ResNet18,ours,simclr,2,1,4000,500,10,aip-yiweilu,cifar100_ResNet18_simclr_ours_size2__main,10,complete,5.726999826729298,0.2633142987790757
cifar100_ResNet18_simclr_ours_size2__CIFAR100_lbl5,main,CIFAR100,CIFAR100,ResNet18,ours,simclr,2,5,4000,300,10,aip-yiweilu,cifar100_ResNet18_simclr_ours_size2__main,10,complete,9.426999688148499,0.34963641340616214
cifar100_ResNet18_simclr_ours_size2__TinyImageNet_lbl1,downstream,CIFAR100,TinyImageNet,ResNet18,ours,simclr,2,1,4000,500,10,aip-boyuwang,cifar100_ResNet18_simclr_ours_size2__downstream,10,complete,2.0489999651908875,0.22412543152666967
cifar100_ResNet18_simclr_ours_size2__TinyImageNet_lbl5,downstream,CIFAR100,TinyImageNet,ResNet18,ours,simclr,2,5,4000,300,10,aip-boyuwang,cifar100_ResNet18_simclr_ours_size2__downstream,10,complete,3.3649999275803566,0.13566709512422062
cifar100_ResNet18_simclr_ours_size2__CIFAR10_lbl1,downstream,CIFAR100,CIFAR10,ResNet18,ours,simclr,2,1,4000,500,10,aip-boyuwang,cifar100_ResNet18_simclr_ours_size2__downstream,10,complete,30.17999917268753,0.8929720978736411
cifar100_ResNet18_simclr_ours_size2__CIFAR10_lbl5,downstream,CIFAR100,CIFAR10,ResNet18,ours,simclr,2,5,4000,300,10,aip-boyuwang,cifar100_ResNet18_simclr_ours_size2__downstream,10,complete,36.217999160289764,0.7462021098305702
cifar100_ResNet18_simclr_ours_size2__Aircraft_lbl1,downstream,CIFAR100,Aircraft,ResNet18,ours,simclr,2,1,4000,500,10,aip-boyuwang,cifar100_ResNet18_simclr_ours_size2__downstream,10,complete,2.055205460637808,0.33086533959988007
cifar100_ResNet18_simclr_ours_size2__Aircraft_lbl5,downstream,CIFAR100,Aircraft,ResNet18,ours,simclr,2,5,4000,300,10,aip-boyuwang,cifar100_ResNet18_simclr_ours_size2__downstream,10,complete,2.6972696185112,0.22203569356966738
cifar100_ResNet18_simclr_ours_size2__CUB2011_lbl1,downstream,CIFAR100,CUB2011,ResNet18,ours,simclr,2,1,4000,500,10,aip-boyuwang,cifar100_ResNet18_simclr_ours_size2__downstream,10,complete,0.9837763290852308,0.2428589398515546
cifar100_ResNet18_simclr_ours_size2__CUB2011_lbl5,downstream,CIFAR100,CUB2011,ResNet18,ours,simclr,2,5,4000,300,10,aip-boyuwang,cifar100_ResNet18_simclr_ours_size2__downstream,10,complete,1.265101833269,0.19561311021795816
cifar100_ResNet18_simclr_ours_size2__Dogs_lbl1,downstream,CIFAR100,Dogs,ResNet18,ours,simclr,2,1,4000,500,10,aip-boyuwang,cifar100_ResNet18_simclr_ours_size2__downstream,10,complete,1.417249422520399,0.13693743693844349
cifar100_ResNet18_simclr_ours_size2__Dogs_lbl5,downstream,CIFAR100,Dogs,ResNet18,ours,simclr,2,5,4000,300,10,aip-boyuwang,cifar100_ResNet18_simclr_ours_size2__downstream,10,complete,1.8857808969914913,0.21270529406941718
cifar100_ResNet18_simclr_ours_size2__Flowers_lbl1,downstream,CIFAR100,Flowers,ResNet18,ours,simclr,2,1,4000,500,10,aip-boyuwang,cifar100_ResNet18_simclr_ours_size2__downstream,10,complete,2.2393885161727667,0.7964182927313086
cifar100_ResNet18_simclr_ours_size2__Flowers_lbl5,downstream,CIFAR100,Flowers,ResNet18,ours,simclr,2,5,4000,300,10,aip-boyuwang,cifar100_ResNet18_simclr_ours_size2__downstream,10,complete,3.4607253968715668,0.8400456705707682
cifar100_ResNet18_simclr_ours_size5__CIFAR100_lbl1,main,CIFAR100,CIFAR100,ResNet18,ours,simclr,5,1,3000,500,10,aip-boyuwang,cifar100_ResNet18_simclr_ours_size5__main,0,incomplete,,
cifar100_ResNet18_simclr_ours_size5__CIFAR100_lbl5,main,CIFAR100,CIFAR100,ResNet18,ours,simclr,5,5,3000,300,10,aip-boyuwang,cifar100_ResNet18_simclr_ours_size5__main,0,incomplete,,
cifar100_ResNet18_simclr_ours_size5__TinyImageNet_lbl1,downstream,CIFAR100,TinyImageNet,ResNet18,ours,simclr,5,1,3000,500,10,aip-boyuwang,cifar100_ResNet18_simclr_ours_size5__downstream,0,incomplete,,
cifar100_ResNet18_simclr_ours_size5__TinyImageNet_lbl5,downstream,CIFAR100,TinyImageNet,ResNet18,ours,simclr,5,5,3000,300,10,aip-boyuwang,cifar100_ResNet18_simclr_ours_size5__downstream,0,incomplete,,
cifar100_ResNet18_simclr_ours_size5__CIFAR10_lbl1,downstream,CIFAR100,CIFAR10,ResNet18,ours,simclr,5,1,3000,500,10,aip-boyuwang,cifar100_ResNet18_simclr_ours_size5__downstream,0,incomplete,,
cifar100_ResNet18_simclr_ours_size5__CIFAR10_lbl5,downstream,CIFAR100,CIFAR10,ResNet18,ours,simclr,5,5,3000,300,10,aip-boyuwang,cifar100_ResNet18_simclr_ours_size5__downstream,0,incomplete,,
cifar100_ResNet18_simclr_ours_size5__Aircraft_lbl1,downstream,CIFAR100,Aircraft,ResNet18,ours,simclr,5,1,3000,500,10,aip-boyuwang,cifar100_ResNet18_simclr_ours_size5__downstream,0,incomplete,,
cifar100_ResNet18_simclr_ours_size5__Aircraft_lbl5,downstream,CIFAR100,Aircraft,ResNet18,ours,simclr,5,5,3000,300,10,aip-boyuwang,cifar100_ResNet18_simclr_ours_size5__downstream,0,incomplete,,
cifar100_ResNet18_simclr_ours_size5__CUB2011_lbl1,downstream,CIFAR100,CUB2011,ResNet18,ours,simclr,5,1,3000,500,10,aip-boyuwang,cifar100_ResNet18_simclr_ours_size5__downstream,0,incomplete,,
cifar100_ResNet18_simclr_ours_size5__CUB2011_lbl5,downstream,CIFAR100,CUB2011,ResNet18,ours,simclr,5,5,3000,300,10,aip-boyuwang,cifar100_ResNet18_simclr_ours_size5__downstream,0,incomplete,,
cifar100_ResNet18_simclr_ours_size5__Dogs_lbl1,downstream,CIFAR100,Dogs,ResNet18,ours,simclr,5,1,3000,500,10,aip-boyuwang,cifar100_ResNet18_simclr_ours_size5__downstream,0,incomplete,,
cifar100_ResNet18_simclr_ours_size5__Dogs_lbl5,downstream,CIFAR100,Dogs,ResNet18,ours,simclr,5,5,3000,300,10,aip-boyuwang,cifar100_ResNet18_simclr_ours_size5__downstream,0,incomplete,,
cifar100_ResNet18_simclr_ours_size5__Flowers_lbl1,downstream,CIFAR100,Flowers,ResNet18,ours,simclr,5,1,3000,500,10,aip-boyuwang,cifar100_ResNet18_simclr_ours_size5__downstream,0,incomplete,,
cifar100_ResNet18_simclr_ours_size5__Flowers_lbl5,downstream,CIFAR100,Flowers,ResNet18,ours,simclr,5,5,3000,300,10,aip-boyuwang,cifar100_ResNet18_simclr_ours_size5__downstream,0,incomplete,,
cifar100_ResNet18_barlowtwins_ours_size1__CIFAR100_lbl1,main,CIFAR100,CIFAR100,ResNet18,ours,barlowtwins,1,1,10000,500,10,aip-boyuwang,cifar100_ResNet18_barlowtwins_ours_size1__main,10,complete,3.0379999428987503,0.3787053744701425
cifar100_ResNet18_barlowtwins_ours_size1__CIFAR100_lbl5,main,CIFAR100,CIFAR100,ResNet18,ours,barlowtwins,1,5,10000,300,10,aip-boyuwang,cifar100_ResNet18_barlowtwins_ours_size1__main,10,complete,4.871999844908714,0.4238395338566386
cifar100_ResNet18_barlowtwins_ours_size1__TinyImageNet_lbl1,downstream,CIFAR100,TinyImageNet,ResNet18,ours,barlowtwins,1,1,10000,500,10,aip-boyuwang,cifar100_ResNet18_barlowtwins_ours_size1__downstream,10,complete,1.1149999685585499,0.23519492948124857
cifar100_ResNet18_barlowtwins_ours_size1__TinyImageNet_lbl5,downstream,CIFAR100,TinyImageNet,ResNet18,ours,barlowtwins,1,5,10000,300,10,aip-boyuwang,cifar100_ResNet18_barlowtwins_ours_size1__downstream,10,complete,1.744999960064888,0.3378773383667412
cifar100_ResNet18_barlowtwins_ours_size1__CIFAR10_lbl1,downstream,CIFAR100,CIFAR10,ResNet18,ours,barlowtwins,1,1,10000,500,10,aip-boyuwang,cifar100_ResNet18_barlowtwins_ours_size1__downstream,10,complete,23.203999400138855,2.1849493133938873
cifar100_ResNet18_barlowtwins_ours_size1__CIFAR10_lbl5,downstream,CIFAR100,CIFAR10,ResNet18,ours,barlowtwins,1,5,10000,300,10,aip-boyuwang,cifar100_ResNet18_barlowtwins_ours_size1__downstream,10,complete,27.61399894952774,1.7610492657024328
cifar100_ResNet18_barlowtwins_ours_size1__Aircraft_lbl1,downstream,CIFAR100,Aircraft,ResNet18,ours,barlowtwins,1,1,10000,500,10,aip-boyuwang,cifar100_ResNet18_barlowtwins_ours_size1__downstream,10,complete,1.5901589393615723,0.26422332172047736
cifar100_ResNet18_barlowtwins_ours_size1__Aircraft_lbl5,downstream,CIFAR100,Aircraft,ResNet18,ours,barlowtwins,1,5,10000,300,10,aip-boyuwang,cifar100_ResNet18_barlowtwins_ours_size1__downstream,10,complete,2.091209050267935,0.22982724514305658
cifar100_ResNet18_barlowtwins_ours_size1__CUB2011_lbl1,downstream,CIFAR100,CUB2011,ResNet18,ours,barlowtwins,1,1,10000,500,10,aip-boyuwang,cifar100_ResNet18_barlowtwins_ours_size1__downstream,10,complete,0.7628581346943974,0.12546459232139895
cifar100_ResNet18_barlowtwins_ours_size1__CUB2011_lbl5,downstream,CIFAR100,CUB2011,ResNet18,ours,barlowtwins,1,5,10000,300,10,aip-boyuwang,cifar100_ResNet18_barlowtwins_ours_size1__downstream,10,complete,0.788746983744204,0.14326204348123314
cifar100_ResNet18_barlowtwins_ours_size1__Dogs_lbl1,downstream,CIFAR100,Dogs,ResNet18,ours,barlowtwins,1,1,10000,500,10,aip-boyuwang,cifar100_ResNet18_barlowtwins_ours_size1__downstream,10,complete,1.101398579776287,0.20800196840493776
cifar100_ResNet18_barlowtwins_ours_size1__Dogs_lbl5,downstream,CIFAR100,Dogs,ResNet18,ours,barlowtwins,1,5,10000,300,10,aip-boyuwang,cifar100_ResNet18_barlowtwins_ours_size1__downstream,10,complete,1.3356643356382847,0.19231357069331292
cifar100_ResNet18_barlowtwins_ours_size1__Flowers_lbl1,downstream,CIFAR100,Flowers,ResNet18,ours,barlowtwins,1,1,10000,500,10,aip-boyuwang,cifar100_ResNet18_barlowtwins_ours_size1__downstream,10,complete,1.666937731206417,0.4735956016563041
cifar100_ResNet18_barlowtwins_ours_size1__Flowers_lbl5,downstream,CIFAR100,Flowers,ResNet18,ours,barlowtwins,1,5,10000,300,10,aip-boyuwang,cifar100_ResNet18_barlowtwins_ours_size1__downstream,10,complete,1.8442023452371359,0.5721180655324115
cifar100_ResNet18_barlowtwins_ours_size2__CIFAR100_lbl1,main,CIFAR100,CIFAR100,ResNet18,ours,barlowtwins,2,1,8000,500,10,aip-boyuwang,cifar100_ResNet18_barlowtwins_ours_size2__main,0,incomplete,,
cifar100_ResNet18_barlowtwins_ours_size2__CIFAR100_lbl5,main,CIFAR100,CIFAR100,ResNet18,ours,barlowtwins,2,5,8000,300,10,aip-boyuwang,cifar100_ResNet18_barlowtwins_ours_size2__main,0,incomplete,,
cifar100_ResNet18_barlowtwins_ours_size2__TinyImageNet_lbl1,downstream,CIFAR100,TinyImageNet,ResNet18,ours,barlowtwins,2,1,8000,500,10,aip-yiweilu,cifar100_ResNet18_barlowtwins_ours_size2__downstream,0,incomplete,,
cifar100_ResNet18_barlowtwins_ours_size2__TinyImageNet_lbl5,downstream,CIFAR100,TinyImageNet,ResNet18,ours,barlowtwins,2,5,8000,300,10,aip-yiweilu,cifar100_ResNet18_barlowtwins_ours_size2__downstream,0,incomplete,,
cifar100_ResNet18_barlowtwins_ours_size2__CIFAR10_lbl1,downstream,CIFAR100,CIFAR10,ResNet18,ours,barlowtwins,2,1,8000,500,10,aip-yiweilu,cifar100_ResNet18_barlowtwins_ours_size2__downstream,0,incomplete,,
cifar100_ResNet18_barlowtwins_ours_size2__CIFAR10_lbl5,downstream,CIFAR100,CIFAR10,ResNet18,ours,barlowtwins,2,5,8000,300,10,aip-yiweilu,cifar100_ResNet18_barlowtwins_ours_size2__downstream,0,incomplete,,
cifar100_ResNet18_barlowtwins_ours_size2__Aircraft_lbl1,downstream,CIFAR100,Aircraft,ResNet18,ours,barlowtwins,2,1,8000,500,10,aip-yiweilu,cifar100_ResNet18_barlowtwins_ours_size2__downstream,0,incomplete,,
cifar100_ResNet18_barlowtwins_ours_size2__Aircraft_lbl5,downstream,CIFAR100,Aircraft,ResNet18,ours,barlowtwins,2,5,8000,300,10,aip-yiweilu,cifar100_ResNet18_barlowtwins_ours_size2__downstream,0,incomplete,,
cifar100_ResNet18_barlowtwins_ours_size2__CUB2011_lbl1,downstream,CIFAR100,CUB2011,ResNet18,ours,barlowtwins,2,1,8000,500,10,aip-yiweilu,cifar100_ResNet18_barlowtwins_ours_size2__downstream,0,incomplete,,
cifar100_ResNet18_barlowtwins_ours_size2__CUB2011_lbl5,downstream,CIFAR100,CUB2011,ResNet18,ours,barlowtwins,2,5,8000,300,10,aip-yiweilu,cifar100_ResNet18_barlowtwins_ours_size2__downstream,0,incomplete,,
cifar100_ResNet18_barlowtwins_ours_size2__Dogs_lbl1,downstream,CIFAR100,Dogs,ResNet18,ours,barlowtwins,2,1,8000,500,10,aip-yiweilu,cifar100_ResNet18_barlowtwins_ours_size2__downstream,0,incomplete,,
cifar100_ResNet18_barlowtwins_ours_size2__Dogs_lbl5,downstream,CIFAR100,Dogs,ResNet18,ours,barlowtwins,2,5,8000,300,10,aip-yiweilu,cifar100_ResNet18_barlowtwins_ours_size2__downstream,0,incomplete,,
cifar100_ResNet18_barlowtwins_ours_size2__Flowers_lbl1,downstream,CIFAR100,Flowers,ResNet18,ours,barlowtwins,2,1,8000,500,10,aip-yiweilu,cifar100_ResNet18_barlowtwins_ours_size2__downstream,0,incomplete,,
cifar100_ResNet18_barlowtwins_ours_size2__Flowers_lbl5,downstream,CIFAR100,Flowers,ResNet18,ours,barlowtwins,2,5,8000,300,10,aip-yiweilu,cifar100_ResNet18_barlowtwins_ours_size2__downstream,0,incomplete,,
cifar100_ResNet18_barlowtwins_ours_size5__CIFAR100_lbl1,main,CIFAR100,CIFAR100,ResNet18,ours,barlowtwins,5,1,6000,500,10,aip-boyuwang,cifar100_ResNet18_barlowtwins_ours_size5__main,0,incomplete,,
cifar100_ResNet18_barlowtwins_ours_size5__CIFAR100_lbl5,main,CIFAR100,CIFAR100,ResNet18,ours,barlowtwins,5,5,6000,300,10,aip-boyuwang,cifar100_ResNet18_barlowtwins_ours_size5__main,0,incomplete,,
cifar100_ResNet18_barlowtwins_ours_size5__TinyImageNet_lbl1,downstream,CIFAR100,TinyImageNet,ResNet18,ours,barlowtwins,5,1,6000,500,10,aip-boyuwang,cifar100_ResNet18_barlowtwins_ours_size5__downstream,0,incomplete,,
cifar100_ResNet18_barlowtwins_ours_size5__TinyImageNet_lbl5,downstream,CIFAR100,TinyImageNet,ResNet18,ours,barlowtwins,5,5,6000,300,10,aip-boyuwang,cifar100_ResNet18_barlowtwins_ours_size5__downstream,0,incomplete,,
cifar100_ResNet18_barlowtwins_ours_size5__CIFAR10_lbl1,downstream,CIFAR100,CIFAR10,ResNet18,ours,barlowtwins,5,1,6000,500,10,aip-boyuwang,cifar100_ResNet18_barlowtwins_ours_size5__downstream,0,incomplete,,
cifar100_ResNet18_barlowtwins_ours_size5__CIFAR10_lbl5,downstream,CIFAR100,CIFAR10,ResNet18,ours,barlowtwins,5,5,6000,300,10,aip-boyuwang,cifar100_ResNet18_barlowtwins_ours_size5__downstream,0,incomplete,,
cifar100_ResNet18_barlowtwins_ours_size5__Aircraft_lbl1,downstream,CIFAR100,Aircraft,ResNet18,ours,barlowtwins,5,1,6000,500,10,aip-boyuwang,cifar100_ResNet18_barlowtwins_ours_size5__downstream,0,incomplete,,
cifar100_ResNet18_barlowtwins_ours_size5__Aircraft_lbl5,downstream,CIFAR100,Aircraft,ResNet18,ours,barlowtwins,5,5,6000,300,10,aip-boyuwang,cifar100_ResNet18_barlowtwins_ours_size5__downstream,0,incomplete,,
cifar100_ResNet18_barlowtwins_ours_size5__CUB2011_lbl1,downstream,CIFAR100,CUB2011,ResNet18,ours,barlowtwins,5,1,6000,500,10,aip-boyuwang,cifar100_ResNet18_barlowtwins_ours_size5__downstream,0,incomplete,,
cifar100_ResNet18_barlowtwins_ours_size5__CUB2011_lbl5,downstream,CIFAR100,CUB2011,ResNet18,ours,barlowtwins,5,5,6000,300,10,aip-boyuwang,cifar100_ResNet18_barlowtwins_ours_size5__downstream,0,incomplete,,
cifar100_ResNet18_barlowtwins_ours_size5__Dogs_lbl1,downstream,CIFAR100,Dogs,ResNet18,ours,barlowtwins,5,1,6000,500,10,aip-boyuwang,cifar100_ResNet18_barlowtwins_ours_size5__downstream,0,incomplete,,
cifar100_ResNet18_barlowtwins_ours_size5__Dogs_lbl5,downstream,CIFAR100,Dogs,ResNet18,ours,barlowtwins,5,5,6000,300,10,aip-boyuwang,cifar100_ResNet18_barlowtwins_ours_size5__downstream,0,incomplete,,
cifar100_ResNet18_barlowtwins_ours_size5__Flowers_lbl1,downstream,CIFAR100,Flowers,ResNet18,ours,barlowtwins,5,1,6000,500,10,aip-boyuwang,cifar100_ResNet18_barlowtwins_ours_size5__downstream,0,incomplete,,
cifar100_ResNet18_barlowtwins_ours_size5__Flowers_lbl5,downstream,CIFAR100,Flowers,ResNet18,ours,barlowtwins,5,5,6000,300,10,aip-boyuwang,cifar100_ResNet18_barlowtwins_ours_size5__downstream,0,incomplete,,
