2026-10-09T04:37:09Z	1411487	/scratch/mmoslem3/MKDT/benchmarks/downstream/preflight.sh
2026-10-09T04:37:09Z	1411488	/scratch/mmoslem3/MKDT/benchmarks/downstream/prepare_selections.sh
2026-10-09T04:37:09Z	1411489	/scratch/mmoslem3/MKDT/benchmarks/downstream/jobs/prepare/CIFAR100.sh
2026-10-09T04:37:09Z	1411490	/scratch/mmoslem3/MKDT/benchmarks/downstream/jobs/prepare/Aircraft.sh
2026-10-09T04:37:09Z	1411491	/scratch/mmoslem3/MKDT/benchmarks/downstream/jobs/prepare/CUB2011.sh
2026-10-09T04:37:09Z	1411492	/scratch/mmoslem3/MKDT/benchmarks/downstream/jobs/prepare/Dogs.sh
2026-10-09T04:37:09Z	1411493	/scratch/mmoslem3/MKDT/benchmarks/downstream/jobs/prepare/Flowers.sh
2026-10-09T04:37:09Z	1411494	/scratch/mmoslem3/MKDT/benchmarks/downstream/jobs/prepare/TinyImageNet.sh
2026-10-09T04:37:09Z	1411495	/scratch/mmoslem3/MKDT/benchmarks/downstream/jobs/pretrain/ConvNet_barlowtwins_kmeans_size1.sh
2026-10-09T04:37:09Z	1411496	/scratch/mmoslem3/MKDT/benchmarks/downstream/jobs/pretrain/ConvNet_barlowtwins_kmeans_size2.sh
2026-10-09T04:37:09Z	1411497	/scratch/mmoslem3/MKDT/benchmarks/downstream/jobs/pretrain/ConvNet_barlowtwins_kmeans_size5.sh
2026-10-09T04:37:09Z	1411498	/scratch/mmoslem3/MKDT/benchmarks/downstream/jobs/pretrain/ConvNet_barlowtwins_random_size1.sh
2026-10-09T04:37:09Z	1411499	/scratch/mmoslem3/MKDT/benchmarks/downstream/jobs/pretrain/ConvNet_barlowtwins_random_size2.sh
2026-10-09T04:37:09Z	1411500	/scratch/mmoslem3/MKDT/benchmarks/downstream/jobs/pretrain/ConvNet_barlowtwins_random_size5.sh
2026-10-09T04:37:09Z	1411501	/scratch/mmoslem3/MKDT/benchmarks/downstream/jobs/pretrain/ConvNet_simclr_kmeans_size1.sh
2026-10-09T04:37:09Z	1411502	/scratch/mmoslem3/MKDT/benchmarks/downstream/jobs/pretrain/ConvNet_simclr_kmeans_size2.sh
2026-10-09T04:37:09Z	1411503	/scratch/mmoslem3/MKDT/benchmarks/downstream/jobs/pretrain/ConvNet_simclr_kmeans_size5.sh
2026-10-09T04:37:09Z	1411504	/scratch/mmoslem3/MKDT/benchmarks/downstream/jobs/pretrain/ConvNet_simclr_random_size1.sh
2026-10-09T04:37:09Z	1411505	/scratch/mmoslem3/MKDT/benchmarks/downstream/jobs/pretrain/ConvNet_simclr_random_size2.sh
2026-10-09T04:37:09Z	1411506	/scratch/mmoslem3/MKDT/benchmarks/downstream/jobs/pretrain/ConvNet_simclr_random_size5.sh
2026-10-09T04:37:09Z	1411507	/scratch/mmoslem3/MKDT/benchmarks/downstream/jobs/pretrain/ResNet18_barlowtwins_kmeans_size1.sh
2026-10-09T04:37:09Z	1411508	/scratch/mmoslem3/MKDT/benchmarks/downstream/jobs/pretrain/ResNet18_barlowtwins_kmeans_size2.sh
2026-10-09T04:37:10Z	1411509	/scratch/mmoslem3/MKDT/benchmarks/downstream/jobs/pretrain/ResNet18_barlowtwins_kmeans_size5.sh
2026-10-09T04:37:10Z	1411510	/scratch/mmoslem3/MKDT/benchmarks/downstream/jobs/pretrain/ResNet18_barlowtwins_random_size1.sh
2026-10-09T04:37:10Z	1411511	/scratch/mmoslem3/MKDT/benchmarks/downstream/jobs/pretrain/ResNet18_barlowtwins_random_size2.sh
2026-10-09T04:37:10Z	1411512	/scratch/mmoslem3/MKDT/benchmarks/downstream/jobs/pretrain/ResNet18_barlowtwins_random_size5.sh
2026-10-09T04:37:10Z	1411513	/scratch/mmoslem3/MKDT/benchmarks/downstream/jobs/pretrain/ResNet18_simclr_kmeans_size1.sh
2026-10-09T04:37:10Z	1411514	/scratch/mmoslem3/MKDT/benchmarks/downstream/jobs/pretrain/ResNet18_simclr_kmeans_size2.sh
2026-10-09T04:37:10Z	1411515	/scratch/mmoslem3/MKDT/benchmarks/downstream/jobs/pretrain/ResNet18_simclr_kmeans_size5.sh
2026-10-09T04:37:10Z	1411516	/scratch/mmoslem3/MKDT/benchmarks/downstream/jobs/pretrain/ResNet18_simclr_random_size1.sh
2026-10-09T04:37:10Z	1411517	/scratch/mmoslem3/MKDT/benchmarks/downstream/jobs/pretrain/ResNet18_simclr_random_size2.sh
2026-10-09T04:37:10Z	1411518	/scratch/mmoslem3/MKDT/benchmarks/downstream/jobs/pretrain/ResNet18_simclr_random_size5.sh
2026-10-09T04:37:10Z	1411519	/scratch/mmoslem3/MKDT/benchmarks/downstream/jobs/pretrain/VGG11_barlowtwins_kmeans_size1.sh
2026-10-09T04:37:10Z	1411520	/scratch/mmoslem3/MKDT/benchmarks/downstream/jobs/pretrain/VGG11_barlowtwins_kmeans_size2.sh
2026-10-09T04:37:10Z	1411521	/scratch/mmoslem3/MKDT/benchmarks/downstream/jobs/pretrain/VGG11_barlowtwins_kmeans_size5.sh
2026-10-09T04:37:10Z	1411522	/scratch/mmoslem3/MKDT/benchmarks/downstream/jobs/pretrain/VGG11_barlowtwins_random_size1.sh
2026-10-09T04:37:10Z	1411523	/scratch/mmoslem3/MKDT/benchmarks/downstream/jobs/pretrain/VGG11_barlowtwins_random_size2.sh
2026-10-09T04:37:10Z	1411524	/scratch/mmoslem3/MKDT/benchmarks/downstream/jobs/pretrain/VGG11_barlowtwins_random_size5.sh
2026-10-09T04:37:10Z	1411525	/scratch/mmoslem3/MKDT/benchmarks/downstream/jobs/pretrain/VGG11_simclr_kmeans_size1.sh
2026-10-09T04:37:10Z	1411526	/scratch/mmoslem3/MKDT/benchmarks/downstream/jobs/pretrain/VGG11_simclr_kmeans_size2.sh
2026-10-09T04:37:10Z	1411527	/scratch/mmoslem3/MKDT/benchmarks/downstream/jobs/pretrain/VGG11_simclr_kmeans_size5.sh
2026-10-09T04:37:10Z	1411528	/scratch/mmoslem3/MKDT/benchmarks/downstream/jobs/pretrain/VGG11_simclr_random_size1.sh
2026-10-09T04:37:10Z	1411529	/scratch/mmoslem3/MKDT/benchmarks/downstream/jobs/pretrain/VGG11_simclr_random_size2.sh
2026-10-09T04:37:10Z	1411530	/scratch/mmoslem3/MKDT/benchmarks/downstream/jobs/pretrain/VGG11_simclr_random_size5.sh
2026-10-09T04:37:10Z	1411531	/scratch/mmoslem3/MKDT/benchmarks/downstream/jobs/evaluate/CIFAR100_ConvNet_simclr_random_size1_lbl1.sh
2026-10-09T04:37:10Z	1411532	/scratch/mmoslem3/MKDT/benchmarks/downstream/jobs/evaluate/CIFAR100_ConvNet_simclr_random_size1_lbl5.sh
2026-10-09T04:37:10Z	1411533	/scratch/mmoslem3/MKDT/benchmarks/downstream/jobs/evaluate/CIFAR100_ConvNet_simclr_random_size2_lbl1.sh
2026-10-09T04:37:10Z	1411534	/scratch/mmoslem3/MKDT/benchmarks/downstream/jobs/evaluate/CIFAR100_ConvNet_simclr_random_size2_lbl5.sh
2026-10-09T04:37:10Z	1411535	/scratch/mmoslem3/MKDT/benchmarks/downstream/jobs/evaluate/CIFAR100_ConvNet_simclr_random_size5_lbl1.sh
2026-10-09T04:37:10Z	1411536	/scratch/mmoslem3/MKDT/benchmarks/downstream/jobs/evaluate/CIFAR100_ConvNet_simclr_random_size5_lbl5.sh
2026-10-09T04:37:10Z	1411537	/scratch/mmoslem3/MKDT/benchmarks/downstream/jobs/evaluate/CIFAR100_ConvNet_simclr_kmeans_size1_lbl1.sh
2026-10-09T04:37:10Z	1411538	/scratch/mmoslem3/MKDT/benchmarks/downstream/jobs/evaluate/CIFAR100_ConvNet_simclr_kmeans_size1_lbl5.sh
2026-10-09T04:37:10Z	1411539	/scratch/mmoslem3/MKDT/benchmarks/downstream/jobs/evaluate/CIFAR100_ConvNet_simclr_kmeans_size2_lbl1.sh
2026-10-09T04:37:10Z	1411540	/scratch/mmoslem3/MKDT/benchmarks/downstream/jobs/evaluate/CIFAR100_ConvNet_simclr_kmeans_size2_lbl5.sh
2026-10-09T04:37:10Z	1411541	/scratch/mmoslem3/MKDT/benchmarks/downstream/jobs/evaluate/CIFAR100_ConvNet_simclr_kmeans_size5_lbl1.sh
2026-10-09T04:37:10Z	1411542	/scratch/mmoslem3/MKDT/benchmarks/downstream/jobs/evaluate/CIFAR100_ConvNet_simclr_kmeans_size5_lbl5.sh
2026-10-09T04:37:10Z	1411543	/scratch/mmoslem3/MKDT/benchmarks/downstream/jobs/evaluate/CIFAR100_ConvNet_barlowtwins_random_size1_lbl1.sh
2026-10-09T04:37:10Z	1411544	/scratch/mmoslem3/MKDT/benchmarks/downstream/jobs/evaluate/CIFAR100_ConvNet_barlowtwins_random_size1_lbl5.sh
2026-10-09T04:37:10Z	1411545	/scratch/mmoslem3/MKDT/benchmarks/downstream/jobs/evaluate/CIFAR100_ConvNet_barlowtwins_random_size2_lbl1.sh
2026-10-09T04:37:10Z	1411546	/scratch/mmoslem3/MKDT/benchmarks/downstream/jobs/evaluate/CIFAR100_ConvNet_barlowtwins_random_size2_lbl5.sh
2026-10-09T04:37:10Z	1411547	/scratch/mmoslem3/MKDT/benchmarks/downstream/jobs/evaluate/CIFAR100_ConvNet_barlowtwins_random_size5_lbl1.sh
2026-10-09T04:37:10Z	1411548	/scratch/mmoslem3/MKDT/benchmarks/downstream/jobs/evaluate/CIFAR100_ConvNet_barlowtwins_random_size5_lbl5.sh
2026-10-09T04:37:11Z	1411549	/scratch/mmoslem3/MKDT/benchmarks/downstream/jobs/evaluate/CIFAR100_ConvNet_barlowtwins_kmeans_size1_lbl1.sh
2026-10-09T04:37:11Z	1411550	/scratch/mmoslem3/MKDT/benchmarks/downstream/jobs/evaluate/CIFAR100_ConvNet_barlowtwins_kmeans_size1_lbl5.sh
2026-10-09T04:37:11Z	1411551	/scratch/mmoslem3/MKDT/benchmarks/downstream/jobs/evaluate/CIFAR100_ConvNet_barlowtwins_kmeans_size2_lbl1.sh
2026-10-09T04:37:11Z	1411552	/scratch/mmoslem3/MKDT/benchmarks/downstream/jobs/evaluate/CIFAR100_ConvNet_barlowtwins_kmeans_size2_lbl5.sh
2026-10-09T04:37:11Z	1411553	/scratch/mmoslem3/MKDT/benchmarks/downstream/jobs/evaluate/CIFAR100_ConvNet_barlowtwins_kmeans_size5_lbl1.sh
2026-10-09T04:37:11Z	1411554	/scratch/mmoslem3/MKDT/benchmarks/downstream/jobs/evaluate/CIFAR100_ConvNet_barlowtwins_kmeans_size5_lbl5.sh
2026-10-09T04:37:11Z	1411555	/scratch/mmoslem3/MKDT/benchmarks/downstream/jobs/evaluate/CIFAR100_ConvNet_none_no_pretrain_size0_lbl1.sh
2026-10-09T04:37:11Z	1411556	/scratch/mmoslem3/MKDT/benchmarks/downstream/jobs/evaluate/CIFAR100_ConvNet_none_no_pretrain_size0_lbl5.sh
2026-10-09T04:37:11Z	1411557	/scratch/mmoslem3/MKDT/benchmarks/downstream/jobs/evaluate/CIFAR100_VGG11_simclr_random_size1_lbl1.sh
2026-10-09T04:37:11Z	1411558	/scratch/mmoslem3/MKDT/benchmarks/downstream/jobs/evaluate/CIFAR100_VGG11_simclr_random_size1_lbl5.sh
2026-10-09T04:37:11Z	1411559	/scratch/mmoslem3/MKDT/benchmarks/downstream/jobs/evaluate/CIFAR100_VGG11_simclr_random_size2_lbl1.sh
2026-10-09T04:37:11Z	1411560	/scratch/mmoslem3/MKDT/benchmarks/downstream/jobs/evaluate/CIFAR100_VGG11_simclr_random_size2_lbl5.sh
2026-10-09T04:37:11Z	1411561	/scratch/mmoslem3/MKDT/benchmarks/downstream/jobs/evaluate/CIFAR100_VGG11_simclr_random_size5_lbl1.sh
2026-10-09T04:37:11Z	1411562	/scratch/mmoslem3/MKDT/benchmarks/downstream/jobs/evaluate/CIFAR100_VGG11_simclr_random_size5_lbl5.sh
2026-10-09T04:37:11Z	1411563	/scratch/mmoslem3/MKDT/benchmarks/downstream/jobs/evaluate/CIFAR100_VGG11_simclr_kmeans_size1_lbl1.sh
2026-10-09T04:37:11Z	1411564	/scratch/mmoslem3/MKDT/benchmarks/downstream/jobs/evaluate/CIFAR100_VGG11_simclr_kmeans_size1_lbl5.sh
2026-10-09T04:37:11Z	1411565	/scratch/mmoslem3/MKDT/benchmarks/downstream/jobs/evaluate/CIFAR100_VGG11_simclr_kmeans_size2_lbl1.sh
2026-10-09T04:37:11Z	1411566	/scratch/mmoslem3/MKDT/benchmarks/downstream/jobs/evaluate/CIFAR100_VGG11_simclr_kmeans_size2_lbl5.sh
2026-10-09T04:37:11Z	1411567	/scratch/mmoslem3/MKDT/benchmarks/downstream/jobs/evaluate/CIFAR100_VGG11_simclr_kmeans_size5_lbl1.sh
2026-10-09T04:37:11Z	1411568	/scratch/mmoslem3/MKDT/benchmarks/downstream/jobs/evaluate/CIFAR100_VGG11_simclr_kmeans_size5_lbl5.sh
2026-10-09T04:37:11Z	1411569	/scratch/mmoslem3/MKDT/benchmarks/downstream/jobs/evaluate/CIFAR100_VGG11_barlowtwins_random_size1_lbl1.sh
2026-10-09T04:37:11Z	1411570	/scratch/mmoslem3/MKDT/benchmarks/downstream/jobs/evaluate/CIFAR100_VGG11_barlowtwins_random_size1_lbl5.sh
2026-10-09T04:37:11Z	1411571	/scratch/mmoslem3/MKDT/benchmarks/downstream/jobs/evaluate/CIFAR100_VGG11_barlowtwins_random_size2_lbl1.sh
2026-10-09T04:37:11Z	1411572	/scratch/mmoslem3/MKDT/benchmarks/downstream/jobs/evaluate/CIFAR100_VGG11_barlowtwins_random_size2_lbl5.sh
2026-10-09T04:37:11Z	1411573	/scratch/mmoslem3/MKDT/benchmarks/downstream/jobs/evaluate/CIFAR100_VGG11_barlowtwins_random_size5_lbl1.sh
2026-10-09T04:37:11Z	1411574	/scratch/mmoslem3/MKDT/benchmarks/downstream/jobs/evaluate/CIFAR100_VGG11_barlowtwins_random_size5_lbl5.sh
2026-10-09T04:37:11Z	1411575	/scratch/mmoslem3/MKDT/benchmarks/downstream/jobs/evaluate/CIFAR100_VGG11_barlowtwins_kmeans_size1_lbl1.sh
2026-10-09T04:37:11Z	1411576	/scratch/mmoslem3/MKDT/benchmarks/downstream/jobs/evaluate/CIFAR100_VGG11_barlowtwins_kmeans_size1_lbl5.sh
2026-10-09T04:37:11Z	1411577	/scratch/mmoslem3/MKDT/benchmarks/downstream/jobs/evaluate/CIFAR100_VGG11_barlowtwins_kmeans_size2_lbl1.sh
2026-10-09T04:37:11Z	1411578	/scratch/mmoslem3/MKDT/benchmarks/downstream/jobs/evaluate/CIFAR100_VGG11_barlowtwins_kmeans_size2_lbl5.sh
2026-10-09T04:37:11Z	1411579	/scratch/mmoslem3/MKDT/benchmarks/downstream/jobs/evaluate/CIFAR100_VGG11_barlowtwins_kmeans_size5_lbl1.sh
2026-10-09T04:37:11Z	1411580	/scratch/mmoslem3/MKDT/benchmarks/downstream/jobs/evaluate/CIFAR100_VGG11_barlowtwins_kmeans_size5_lbl5.sh
2026-10-09T04:37:11Z	1411581	/scratch/mmoslem3/MKDT/benchmarks/downstream/jobs/evaluate/CIFAR100_VGG11_none_no_pretrain_size0_lbl1.sh
2026-10-09T04:37:11Z	1411582	/scratch/mmoslem3/MKDT/benchmarks/downstream/jobs/evaluate/CIFAR100_VGG11_none_no_pretrain_size0_lbl5.sh
2026-10-09T04:37:11Z	1411583	/scratch/mmoslem3/MKDT/benchmarks/downstream/jobs/evaluate/CIFAR100_ResNet18_simclr_random_size1_lbl1.sh
2026-10-09T04:37:11Z	1411584	/scratch/mmoslem3/MKDT/benchmarks/downstream/jobs/evaluate/CIFAR100_ResNet18_simclr_random_size1_lbl5.sh
2026-10-09T04:37:11Z	1411585	/scratch/mmoslem3/MKDT/benchmarks/downstream/jobs/evaluate/CIFAR100_ResNet18_simclr_random_size2_lbl1.sh
2026-10-09T04:37:11Z	1411586	/scratch/mmoslem3/MKDT/benchmarks/downstream/jobs/evaluate/CIFAR100_ResNet18_simclr_random_size2_lbl5.sh
2026-10-09T04:37:11Z	1411587	/scratch/mmoslem3/MKDT/benchmarks/downstream/jobs/evaluate/CIFAR100_ResNet18_simclr_random_size5_lbl1.sh
2026-10-09T04:37:11Z	1411588	/scratch/mmoslem3/MKDT/benchmarks/downstream/jobs/evaluate/CIFAR100_ResNet18_simclr_random_size5_lbl5.sh
2026-10-09T04:37:11Z	1411589	/scratch/mmoslem3/MKDT/benchmarks/downstream/jobs/evaluate/CIFAR100_ResNet18_simclr_kmeans_size1_lbl1.sh
2026-10-09T04:37:12Z	1411590	/scratch/mmoslem3/MKDT/benchmarks/downstream/jobs/evaluate/CIFAR100_ResNet18_simclr_kmeans_size1_lbl5.sh
2026-10-09T04:37:12Z	1411591	/scratch/mmoslem3/MKDT/benchmarks/downstream/jobs/evaluate/CIFAR100_ResNet18_simclr_kmeans_size2_lbl1.sh
2026-10-09T04:37:12Z	1411592	/scratch/mmoslem3/MKDT/benchmarks/downstream/jobs/evaluate/CIFAR100_ResNet18_simclr_kmeans_size2_lbl5.sh
2026-10-09T04:37:12Z	1411593	/scratch/mmoslem3/MKDT/benchmarks/downstream/jobs/evaluate/CIFAR100_ResNet18_simclr_kmeans_size5_lbl1.sh
2026-10-09T04:37:12Z	1411594	/scratch/mmoslem3/MKDT/benchmarks/downstream/jobs/evaluate/CIFAR100_ResNet18_simclr_kmeans_size5_lbl5.sh
2026-10-09T04:37:12Z	1411595	/scratch/mmoslem3/MKDT/benchmarks/downstream/jobs/evaluate/CIFAR100_ResNet18_barlowtwins_random_size1_lbl1.sh
2026-10-09T04:37:12Z	1411596	/scratch/mmoslem3/MKDT/benchmarks/downstream/jobs/evaluate/CIFAR100_ResNet18_barlowtwins_random_size1_lbl5.sh
2026-10-09T04:37:12Z	1411597	/scratch/mmoslem3/MKDT/benchmarks/downstream/jobs/evaluate/CIFAR100_ResNet18_barlowtwins_random_size2_lbl1.sh
2026-10-09T04:37:12Z	1411598	/scratch/mmoslem3/MKDT/benchmarks/downstream/jobs/evaluate/CIFAR100_ResNet18_barlowtwins_random_size2_lbl5.sh
2026-10-09T04:37:12Z	1411599	/scratch/mmoslem3/MKDT/benchmarks/downstream/jobs/evaluate/CIFAR100_ResNet18_barlowtwins_random_size5_lbl1.sh
2026-10-09T04:37:12Z	1411600	/scratch/mmoslem3/MKDT/benchmarks/downstream/jobs/evaluate/CIFAR100_ResNet18_barlowtwins_random_size5_lbl5.sh
2026-10-09T04:37:12Z	1411601	/scratch/mmoslem3/MKDT/benchmarks/downstream/jobs/evaluate/CIFAR100_ResNet18_barlowtwins_kmeans_size1_lbl1.sh
2026-10-09T04:37:12Z	1411602	/scratch/mmoslem3/MKDT/benchmarks/downstream/jobs/evaluate/CIFAR100_ResNet18_barlowtwins_kmeans_size1_lbl5.sh
2026-10-09T04:37:12Z	1411603	/scratch/mmoslem3/MKDT/benchmarks/downstream/jobs/evaluate/CIFAR100_ResNet18_barlowtwins_kmeans_size2_lbl1.sh
2026-10-09T04:37:12Z	1411604	/scratch/mmoslem3/MKDT/benchmarks/downstream/jobs/evaluate/CIFAR100_ResNet18_barlowtwins_kmeans_size2_lbl5.sh
2026-10-09T04:37:12Z	1411605	/scratch/mmoslem3/MKDT/benchmarks/downstream/jobs/evaluate/CIFAR100_ResNet18_barlowtwins_kmeans_size5_lbl1.sh
2026-10-09T04:37:12Z	1411606	/scratch/mmoslem3/MKDT/benchmarks/downstream/jobs/evaluate/CIFAR100_ResNet18_barlowtwins_kmeans_size5_lbl5.sh
2026-10-09T04:37:12Z	1411607	/scratch/mmoslem3/MKDT/benchmarks/downstream/jobs/evaluate/CIFAR100_ResNet18_none_no_pretrain_size0_lbl1.sh
2026-10-09T04:37:12Z	1411608	/scratch/mmoslem3/MKDT/benchmarks/downstream/jobs/evaluate/CIFAR100_ResNet18_none_no_pretrain_size0_lbl5.sh
2026-10-09T04:37:12Z	1411609	/scratch/mmoslem3/MKDT/benchmarks/downstream/jobs/evaluate/Aircraft_ConvNet_simclr_random_size1_lbl1.sh
2026-10-09T04:37:12Z	1411610	/scratch/mmoslem3/MKDT/benchmarks/downstream/jobs/evaluate/Aircraft_ConvNet_simclr_random_size1_lbl5.sh
2026-10-09T04:37:12Z	1411611	/scratch/mmoslem3/MKDT/benchmarks/downstream/jobs/evaluate/Aircraft_ConvNet_simclr_random_size2_lbl1.sh
2026-10-09T04:37:12Z	1411612	/scratch/mmoslem3/MKDT/benchmarks/downstream/jobs/evaluate/Aircraft_ConvNet_simclr_random_size2_lbl5.sh
2026-10-09T04:37:12Z	1411613	/scratch/mmoslem3/MKDT/benchmarks/downstream/jobs/evaluate/Aircraft_ConvNet_simclr_random_size5_lbl1.sh
2026-10-09T04:37:12Z	1411614	/scratch/mmoslem3/MKDT/benchmarks/downstream/jobs/evaluate/Aircraft_ConvNet_simclr_random_size5_lbl5.sh
2026-10-09T04:37:12Z	1411615	/scratch/mmoslem3/MKDT/benchmarks/downstream/jobs/evaluate/Aircraft_ConvNet_simclr_kmeans_size1_lbl1.sh
2026-10-09T04:37:12Z	1411616	/scratch/mmoslem3/MKDT/benchmarks/downstream/jobs/evaluate/Aircraft_ConvNet_simclr_kmeans_size1_lbl5.sh
2026-10-09T04:37:12Z	1411617	/scratch/mmoslem3/MKDT/benchmarks/downstream/jobs/evaluate/Aircraft_ConvNet_simclr_kmeans_size2_lbl1.sh
2026-10-09T04:37:12Z	1411618	/scratch/mmoslem3/MKDT/benchmarks/downstream/jobs/evaluate/Aircraft_ConvNet_simclr_kmeans_size2_lbl5.sh
2026-10-09T04:37:12Z	1411619	/scratch/mmoslem3/MKDT/benchmarks/downstream/jobs/evaluate/Aircraft_ConvNet_simclr_kmeans_size5_lbl1.sh
2026-10-09T04:37:12Z	1411620	/scratch/mmoslem3/MKDT/benchmarks/downstream/jobs/evaluate/Aircraft_ConvNet_simclr_kmeans_size5_lbl5.sh
2026-10-09T04:37:12Z	1411621	/scratch/mmoslem3/MKDT/benchmarks/downstream/jobs/evaluate/Aircraft_ConvNet_barlowtwins_random_size1_lbl1.sh
2026-10-09T04:37:12Z	1411622	/scratch/mmoslem3/MKDT/benchmarks/downstream/jobs/evaluate/Aircraft_ConvNet_barlowtwins_random_size1_lbl5.sh
2026-10-09T04:37:12Z	1411623	/scratch/mmoslem3/MKDT/benchmarks/downstream/jobs/evaluate/Aircraft_ConvNet_barlowtwins_random_size2_lbl1.sh
2026-10-09T04:37:12Z	1411624	/scratch/mmoslem3/MKDT/benchmarks/downstream/jobs/evaluate/Aircraft_ConvNet_barlowtwins_random_size2_lbl5.sh
2026-10-09T04:37:12Z	1411625	/scratch/mmoslem3/MKDT/benchmarks/downstream/jobs/evaluate/Aircraft_ConvNet_barlowtwins_random_size5_lbl1.sh
2026-10-09T04:37:12Z	1411626	/scratch/mmoslem3/MKDT/benchmarks/downstream/jobs/evaluate/Aircraft_ConvNet_barlowtwins_random_size5_lbl5.sh
2026-10-09T04:37:12Z	1411627	/scratch/mmoslem3/MKDT/benchmarks/downstream/jobs/evaluate/Aircraft_ConvNet_barlowtwins_kmeans_size1_lbl1.sh
2026-10-09T04:37:12Z	1411628	/scratch/mmoslem3/MKDT/benchmarks/downstream/jobs/evaluate/Aircraft_ConvNet_barlowtwins_kmeans_size1_lbl5.sh
2026-10-09T04:37:12Z	1411629	/scratch/mmoslem3/MKDT/benchmarks/downstream/jobs/evaluate/Aircraft_ConvNet_barlowtwins_kmeans_size2_lbl1.sh
2026-10-09T04:37:12Z	1411630	/scratch/mmoslem3/MKDT/benchmarks/downstream/jobs/evaluate/Aircraft_ConvNet_barlowtwins_kmeans_size2_lbl5.sh
2026-10-09T04:37:12Z	1411631	/scratch/mmoslem3/MKDT/benchmarks/downstream/jobs/evaluate/Aircraft_ConvNet_barlowtwins_kmeans_size5_lbl1.sh
2026-10-09T04:37:12Z	1411632	/scratch/mmoslem3/MKDT/benchmarks/downstream/jobs/evaluate/Aircraft_ConvNet_barlowtwins_kmeans_size5_lbl5.sh
2026-10-09T04:37:13Z	1411633	/scratch/mmoslem3/MKDT/benchmarks/downstream/jobs/evaluate/Aircraft_ConvNet_none_no_pretrain_size0_lbl1.sh
2026-10-09T04:37:13Z	1411634	/scratch/mmoslem3/MKDT/benchmarks/downstream/jobs/evaluate/Aircraft_ConvNet_none_no_pretrain_size0_lbl5.sh
2026-10-09T04:37:13Z	1411635	/scratch/mmoslem3/MKDT/benchmarks/downstream/jobs/evaluate/Aircraft_VGG11_simclr_random_size1_lbl1.sh
2026-10-09T04:37:13Z	1411636	/scratch/mmoslem3/MKDT/benchmarks/downstream/jobs/evaluate/Aircraft_VGG11_simclr_random_size1_lbl5.sh
2026-10-09T04:37:13Z	1411637	/scratch/mmoslem3/MKDT/benchmarks/downstream/jobs/evaluate/Aircraft_VGG11_simclr_random_size2_lbl1.sh
2026-10-09T04:37:13Z	1411638	/scratch/mmoslem3/MKDT/benchmarks/downstream/jobs/evaluate/Aircraft_VGG11_simclr_random_size2_lbl5.sh
2026-10-09T04:37:13Z	1411639	/scratch/mmoslem3/MKDT/benchmarks/downstream/jobs/evaluate/Aircraft_VGG11_simclr_random_size5_lbl1.sh
2026-10-09T04:37:13Z	1411640	/scratch/mmoslem3/MKDT/benchmarks/downstream/jobs/evaluate/Aircraft_VGG11_simclr_random_size5_lbl5.sh
2026-10-09T04:37:13Z	1411641	/scratch/mmoslem3/MKDT/benchmarks/downstream/jobs/evaluate/Aircraft_VGG11_simclr_kmeans_size1_lbl1.sh
2026-10-09T04:37:13Z	1411642	/scratch/mmoslem3/MKDT/benchmarks/downstream/jobs/evaluate/Aircraft_VGG11_simclr_kmeans_size1_lbl5.sh
2026-10-09T04:37:13Z	1411643	/scratch/mmoslem3/MKDT/benchmarks/downstream/jobs/evaluate/Aircraft_VGG11_simclr_kmeans_size2_lbl1.sh
2026-10-09T04:37:13Z	1411644	/scratch/mmoslem3/MKDT/benchmarks/downstream/jobs/evaluate/Aircraft_VGG11_simclr_kmeans_size2_lbl5.sh
2026-10-09T04:37:13Z	1411645	/scratch/mmoslem3/MKDT/benchmarks/downstream/jobs/evaluate/Aircraft_VGG11_simclr_kmeans_size5_lbl1.sh
2026-10-09T04:37:13Z	1411646	/scratch/mmoslem3/MKDT/benchmarks/downstream/jobs/evaluate/Aircraft_VGG11_simclr_kmeans_size5_lbl5.sh
2026-10-09T04:37:13Z	1411647	/scratch/mmoslem3/MKDT/benchmarks/downstream/jobs/evaluate/Aircraft_VGG11_barlowtwins_random_size1_lbl1.sh
2026-10-09T04:37:13Z	1411648	/scratch/mmoslem3/MKDT/benchmarks/downstream/jobs/evaluate/Aircraft_VGG11_barlowtwins_random_size1_lbl5.sh
2026-10-09T04:37:13Z	1411649	/scratch/mmoslem3/MKDT/benchmarks/downstream/jobs/evaluate/Aircraft_VGG11_barlowtwins_random_size2_lbl1.sh
2026-10-09T04:37:13Z	1411650	/scratch/mmoslem3/MKDT/benchmarks/downstream/jobs/evaluate/Aircraft_VGG11_barlowtwins_random_size2_lbl5.sh
2026-10-09T04:37:13Z	1411651	/scratch/mmoslem3/MKDT/benchmarks/downstream/jobs/evaluate/Aircraft_VGG11_barlowtwins_random_size5_lbl1.sh
2026-10-09T04:37:13Z	1411652	/scratch/mmoslem3/MKDT/benchmarks/downstream/jobs/evaluate/Aircraft_VGG11_barlowtwins_random_size5_lbl5.sh
2026-10-09T04:37:13Z	1411653	/scratch/mmoslem3/MKDT/benchmarks/downstream/jobs/evaluate/Aircraft_VGG11_barlowtwins_kmeans_size1_lbl1.sh
2026-10-09T04:37:13Z	1411654	/scratch/mmoslem3/MKDT/benchmarks/downstream/jobs/evaluate/Aircraft_VGG11_barlowtwins_kmeans_size1_lbl5.sh
2026-10-09T04:37:13Z	1411655	/scratch/mmoslem3/MKDT/benchmarks/downstream/jobs/evaluate/Aircraft_VGG11_barlowtwins_kmeans_size2_lbl1.sh
2026-10-09T04:37:13Z	1411656	/scratch/mmoslem3/MKDT/benchmarks/downstream/jobs/evaluate/Aircraft_VGG11_barlowtwins_kmeans_size2_lbl5.sh
2026-10-09T04:37:13Z	1411657	/scratch/mmoslem3/MKDT/benchmarks/downstream/jobs/evaluate/Aircraft_VGG11_barlowtwins_kmeans_size5_lbl1.sh
2026-10-09T04:37:13Z	1411658	/scratch/mmoslem3/MKDT/benchmarks/downstream/jobs/evaluate/Aircraft_VGG11_barlowtwins_kmeans_size5_lbl5.sh
2026-10-09T04:37:13Z	1411659	/scratch/mmoslem3/MKDT/benchmarks/downstream/jobs/evaluate/Aircraft_VGG11_none_no_pretrain_size0_lbl1.sh
2026-10-09T04:37:13Z	1411660	/scratch/mmoslem3/MKDT/benchmarks/downstream/jobs/evaluate/Aircraft_VGG11_none_no_pretrain_size0_lbl5.sh
2026-10-09T04:37:13Z	1411661	/scratch/mmoslem3/MKDT/benchmarks/downstream/jobs/evaluate/Aircraft_ResNet18_simclr_random_size1_lbl1.sh
2026-10-09T04:37:13Z	1411662	/scratch/mmoslem3/MKDT/benchmarks/downstream/jobs/evaluate/Aircraft_ResNet18_simclr_random_size1_lbl5.sh
2026-10-09T04:37:13Z	1411663	/scratch/mmoslem3/MKDT/benchmarks/downstream/jobs/evaluate/Aircraft_ResNet18_simclr_random_size2_lbl1.sh
2026-10-09T04:37:13Z	1411664	/scratch/mmoslem3/MKDT/benchmarks/downstream/jobs/evaluate/Aircraft_ResNet18_simclr_random_size2_lbl5.sh
2026-10-09T04:37:13Z	1411665	/scratch/mmoslem3/MKDT/benchmarks/downstream/jobs/evaluate/Aircraft_ResNet18_simclr_random_size5_lbl1.sh
2026-10-09T04:37:13Z	1411666	/scratch/mmoslem3/MKDT/benchmarks/downstream/jobs/evaluate/Aircraft_ResNet18_simclr_random_size5_lbl5.sh
2026-10-09T04:37:13Z	1411667	/scratch/mmoslem3/MKDT/benchmarks/downstream/jobs/evaluate/Aircraft_ResNet18_simclr_kmeans_size1_lbl1.sh
2026-10-09T04:37:13Z	1411668	/scratch/mmoslem3/MKDT/benchmarks/downstream/jobs/evaluate/Aircraft_ResNet18_simclr_kmeans_size1_lbl5.sh
2026-10-09T04:37:13Z	1411669	/scratch/mmoslem3/MKDT/benchmarks/downstream/jobs/evaluate/Aircraft_ResNet18_simclr_kmeans_size2_lbl1.sh
2026-10-09T04:37:13Z	1411670	/scratch/mmoslem3/MKDT/benchmarks/downstream/jobs/evaluate/Aircraft_ResNet18_simclr_kmeans_size2_lbl5.sh
2026-10-09T04:37:13Z	1411671	/scratch/mmoslem3/MKDT/benchmarks/downstream/jobs/evaluate/Aircraft_ResNet18_simclr_kmeans_size5_lbl1.sh
2026-10-09T04:37:13Z	1411672	/scratch/mmoslem3/MKDT/benchmarks/downstream/jobs/evaluate/Aircraft_ResNet18_simclr_kmeans_size5_lbl5.sh
2026-10-09T04:37:14Z	1411673	/scratch/mmoslem3/MKDT/benchmarks/downstream/jobs/evaluate/Aircraft_ResNet18_barlowtwins_random_size1_lbl1.sh
2026-10-09T04:37:14Z	1411674	/scratch/mmoslem3/MKDT/benchmarks/downstream/jobs/evaluate/Aircraft_ResNet18_barlowtwins_random_size1_lbl5.sh
2026-10-09T04:37:14Z	1411675	/scratch/mmoslem3/MKDT/benchmarks/downstream/jobs/evaluate/Aircraft_ResNet18_barlowtwins_random_size2_lbl1.sh
2026-10-09T04:37:14Z	1411676	/scratch/mmoslem3/MKDT/benchmarks/downstream/jobs/evaluate/Aircraft_ResNet18_barlowtwins_random_size2_lbl5.sh
2026-10-09T04:37:14Z	1411677	/scratch/mmoslem3/MKDT/benchmarks/downstream/jobs/evaluate/Aircraft_ResNet18_barlowtwins_random_size5_lbl1.sh
2026-10-09T04:37:14Z	1411678	/scratch/mmoslem3/MKDT/benchmarks/downstream/jobs/evaluate/Aircraft_ResNet18_barlowtwins_random_size5_lbl5.sh
2026-10-09T04:37:14Z	1411679	/scratch/mmoslem3/MKDT/benchmarks/downstream/jobs/evaluate/Aircraft_ResNet18_barlowtwins_kmeans_size1_lbl1.sh
2026-10-09T04:37:14Z	1411680	/scratch/mmoslem3/MKDT/benchmarks/downstream/jobs/evaluate/Aircraft_ResNet18_barlowtwins_kmeans_size1_lbl5.sh
2026-10-09T04:37:14Z	1411681	/scratch/mmoslem3/MKDT/benchmarks/downstream/jobs/evaluate/Aircraft_ResNet18_barlowtwins_kmeans_size2_lbl1.sh
2026-10-09T04:37:14Z	1411682	/scratch/mmoslem3/MKDT/benchmarks/downstream/jobs/evaluate/Aircraft_ResNet18_barlowtwins_kmeans_size2_lbl5.sh
2026-10-09T04:37:14Z	1411683	/scratch/mmoslem3/MKDT/benchmarks/downstream/jobs/evaluate/Aircraft_ResNet18_barlowtwins_kmeans_size5_lbl1.sh
2026-10-09T04:37:14Z	1411684	/scratch/mmoslem3/MKDT/benchmarks/downstream/jobs/evaluate/Aircraft_ResNet18_barlowtwins_kmeans_size5_lbl5.sh
2026-10-09T04:37:14Z	1411685	/scratch/mmoslem3/MKDT/benchmarks/downstream/jobs/evaluate/Aircraft_ResNet18_none_no_pretrain_size0_lbl1.sh
2026-10-09T04:37:14Z	1411686	/scratch/mmoslem3/MKDT/benchmarks/downstream/jobs/evaluate/Aircraft_ResNet18_none_no_pretrain_size0_lbl5.sh
2026-10-09T04:37:14Z	1411687	/scratch/mmoslem3/MKDT/benchmarks/downstream/jobs/evaluate/CUB2011_ConvNet_simclr_random_size1_lbl1.sh
2026-10-09T04:37:14Z	1411688	/scratch/mmoslem3/MKDT/benchmarks/downstream/jobs/evaluate/CUB2011_ConvNet_simclr_random_size1_lbl5.sh
2026-10-09T04:37:14Z	1411689	/scratch/mmoslem3/MKDT/benchmarks/downstream/jobs/evaluate/CUB2011_ConvNet_simclr_random_size2_lbl1.sh
2026-10-09T04:37:14Z	1411690	/scratch/mmoslem3/MKDT/benchmarks/downstream/jobs/evaluate/CUB2011_ConvNet_simclr_random_size2_lbl5.sh
2026-10-09T04:37:14Z	1411691	/scratch/mmoslem3/MKDT/benchmarks/downstream/jobs/evaluate/CUB2011_ConvNet_simclr_random_size5_lbl1.sh
2026-10-09T04:37:14Z	1411692	/scratch/mmoslem3/MKDT/benchmarks/downstream/jobs/evaluate/CUB2011_ConvNet_simclr_random_size5_lbl5.sh
2026-10-09T04:37:14Z	1411693	/scratch/mmoslem3/MKDT/benchmarks/downstream/jobs/evaluate/CUB2011_ConvNet_simclr_kmeans_size1_lbl1.sh
2026-10-09T04:37:14Z	1411694	/scratch/mmoslem3/MKDT/benchmarks/downstream/jobs/evaluate/CUB2011_ConvNet_simclr_kmeans_size1_lbl5.sh
2026-10-09T04:37:14Z	1411695	/scratch/mmoslem3/MKDT/benchmarks/downstream/jobs/evaluate/CUB2011_ConvNet_simclr_kmeans_size2_lbl1.sh
2026-10-09T04:37:14Z	1411696	/scratch/mmoslem3/MKDT/benchmarks/downstream/jobs/evaluate/CUB2011_ConvNet_simclr_kmeans_size2_lbl5.sh
2026-10-09T04:37:14Z	1411697	/scratch/mmoslem3/MKDT/benchmarks/downstream/jobs/evaluate/CUB2011_ConvNet_simclr_kmeans_size5_lbl1.sh
2026-10-09T04:37:14Z	1411698	/scratch/mmoslem3/MKDT/benchmarks/downstream/jobs/evaluate/CUB2011_ConvNet_simclr_kmeans_size5_lbl5.sh
2026-10-09T04:37:14Z	1411699	/scratch/mmoslem3/MKDT/benchmarks/downstream/jobs/evaluate/CUB2011_ConvNet_barlowtwins_random_size1_lbl1.sh
2026-10-09T04:37:14Z	1411700	/scratch/mmoslem3/MKDT/benchmarks/downstream/jobs/evaluate/CUB2011_ConvNet_barlowtwins_random_size1_lbl5.sh
2026-10-09T04:37:14Z	1411701	/scratch/mmoslem3/MKDT/benchmarks/downstream/jobs/evaluate/CUB2011_ConvNet_barlowtwins_random_size2_lbl1.sh
2026-10-09T04:37:14Z	1411702	/scratch/mmoslem3/MKDT/benchmarks/downstream/jobs/evaluate/CUB2011_ConvNet_barlowtwins_random_size2_lbl5.sh
2026-10-09T04:37:14Z	1411703	/scratch/mmoslem3/MKDT/benchmarks/downstream/jobs/evaluate/CUB2011_ConvNet_barlowtwins_random_size5_lbl1.sh
2026-10-09T04:37:14Z	1411704	/scratch/mmoslem3/MKDT/benchmarks/downstream/jobs/evaluate/CUB2011_ConvNet_barlowtwins_random_size5_lbl5.sh
2026-10-09T04:37:14Z	1411705	/scratch/mmoslem3/MKDT/benchmarks/downstream/jobs/evaluate/CUB2011_ConvNet_barlowtwins_kmeans_size1_lbl1.sh
2026-10-09T04:37:14Z	1411706	/scratch/mmoslem3/MKDT/benchmarks/downstream/jobs/evaluate/CUB2011_ConvNet_barlowtwins_kmeans_size1_lbl5.sh
2026-10-09T04:37:14Z	1411707	/scratch/mmoslem3/MKDT/benchmarks/downstream/jobs/evaluate/CUB2011_ConvNet_barlowtwins_kmeans_size2_lbl1.sh
2026-10-09T04:37:14Z	1411708	/scratch/mmoslem3/MKDT/benchmarks/downstream/jobs/evaluate/CUB2011_ConvNet_barlowtwins_kmeans_size2_lbl5.sh
2026-10-09T04:37:14Z	1411709	/scratch/mmoslem3/MKDT/benchmarks/downstream/jobs/evaluate/CUB2011_ConvNet_barlowtwins_kmeans_size5_lbl1.sh
2026-10-09T04:37:14Z	1411710	/scratch/mmoslem3/MKDT/benchmarks/downstream/jobs/evaluate/CUB2011_ConvNet_barlowtwins_kmeans_size5_lbl5.sh
2026-10-09T04:37:14Z	1411711	/scratch/mmoslem3/MKDT/benchmarks/downstream/jobs/evaluate/CUB2011_ConvNet_none_no_pretrain_size0_lbl1.sh
2026-10-09T04:37:14Z	1411712	/scratch/mmoslem3/MKDT/benchmarks/downstream/jobs/evaluate/CUB2011_ConvNet_none_no_pretrain_size0_lbl5.sh
2026-10-09T04:37:15Z	1411713	/scratch/mmoslem3/MKDT/benchmarks/downstream/jobs/evaluate/CUB2011_VGG11_simclr_random_size1_lbl1.sh
2026-10-09T04:37:15Z	1411714	/scratch/mmoslem3/MKDT/benchmarks/downstream/jobs/evaluate/CUB2011_VGG11_simclr_random_size1_lbl5.sh
2026-10-09T04:37:15Z	1411715	/scratch/mmoslem3/MKDT/benchmarks/downstream/jobs/evaluate/CUB2011_VGG11_simclr_random_size2_lbl1.sh
2026-10-09T04:37:15Z	1411716	/scratch/mmoslem3/MKDT/benchmarks/downstream/jobs/evaluate/CUB2011_VGG11_simclr_random_size2_lbl5.sh
2026-10-09T04:37:15Z	1411717	/scratch/mmoslem3/MKDT/benchmarks/downstream/jobs/evaluate/CUB2011_VGG11_simclr_random_size5_lbl1.sh
2026-10-09T04:37:15Z	1411718	/scratch/mmoslem3/MKDT/benchmarks/downstream/jobs/evaluate/CUB2011_VGG11_simclr_random_size5_lbl5.sh
2026-10-09T04:37:15Z	1411719	/scratch/mmoslem3/MKDT/benchmarks/downstream/jobs/evaluate/CUB2011_VGG11_simclr_kmeans_size1_lbl1.sh
2026-10-09T04:37:15Z	1411720	/scratch/mmoslem3/MKDT/benchmarks/downstream/jobs/evaluate/CUB2011_VGG11_simclr_kmeans_size1_lbl5.sh
2026-10-09T04:37:15Z	1411721	/scratch/mmoslem3/MKDT/benchmarks/downstream/jobs/evaluate/CUB2011_VGG11_simclr_kmeans_size2_lbl1.sh
2026-10-09T04:37:15Z	1411722	/scratch/mmoslem3/MKDT/benchmarks/downstream/jobs/evaluate/CUB2011_VGG11_simclr_kmeans_size2_lbl5.sh
2026-10-09T04:37:15Z	1411723	/scratch/mmoslem3/MKDT/benchmarks/downstream/jobs/evaluate/CUB2011_VGG11_simclr_kmeans_size5_lbl1.sh
2026-10-09T04:37:15Z	1411724	/scratch/mmoslem3/MKDT/benchmarks/downstream/jobs/evaluate/CUB2011_VGG11_simclr_kmeans_size5_lbl5.sh
2026-10-09T04:37:15Z	1411725	/scratch/mmoslem3/MKDT/benchmarks/downstream/jobs/evaluate/CUB2011_VGG11_barlowtwins_random_size1_lbl1.sh
2026-10-09T04:37:15Z	1411726	/scratch/mmoslem3/MKDT/benchmarks/downstream/jobs/evaluate/CUB2011_VGG11_barlowtwins_random_size1_lbl5.sh
2026-10-09T04:37:15Z	1411727	/scratch/mmoslem3/MKDT/benchmarks/downstream/jobs/evaluate/CUB2011_VGG11_barlowtwins_random_size2_lbl1.sh
2026-10-09T04:37:15Z	1411728	/scratch/mmoslem3/MKDT/benchmarks/downstream/jobs/evaluate/CUB2011_VGG11_barlowtwins_random_size2_lbl5.sh
2026-10-09T04:37:15Z	1411729	/scratch/mmoslem3/MKDT/benchmarks/downstream/jobs/evaluate/CUB2011_VGG11_barlowtwins_random_size5_lbl1.sh
2026-10-09T04:37:15Z	1411730	/scratch/mmoslem3/MKDT/benchmarks/downstream/jobs/evaluate/CUB2011_VGG11_barlowtwins_random_size5_lbl5.sh
2026-10-09T04:37:15Z	1411731	/scratch/mmoslem3/MKDT/benchmarks/downstream/jobs/evaluate/CUB2011_VGG11_barlowtwins_kmeans_size1_lbl1.sh
2026-10-09T04:37:15Z	1411732	/scratch/mmoslem3/MKDT/benchmarks/downstream/jobs/evaluate/CUB2011_VGG11_barlowtwins_kmeans_size1_lbl5.sh
2026-10-09T04:37:15Z	1411733	/scratch/mmoslem3/MKDT/benchmarks/downstream/jobs/evaluate/CUB2011_VGG11_barlowtwins_kmeans_size2_lbl1.sh
2026-10-09T04:37:15Z	1411734	/scratch/mmoslem3/MKDT/benchmarks/downstream/jobs/evaluate/CUB2011_VGG11_barlowtwins_kmeans_size2_lbl5.sh
2026-10-09T04:37:15Z	1411735	/scratch/mmoslem3/MKDT/benchmarks/downstream/jobs/evaluate/CUB2011_VGG11_barlowtwins_kmeans_size5_lbl1.sh
2026-10-09T04:37:15Z	1411736	/scratch/mmoslem3/MKDT/benchmarks/downstream/jobs/evaluate/CUB2011_VGG11_barlowtwins_kmeans_size5_lbl5.sh
2026-10-09T04:37:15Z	1411737	/scratch/mmoslem3/MKDT/benchmarks/downstream/jobs/evaluate/CUB2011_VGG11_none_no_pretrain_size0_lbl1.sh
2026-10-09T04:37:15Z	1411738	/scratch/mmoslem3/MKDT/benchmarks/downstream/jobs/evaluate/CUB2011_VGG11_none_no_pretrain_size0_lbl5.sh
2026-10-09T04:37:15Z	1411739	/scratch/mmoslem3/MKDT/benchmarks/downstream/jobs/evaluate/CUB2011_ResNet18_simclr_random_size1_lbl1.sh
2026-10-09T04:37:15Z	1411740	/scratch/mmoslem3/MKDT/benchmarks/downstream/jobs/evaluate/CUB2011_ResNet18_simclr_random_size1_lbl5.sh
2026-10-09T04:37:15Z	1411741	/scratch/mmoslem3/MKDT/benchmarks/downstream/jobs/evaluate/CUB2011_ResNet18_simclr_random_size2_lbl1.sh
2026-10-09T04:37:15Z	1411742	/scratch/mmoslem3/MKDT/benchmarks/downstream/jobs/evaluate/CUB2011_ResNet18_simclr_random_size2_lbl5.sh
2026-10-09T04:37:15Z	1411743	/scratch/mmoslem3/MKDT/benchmarks/downstream/jobs/evaluate/CUB2011_ResNet18_simclr_random_size5_lbl1.sh
2026-10-09T04:37:15Z	1411744	/scratch/mmoslem3/MKDT/benchmarks/downstream/jobs/evaluate/CUB2011_ResNet18_simclr_random_size5_lbl5.sh
2026-10-09T04:37:15Z	1411745	/scratch/mmoslem3/MKDT/benchmarks/downstream/jobs/evaluate/CUB2011_ResNet18_simclr_kmeans_size1_lbl1.sh
2026-10-09T04:37:15Z	1411746	/scratch/mmoslem3/MKDT/benchmarks/downstream/jobs/evaluate/CUB2011_ResNet18_simclr_kmeans_size1_lbl5.sh
2026-10-09T04:37:15Z	1411747	/scratch/mmoslem3/MKDT/benchmarks/downstream/jobs/evaluate/CUB2011_ResNet18_simclr_kmeans_size2_lbl1.sh
2026-10-09T04:37:15Z	1411748	/scratch/mmoslem3/MKDT/benchmarks/downstream/jobs/evaluate/CUB2011_ResNet18_simclr_kmeans_size2_lbl5.sh
2026-10-09T04:37:15Z	1411749	/scratch/mmoslem3/MKDT/benchmarks/downstream/jobs/evaluate/CUB2011_ResNet18_simclr_kmeans_size5_lbl1.sh
2026-10-09T04:37:15Z	1411750	/scratch/mmoslem3/MKDT/benchmarks/downstream/jobs/evaluate/CUB2011_ResNet18_simclr_kmeans_size5_lbl5.sh
2026-10-09T04:37:15Z	1411751	/scratch/mmoslem3/MKDT/benchmarks/downstream/jobs/evaluate/CUB2011_ResNet18_barlowtwins_random_size1_lbl1.sh
2026-10-09T04:37:15Z	1411752	/scratch/mmoslem3/MKDT/benchmarks/downstream/jobs/evaluate/CUB2011_ResNet18_barlowtwins_random_size1_lbl5.sh
2026-10-09T04:37:15Z	1411753	/scratch/mmoslem3/MKDT/benchmarks/downstream/jobs/evaluate/CUB2011_ResNet18_barlowtwins_random_size2_lbl1.sh
2026-10-09T04:37:16Z	1411754	/scratch/mmoslem3/MKDT/benchmarks/downstream/jobs/evaluate/CUB2011_ResNet18_barlowtwins_random_size2_lbl5.sh
2026-10-09T04:37:16Z	1411755	/scratch/mmoslem3/MKDT/benchmarks/downstream/jobs/evaluate/CUB2011_ResNet18_barlowtwins_random_size5_lbl1.sh
2026-10-09T04:37:16Z	1411756	/scratch/mmoslem3/MKDT/benchmarks/downstream/jobs/evaluate/CUB2011_ResNet18_barlowtwins_random_size5_lbl5.sh
2026-10-09T04:37:16Z	1411757	/scratch/mmoslem3/MKDT/benchmarks/downstream/jobs/evaluate/CUB2011_ResNet18_barlowtwins_kmeans_size1_lbl1.sh
2026-10-09T04:37:16Z	1411758	/scratch/mmoslem3/MKDT/benchmarks/downstream/jobs/evaluate/CUB2011_ResNet18_barlowtwins_kmeans_size1_lbl5.sh
2026-10-09T04:37:16Z	1411759	/scratch/mmoslem3/MKDT/benchmarks/downstream/jobs/evaluate/CUB2011_ResNet18_barlowtwins_kmeans_size2_lbl1.sh
2026-10-09T04:37:16Z	1411760	/scratch/mmoslem3/MKDT/benchmarks/downstream/jobs/evaluate/CUB2011_ResNet18_barlowtwins_kmeans_size2_lbl5.sh
2026-10-09T04:37:16Z	1411761	/scratch/mmoslem3/MKDT/benchmarks/downstream/jobs/evaluate/CUB2011_ResNet18_barlowtwins_kmeans_size5_lbl1.sh
2026-10-09T04:37:16Z	1411762	/scratch/mmoslem3/MKDT/benchmarks/downstream/jobs/evaluate/CUB2011_ResNet18_barlowtwins_kmeans_size5_lbl5.sh
2026-10-09T04:37:16Z	1411763	/scratch/mmoslem3/MKDT/benchmarks/downstream/jobs/evaluate/CUB2011_ResNet18_none_no_pretrain_size0_lbl1.sh
2026-10-09T04:37:16Z	1411764	/scratch/mmoslem3/MKDT/benchmarks/downstream/jobs/evaluate/CUB2011_ResNet18_none_no_pretrain_size0_lbl5.sh
2026-10-09T04:37:16Z	1411765	/scratch/mmoslem3/MKDT/benchmarks/downstream/jobs/evaluate/Dogs_ConvNet_simclr_random_size1_lbl1.sh
2026-10-09T04:37:16Z	1411766	/scratch/mmoslem3/MKDT/benchmarks/downstream/jobs/evaluate/Dogs_ConvNet_simclr_random_size1_lbl5.sh
2026-10-09T04:37:16Z	1411767	/scratch/mmoslem3/MKDT/benchmarks/downstream/jobs/evaluate/Dogs_ConvNet_simclr_random_size2_lbl1.sh
2026-10-09T04:37:16Z	1411768	/scratch/mmoslem3/MKDT/benchmarks/downstream/jobs/evaluate/Dogs_ConvNet_simclr_random_size2_lbl5.sh
2026-10-09T04:37:16Z	1411769	/scratch/mmoslem3/MKDT/benchmarks/downstream/jobs/evaluate/Dogs_ConvNet_simclr_random_size5_lbl1.sh
2026-10-09T04:37:16Z	1411770	/scratch/mmoslem3/MKDT/benchmarks/downstream/jobs/evaluate/Dogs_ConvNet_simclr_random_size5_lbl5.sh
2026-10-09T04:37:16Z	1411771	/scratch/mmoslem3/MKDT/benchmarks/downstream/jobs/evaluate/Dogs_ConvNet_simclr_kmeans_size1_lbl1.sh
2026-10-09T04:37:16Z	1411772	/scratch/mmoslem3/MKDT/benchmarks/downstream/jobs/evaluate/Dogs_ConvNet_simclr_kmeans_size1_lbl5.sh
2026-10-09T04:37:16Z	1411773	/scratch/mmoslem3/MKDT/benchmarks/downstream/jobs/evaluate/Dogs_ConvNet_simclr_kmeans_size2_lbl1.sh
2026-10-09T04:37:16Z	1411774	/scratch/mmoslem3/MKDT/benchmarks/downstream/jobs/evaluate/Dogs_ConvNet_simclr_kmeans_size2_lbl5.sh
2026-10-09T04:37:16Z	1411775	/scratch/mmoslem3/MKDT/benchmarks/downstream/jobs/evaluate/Dogs_ConvNet_simclr_kmeans_size5_lbl1.sh
2026-10-09T04:37:16Z	1411776	/scratch/mmoslem3/MKDT/benchmarks/downstream/jobs/evaluate/Dogs_ConvNet_simclr_kmeans_size5_lbl5.sh
2026-10-09T04:37:16Z	1411777	/scratch/mmoslem3/MKDT/benchmarks/downstream/jobs/evaluate/Dogs_ConvNet_barlowtwins_random_size1_lbl1.sh
2026-10-09T04:37:16Z	1411778	/scratch/mmoslem3/MKDT/benchmarks/downstream/jobs/evaluate/Dogs_ConvNet_barlowtwins_random_size1_lbl5.sh
2026-10-09T04:37:16Z	1411779	/scratch/mmoslem3/MKDT/benchmarks/downstream/jobs/evaluate/Dogs_ConvNet_barlowtwins_random_size2_lbl1.sh
2026-10-09T04:37:16Z	1411780	/scratch/mmoslem3/MKDT/benchmarks/downstream/jobs/evaluate/Dogs_ConvNet_barlowtwins_random_size2_lbl5.sh
2026-10-09T04:37:16Z	1411781	/scratch/mmoslem3/MKDT/benchmarks/downstream/jobs/evaluate/Dogs_ConvNet_barlowtwins_random_size5_lbl1.sh
2026-10-09T04:37:16Z	1411782	/scratch/mmoslem3/MKDT/benchmarks/downstream/jobs/evaluate/Dogs_ConvNet_barlowtwins_random_size5_lbl5.sh
2026-10-09T04:37:16Z	1411783	/scratch/mmoslem3/MKDT/benchmarks/downstream/jobs/evaluate/Dogs_ConvNet_barlowtwins_kmeans_size1_lbl1.sh
2026-10-09T04:37:16Z	1411784	/scratch/mmoslem3/MKDT/benchmarks/downstream/jobs/evaluate/Dogs_ConvNet_barlowtwins_kmeans_size1_lbl5.sh
2026-10-09T04:37:16Z	1411785	/scratch/mmoslem3/MKDT/benchmarks/downstream/jobs/evaluate/Dogs_ConvNet_barlowtwins_kmeans_size2_lbl1.sh
2026-10-09T04:37:16Z	1411786	/scratch/mmoslem3/MKDT/benchmarks/downstream/jobs/evaluate/Dogs_ConvNet_barlowtwins_kmeans_size2_lbl5.sh
2026-10-09T04:37:16Z	1411787	/scratch/mmoslem3/MKDT/benchmarks/downstream/jobs/evaluate/Dogs_ConvNet_barlowtwins_kmeans_size5_lbl1.sh
2026-10-09T04:37:16Z	1411788	/scratch/mmoslem3/MKDT/benchmarks/downstream/jobs/evaluate/Dogs_ConvNet_barlowtwins_kmeans_size5_lbl5.sh
2026-10-09T04:37:16Z	1411789	/scratch/mmoslem3/MKDT/benchmarks/downstream/jobs/evaluate/Dogs_ConvNet_none_no_pretrain_size0_lbl1.sh
2026-10-09T04:37:16Z	1411790	/scratch/mmoslem3/MKDT/benchmarks/downstream/jobs/evaluate/Dogs_ConvNet_none_no_pretrain_size0_lbl5.sh
2026-10-09T04:37:16Z	1411791	/scratch/mmoslem3/MKDT/benchmarks/downstream/jobs/evaluate/Dogs_VGG11_simclr_random_size1_lbl1.sh
2026-10-09T04:37:16Z	1411792	/scratch/mmoslem3/MKDT/benchmarks/downstream/jobs/evaluate/Dogs_VGG11_simclr_random_size1_lbl5.sh
2026-10-09T04:37:16Z	1411793	/scratch/mmoslem3/MKDT/benchmarks/downstream/jobs/evaluate/Dogs_VGG11_simclr_random_size2_lbl1.sh
2026-10-09T04:37:16Z	1411794	/scratch/mmoslem3/MKDT/benchmarks/downstream/jobs/evaluate/Dogs_VGG11_simclr_random_size2_lbl5.sh
2026-10-09T04:37:17Z	1411795	/scratch/mmoslem3/MKDT/benchmarks/downstream/jobs/evaluate/Dogs_VGG11_simclr_random_size5_lbl1.sh
2026-10-09T04:37:17Z	1411796	/scratch/mmoslem3/MKDT/benchmarks/downstream/jobs/evaluate/Dogs_VGG11_simclr_random_size5_lbl5.sh
2026-10-09T04:37:17Z	1411797	/scratch/mmoslem3/MKDT/benchmarks/downstream/jobs/evaluate/Dogs_VGG11_simclr_kmeans_size1_lbl1.sh
2026-10-09T04:37:17Z	1411798	/scratch/mmoslem3/MKDT/benchmarks/downstream/jobs/evaluate/Dogs_VGG11_simclr_kmeans_size1_lbl5.sh
2026-10-09T04:37:17Z	1411799	/scratch/mmoslem3/MKDT/benchmarks/downstream/jobs/evaluate/Dogs_VGG11_simclr_kmeans_size2_lbl1.sh
2026-10-09T04:37:17Z	1411800	/scratch/mmoslem3/MKDT/benchmarks/downstream/jobs/evaluate/Dogs_VGG11_simclr_kmeans_size2_lbl5.sh
2026-10-09T04:37:17Z	1411801	/scratch/mmoslem3/MKDT/benchmarks/downstream/jobs/evaluate/Dogs_VGG11_simclr_kmeans_size5_lbl1.sh
2026-10-09T04:37:17Z	1411802	/scratch/mmoslem3/MKDT/benchmarks/downstream/jobs/evaluate/Dogs_VGG11_simclr_kmeans_size5_lbl5.sh
2026-10-09T04:37:17Z	1411803	/scratch/mmoslem3/MKDT/benchmarks/downstream/jobs/evaluate/Dogs_VGG11_barlowtwins_random_size1_lbl1.sh
2026-10-09T04:37:17Z	1411804	/scratch/mmoslem3/MKDT/benchmarks/downstream/jobs/evaluate/Dogs_VGG11_barlowtwins_random_size1_lbl5.sh
2026-10-09T04:37:17Z	1411805	/scratch/mmoslem3/MKDT/benchmarks/downstream/jobs/evaluate/Dogs_VGG11_barlowtwins_random_size2_lbl1.sh
2026-10-09T04:37:17Z	1411806	/scratch/mmoslem3/MKDT/benchmarks/downstream/jobs/evaluate/Dogs_VGG11_barlowtwins_random_size2_lbl5.sh
2026-10-09T04:37:17Z	1411807	/scratch/mmoslem3/MKDT/benchmarks/downstream/jobs/evaluate/Dogs_VGG11_barlowtwins_random_size5_lbl1.sh
2026-10-09T04:37:17Z	1411808	/scratch/mmoslem3/MKDT/benchmarks/downstream/jobs/evaluate/Dogs_VGG11_barlowtwins_random_size5_lbl5.sh
2026-10-09T04:37:17Z	1411809	/scratch/mmoslem3/MKDT/benchmarks/downstream/jobs/evaluate/Dogs_VGG11_barlowtwins_kmeans_size1_lbl1.sh
2026-10-09T04:37:17Z	1411810	/scratch/mmoslem3/MKDT/benchmarks/downstream/jobs/evaluate/Dogs_VGG11_barlowtwins_kmeans_size1_lbl5.sh
2026-10-09T04:37:17Z	1411811	/scratch/mmoslem3/MKDT/benchmarks/downstream/jobs/evaluate/Dogs_VGG11_barlowtwins_kmeans_size2_lbl1.sh
2026-10-09T04:37:17Z	1411812	/scratch/mmoslem3/MKDT/benchmarks/downstream/jobs/evaluate/Dogs_VGG11_barlowtwins_kmeans_size2_lbl5.sh
2026-10-09T04:37:17Z	1411813	/scratch/mmoslem3/MKDT/benchmarks/downstream/jobs/evaluate/Dogs_VGG11_barlowtwins_kmeans_size5_lbl1.sh
2026-10-09T04:37:17Z	1411814	/scratch/mmoslem3/MKDT/benchmarks/downstream/jobs/evaluate/Dogs_VGG11_barlowtwins_kmeans_size5_lbl5.sh
2026-10-09T04:37:17Z	1411815	/scratch/mmoslem3/MKDT/benchmarks/downstream/jobs/evaluate/Dogs_VGG11_none_no_pretrain_size0_lbl1.sh
2026-10-09T04:37:17Z	1411816	/scratch/mmoslem3/MKDT/benchmarks/downstream/jobs/evaluate/Dogs_VGG11_none_no_pretrain_size0_lbl5.sh
2026-10-09T04:37:17Z	1411817	/scratch/mmoslem3/MKDT/benchmarks/downstream/jobs/evaluate/Dogs_ResNet18_simclr_random_size1_lbl1.sh
2026-10-09T04:37:17Z	1411818	/scratch/mmoslem3/MKDT/benchmarks/downstream/jobs/evaluate/Dogs_ResNet18_simclr_random_size1_lbl5.sh
2026-10-09T04:37:17Z	1411819	/scratch/mmoslem3/MKDT/benchmarks/downstream/jobs/evaluate/Dogs_ResNet18_simclr_random_size2_lbl1.sh
2026-10-09T04:37:17Z	1411820	/scratch/mmoslem3/MKDT/benchmarks/downstream/jobs/evaluate/Dogs_ResNet18_simclr_random_size2_lbl5.sh
2026-10-09T04:37:17Z	1411821	/scratch/mmoslem3/MKDT/benchmarks/downstream/jobs/evaluate/Dogs_ResNet18_simclr_random_size5_lbl1.sh
2026-10-09T04:37:17Z	1411822	/scratch/mmoslem3/MKDT/benchmarks/downstream/jobs/evaluate/Dogs_ResNet18_simclr_random_size5_lbl5.sh
2026-10-09T04:37:17Z	1411823	/scratch/mmoslem3/MKDT/benchmarks/downstream/jobs/evaluate/Dogs_ResNet18_simclr_kmeans_size1_lbl1.sh
2026-10-09T04:37:17Z	1411824	/scratch/mmoslem3/MKDT/benchmarks/downstream/jobs/evaluate/Dogs_ResNet18_simclr_kmeans_size1_lbl5.sh
2026-10-09T04:37:17Z	1411825	/scratch/mmoslem3/MKDT/benchmarks/downstream/jobs/evaluate/Dogs_ResNet18_simclr_kmeans_size2_lbl1.sh
2026-10-09T04:37:17Z	1411826	/scratch/mmoslem3/MKDT/benchmarks/downstream/jobs/evaluate/Dogs_ResNet18_simclr_kmeans_size2_lbl5.sh
2026-10-09T04:37:17Z	1411827	/scratch/mmoslem3/MKDT/benchmarks/downstream/jobs/evaluate/Dogs_ResNet18_simclr_kmeans_size5_lbl1.sh
2026-10-09T04:37:17Z	1411828	/scratch/mmoslem3/MKDT/benchmarks/downstream/jobs/evaluate/Dogs_ResNet18_simclr_kmeans_size5_lbl5.sh
2026-10-09T04:37:17Z	1411829	/scratch/mmoslem3/MKDT/benchmarks/downstream/jobs/evaluate/Dogs_ResNet18_barlowtwins_random_size1_lbl1.sh
2026-10-09T04:37:17Z	1411830	/scratch/mmoslem3/MKDT/benchmarks/downstream/jobs/evaluate/Dogs_ResNet18_barlowtwins_random_size1_lbl5.sh
2026-10-09T04:37:17Z	1411831	/scratch/mmoslem3/MKDT/benchmarks/downstream/jobs/evaluate/Dogs_ResNet18_barlowtwins_random_size2_lbl1.sh
2026-10-09T04:37:17Z	1411832	/scratch/mmoslem3/MKDT/benchmarks/downstream/jobs/evaluate/Dogs_ResNet18_barlowtwins_random_size2_lbl5.sh
2026-10-09T04:37:17Z	1411833	/scratch/mmoslem3/MKDT/benchmarks/downstream/jobs/evaluate/Dogs_ResNet18_barlowtwins_random_size5_lbl1.sh
2026-10-09T04:37:17Z	1411834	/scratch/mmoslem3/MKDT/benchmarks/downstream/jobs/evaluate/Dogs_ResNet18_barlowtwins_random_size5_lbl5.sh
2026-10-09T04:37:17Z	1411835	/scratch/mmoslem3/MKDT/benchmarks/downstream/jobs/evaluate/Dogs_ResNet18_barlowtwins_kmeans_size1_lbl1.sh
2026-10-09T04:37:17Z	1411836	/scratch/mmoslem3/MKDT/benchmarks/downstream/jobs/evaluate/Dogs_ResNet18_barlowtwins_kmeans_size1_lbl5.sh
2026-10-09T04:37:18Z	1411837	/scratch/mmoslem3/MKDT/benchmarks/downstream/jobs/evaluate/Dogs_ResNet18_barlowtwins_kmeans_size2_lbl1.sh
2026-10-09T04:37:18Z	1411838	/scratch/mmoslem3/MKDT/benchmarks/downstream/jobs/evaluate/Dogs_ResNet18_barlowtwins_kmeans_size2_lbl5.sh
2026-10-09T04:37:18Z	1411839	/scratch/mmoslem3/MKDT/benchmarks/downstream/jobs/evaluate/Dogs_ResNet18_barlowtwins_kmeans_size5_lbl1.sh
2026-10-09T04:37:18Z	1411840	/scratch/mmoslem3/MKDT/benchmarks/downstream/jobs/evaluate/Dogs_ResNet18_barlowtwins_kmeans_size5_lbl5.sh
2026-10-09T04:37:18Z	1411841	/scratch/mmoslem3/MKDT/benchmarks/downstream/jobs/evaluate/Dogs_ResNet18_none_no_pretrain_size0_lbl1.sh
2026-10-09T04:37:18Z	1411842	/scratch/mmoslem3/MKDT/benchmarks/downstream/jobs/evaluate/Dogs_ResNet18_none_no_pretrain_size0_lbl5.sh
2026-10-09T04:37:18Z	1411843	/scratch/mmoslem3/MKDT/benchmarks/downstream/jobs/evaluate/Flowers_ConvNet_simclr_random_size1_lbl1.sh
2026-10-09T04:37:18Z	1411844	/scratch/mmoslem3/MKDT/benchmarks/downstream/jobs/evaluate/Flowers_ConvNet_simclr_random_size1_lbl5.sh
2026-10-09T04:37:18Z	1411845	/scratch/mmoslem3/MKDT/benchmarks/downstream/jobs/evaluate/Flowers_ConvNet_simclr_random_size2_lbl1.sh
2026-10-09T04:37:18Z	1411846	/scratch/mmoslem3/MKDT/benchmarks/downstream/jobs/evaluate/Flowers_ConvNet_simclr_random_size2_lbl5.sh
2026-10-09T04:37:18Z	1411847	/scratch/mmoslem3/MKDT/benchmarks/downstream/jobs/evaluate/Flowers_ConvNet_simclr_random_size5_lbl1.sh
2026-10-09T04:37:18Z	1411848	/scratch/mmoslem3/MKDT/benchmarks/downstream/jobs/evaluate/Flowers_ConvNet_simclr_random_size5_lbl5.sh
2026-10-09T04:37:18Z	1411849	/scratch/mmoslem3/MKDT/benchmarks/downstream/jobs/evaluate/Flowers_ConvNet_simclr_kmeans_size1_lbl1.sh
2026-10-09T04:37:18Z	1411850	/scratch/mmoslem3/MKDT/benchmarks/downstream/jobs/evaluate/Flowers_ConvNet_simclr_kmeans_size1_lbl5.sh
2026-10-09T04:37:18Z	1411851	/scratch/mmoslem3/MKDT/benchmarks/downstream/jobs/evaluate/Flowers_ConvNet_simclr_kmeans_size2_lbl1.sh
2026-10-09T04:37:18Z	1411852	/scratch/mmoslem3/MKDT/benchmarks/downstream/jobs/evaluate/Flowers_ConvNet_simclr_kmeans_size2_lbl5.sh
2026-10-09T04:37:18Z	1411853	/scratch/mmoslem3/MKDT/benchmarks/downstream/jobs/evaluate/Flowers_ConvNet_simclr_kmeans_size5_lbl1.sh
2026-10-09T04:37:18Z	1411854	/scratch/mmoslem3/MKDT/benchmarks/downstream/jobs/evaluate/Flowers_ConvNet_simclr_kmeans_size5_lbl5.sh
2026-10-09T04:37:18Z	1411855	/scratch/mmoslem3/MKDT/benchmarks/downstream/jobs/evaluate/Flowers_ConvNet_barlowtwins_random_size1_lbl1.sh
2026-10-09T04:37:18Z	1411856	/scratch/mmoslem3/MKDT/benchmarks/downstream/jobs/evaluate/Flowers_ConvNet_barlowtwins_random_size1_lbl5.sh
2026-10-09T04:37:18Z	1411857	/scratch/mmoslem3/MKDT/benchmarks/downstream/jobs/evaluate/Flowers_ConvNet_barlowtwins_random_size2_lbl1.sh
2026-10-09T04:37:18Z	1411858	/scratch/mmoslem3/MKDT/benchmarks/downstream/jobs/evaluate/Flowers_ConvNet_barlowtwins_random_size2_lbl5.sh
2026-10-09T04:37:18Z	1411859	/scratch/mmoslem3/MKDT/benchmarks/downstream/jobs/evaluate/Flowers_ConvNet_barlowtwins_random_size5_lbl1.sh
2026-10-09T04:37:18Z	1411860	/scratch/mmoslem3/MKDT/benchmarks/downstream/jobs/evaluate/Flowers_ConvNet_barlowtwins_random_size5_lbl5.sh
2026-10-09T04:37:18Z	1411861	/scratch/mmoslem3/MKDT/benchmarks/downstream/jobs/evaluate/Flowers_ConvNet_barlowtwins_kmeans_size1_lbl1.sh
2026-10-09T04:37:18Z	1411862	/scratch/mmoslem3/MKDT/benchmarks/downstream/jobs/evaluate/Flowers_ConvNet_barlowtwins_kmeans_size1_lbl5.sh
2026-10-09T04:37:18Z	1411863	/scratch/mmoslem3/MKDT/benchmarks/downstream/jobs/evaluate/Flowers_ConvNet_barlowtwins_kmeans_size2_lbl1.sh
2026-10-09T04:37:18Z	1411864	/scratch/mmoslem3/MKDT/benchmarks/downstream/jobs/evaluate/Flowers_ConvNet_barlowtwins_kmeans_size2_lbl5.sh
2026-10-09T04:37:18Z	1411865	/scratch/mmoslem3/MKDT/benchmarks/downstream/jobs/evaluate/Flowers_ConvNet_barlowtwins_kmeans_size5_lbl1.sh
2026-10-09T04:37:18Z	1411866	/scratch/mmoslem3/MKDT/benchmarks/downstream/jobs/evaluate/Flowers_ConvNet_barlowtwins_kmeans_size5_lbl5.sh
2026-10-09T04:37:18Z	1411867	/scratch/mmoslem3/MKDT/benchmarks/downstream/jobs/evaluate/Flowers_ConvNet_none_no_pretrain_size0_lbl1.sh
2026-10-09T04:37:18Z	1411868	/scratch/mmoslem3/MKDT/benchmarks/downstream/jobs/evaluate/Flowers_ConvNet_none_no_pretrain_size0_lbl5.sh
2026-10-09T04:37:18Z	1411869	/scratch/mmoslem3/MKDT/benchmarks/downstream/jobs/evaluate/Flowers_VGG11_simclr_random_size1_lbl1.sh
2026-10-09T04:37:18Z	1411870	/scratch/mmoslem3/MKDT/benchmarks/downstream/jobs/evaluate/Flowers_VGG11_simclr_random_size1_lbl5.sh
2026-10-09T04:37:18Z	1411871	/scratch/mmoslem3/MKDT/benchmarks/downstream/jobs/evaluate/Flowers_VGG11_simclr_random_size2_lbl1.sh
2026-10-09T04:37:18Z	1411872	/scratch/mmoslem3/MKDT/benchmarks/downstream/jobs/evaluate/Flowers_VGG11_simclr_random_size2_lbl5.sh
2026-10-09T04:37:18Z	1411873	/scratch/mmoslem3/MKDT/benchmarks/downstream/jobs/evaluate/Flowers_VGG11_simclr_random_size5_lbl1.sh
2026-10-09T04:37:18Z	1411874	/scratch/mmoslem3/MKDT/benchmarks/downstream/jobs/evaluate/Flowers_VGG11_simclr_random_size5_lbl5.sh
2026-10-09T04:37:18Z	1411875	/scratch/mmoslem3/MKDT/benchmarks/downstream/jobs/evaluate/Flowers_VGG11_simclr_kmeans_size1_lbl1.sh
2026-10-09T04:37:18Z	1411876	/scratch/mmoslem3/MKDT/benchmarks/downstream/jobs/evaluate/Flowers_VGG11_simclr_kmeans_size1_lbl5.sh
2026-10-09T04:37:18Z	1411877	/scratch/mmoslem3/MKDT/benchmarks/downstream/jobs/evaluate/Flowers_VGG11_simclr_kmeans_size2_lbl1.sh
2026-10-09T04:37:18Z	1411878	/scratch/mmoslem3/MKDT/benchmarks/downstream/jobs/evaluate/Flowers_VGG11_simclr_kmeans_size2_lbl5.sh
2026-10-09T04:37:19Z	1411879	/scratch/mmoslem3/MKDT/benchmarks/downstream/jobs/evaluate/Flowers_VGG11_simclr_kmeans_size5_lbl1.sh
2026-10-09T04:37:19Z	1411880	/scratch/mmoslem3/MKDT/benchmarks/downstream/jobs/evaluate/Flowers_VGG11_simclr_kmeans_size5_lbl5.sh
2026-10-09T04:37:19Z	1411881	/scratch/mmoslem3/MKDT/benchmarks/downstream/jobs/evaluate/Flowers_VGG11_barlowtwins_random_size1_lbl1.sh
2026-10-09T04:37:19Z	1411882	/scratch/mmoslem3/MKDT/benchmarks/downstream/jobs/evaluate/Flowers_VGG11_barlowtwins_random_size1_lbl5.sh
2026-10-09T04:37:19Z	1411883	/scratch/mmoslem3/MKDT/benchmarks/downstream/jobs/evaluate/Flowers_VGG11_barlowtwins_random_size2_lbl1.sh
2026-10-09T04:37:19Z	1411884	/scratch/mmoslem3/MKDT/benchmarks/downstream/jobs/evaluate/Flowers_VGG11_barlowtwins_random_size2_lbl5.sh
2026-10-09T04:37:19Z	1411885	/scratch/mmoslem3/MKDT/benchmarks/downstream/jobs/evaluate/Flowers_VGG11_barlowtwins_random_size5_lbl1.sh
2026-10-09T04:37:19Z	1411886	/scratch/mmoslem3/MKDT/benchmarks/downstream/jobs/evaluate/Flowers_VGG11_barlowtwins_random_size5_lbl5.sh
2026-10-09T04:37:19Z	1411887	/scratch/mmoslem3/MKDT/benchmarks/downstream/jobs/evaluate/Flowers_VGG11_barlowtwins_kmeans_size1_lbl1.sh
2026-10-09T04:37:19Z	1411888	/scratch/mmoslem3/MKDT/benchmarks/downstream/jobs/evaluate/Flowers_VGG11_barlowtwins_kmeans_size1_lbl5.sh
2026-10-09T04:37:19Z	1411889	/scratch/mmoslem3/MKDT/benchmarks/downstream/jobs/evaluate/Flowers_VGG11_barlowtwins_kmeans_size2_lbl1.sh
2026-10-09T04:37:19Z	1411890	/scratch/mmoslem3/MKDT/benchmarks/downstream/jobs/evaluate/Flowers_VGG11_barlowtwins_kmeans_size2_lbl5.sh
2026-10-09T04:37:19Z	1411891	/scratch/mmoslem3/MKDT/benchmarks/downstream/jobs/evaluate/Flowers_VGG11_barlowtwins_kmeans_size5_lbl1.sh
2026-10-09T04:37:19Z	1411892	/scratch/mmoslem3/MKDT/benchmarks/downstream/jobs/evaluate/Flowers_VGG11_barlowtwins_kmeans_size5_lbl5.sh
2026-10-09T04:37:19Z	1411893	/scratch/mmoslem3/MKDT/benchmarks/downstream/jobs/evaluate/Flowers_VGG11_none_no_pretrain_size0_lbl1.sh
2026-10-09T04:37:19Z	1411894	/scratch/mmoslem3/MKDT/benchmarks/downstream/jobs/evaluate/Flowers_VGG11_none_no_pretrain_size0_lbl5.sh
2026-10-09T04:37:19Z	1411895	/scratch/mmoslem3/MKDT/benchmarks/downstream/jobs/evaluate/Flowers_ResNet18_simclr_random_size1_lbl1.sh
2026-10-09T04:37:19Z	1411896	/scratch/mmoslem3/MKDT/benchmarks/downstream/jobs/evaluate/Flowers_ResNet18_simclr_random_size1_lbl5.sh
2026-10-09T04:37:19Z	1411897	/scratch/mmoslem3/MKDT/benchmarks/downstream/jobs/evaluate/Flowers_ResNet18_simclr_random_size2_lbl1.sh
2026-10-09T04:37:19Z	1411898	/scratch/mmoslem3/MKDT/benchmarks/downstream/jobs/evaluate/Flowers_ResNet18_simclr_random_size2_lbl5.sh
2026-10-09T04:37:19Z	1411899	/scratch/mmoslem3/MKDT/benchmarks/downstream/jobs/evaluate/Flowers_ResNet18_simclr_random_size5_lbl1.sh
2026-10-09T04:37:19Z	1411900	/scratch/mmoslem3/MKDT/benchmarks/downstream/jobs/evaluate/Flowers_ResNet18_simclr_random_size5_lbl5.sh
2026-10-09T04:37:19Z	1411901	/scratch/mmoslem3/MKDT/benchmarks/downstream/jobs/evaluate/Flowers_ResNet18_simclr_kmeans_size1_lbl1.sh
2026-10-09T04:37:19Z	1411902	/scratch/mmoslem3/MKDT/benchmarks/downstream/jobs/evaluate/Flowers_ResNet18_simclr_kmeans_size1_lbl5.sh
2026-10-09T04:37:19Z	1411903	/scratch/mmoslem3/MKDT/benchmarks/downstream/jobs/evaluate/Flowers_ResNet18_simclr_kmeans_size2_lbl1.sh
2026-10-09T04:37:19Z	1411904	/scratch/mmoslem3/MKDT/benchmarks/downstream/jobs/evaluate/Flowers_ResNet18_simclr_kmeans_size2_lbl5.sh
2026-10-09T04:37:19Z	1411905	/scratch/mmoslem3/MKDT/benchmarks/downstream/jobs/evaluate/Flowers_ResNet18_simclr_kmeans_size5_lbl1.sh
2026-10-09T04:37:19Z	1411906	/scratch/mmoslem3/MKDT/benchmarks/downstream/jobs/evaluate/Flowers_ResNet18_simclr_kmeans_size5_lbl5.sh
2026-10-09T04:37:19Z	1411907	/scratch/mmoslem3/MKDT/benchmarks/downstream/jobs/evaluate/Flowers_ResNet18_barlowtwins_random_size1_lbl1.sh
2026-10-09T04:37:19Z	1411908	/scratch/mmoslem3/MKDT/benchmarks/downstream/jobs/evaluate/Flowers_ResNet18_barlowtwins_random_size1_lbl5.sh
2026-10-09T04:37:19Z	1411909	/scratch/mmoslem3/MKDT/benchmarks/downstream/jobs/evaluate/Flowers_ResNet18_barlowtwins_random_size2_lbl1.sh
2026-10-09T04:37:19Z	1411910	/scratch/mmoslem3/MKDT/benchmarks/downstream/jobs/evaluate/Flowers_ResNet18_barlowtwins_random_size2_lbl5.sh
2026-10-09T04:37:19Z	1411911	/scratch/mmoslem3/MKDT/benchmarks/downstream/jobs/evaluate/Flowers_ResNet18_barlowtwins_random_size5_lbl1.sh
2026-10-09T04:37:19Z	1411912	/scratch/mmoslem3/MKDT/benchmarks/downstream/jobs/evaluate/Flowers_ResNet18_barlowtwins_random_size5_lbl5.sh
2026-10-09T04:37:19Z	1411913	/scratch/mmoslem3/MKDT/benchmarks/downstream/jobs/evaluate/Flowers_ResNet18_barlowtwins_kmeans_size1_lbl1.sh
2026-10-09T04:37:19Z	1411914	/scratch/mmoslem3/MKDT/benchmarks/downstream/jobs/evaluate/Flowers_ResNet18_barlowtwins_kmeans_size1_lbl5.sh
2026-10-09T04:37:19Z	1411915	/scratch/mmoslem3/MKDT/benchmarks/downstream/jobs/evaluate/Flowers_ResNet18_barlowtwins_kmeans_size2_lbl1.sh
2026-10-09T04:37:19Z	1411916	/scratch/mmoslem3/MKDT/benchmarks/downstream/jobs/evaluate/Flowers_ResNet18_barlowtwins_kmeans_size2_lbl5.sh
2026-10-09T04:37:20Z	1411917	/scratch/mmoslem3/MKDT/benchmarks/downstream/jobs/evaluate/Flowers_ResNet18_barlowtwins_kmeans_size5_lbl1.sh
2026-10-09T04:37:20Z	1411918	/scratch/mmoslem3/MKDT/benchmarks/downstream/jobs/evaluate/Flowers_ResNet18_barlowtwins_kmeans_size5_lbl5.sh
2026-10-09T04:37:20Z	1411919	/scratch/mmoslem3/MKDT/benchmarks/downstream/jobs/evaluate/Flowers_ResNet18_none_no_pretrain_size0_lbl1.sh
2026-10-09T04:37:20Z	1411920	/scratch/mmoslem3/MKDT/benchmarks/downstream/jobs/evaluate/Flowers_ResNet18_none_no_pretrain_size0_lbl5.sh
2026-10-09T04:37:20Z	1411921	/scratch/mmoslem3/MKDT/benchmarks/downstream/jobs/evaluate/TinyImageNet_ConvNet_simclr_random_size1_lbl1.sh
2026-10-09T04:37:20Z	1411922	/scratch/mmoslem3/MKDT/benchmarks/downstream/jobs/evaluate/TinyImageNet_ConvNet_simclr_random_size1_lbl5.sh
2026-10-09T04:37:20Z	1411923	/scratch/mmoslem3/MKDT/benchmarks/downstream/jobs/evaluate/TinyImageNet_ConvNet_simclr_random_size2_lbl1.sh
2026-10-09T04:37:20Z	1411924	/scratch/mmoslem3/MKDT/benchmarks/downstream/jobs/evaluate/TinyImageNet_ConvNet_simclr_random_size2_lbl5.sh
2026-10-09T04:37:20Z	1411925	/scratch/mmoslem3/MKDT/benchmarks/downstream/jobs/evaluate/TinyImageNet_ConvNet_simclr_random_size5_lbl1.sh
2026-10-09T04:37:20Z	1411926	/scratch/mmoslem3/MKDT/benchmarks/downstream/jobs/evaluate/TinyImageNet_ConvNet_simclr_random_size5_lbl5.sh
2026-10-09T04:37:20Z	1411927	/scratch/mmoslem3/MKDT/benchmarks/downstream/jobs/evaluate/TinyImageNet_ConvNet_simclr_kmeans_size1_lbl1.sh
2026-10-09T04:37:20Z	1411928	/scratch/mmoslem3/MKDT/benchmarks/downstream/jobs/evaluate/TinyImageNet_ConvNet_simclr_kmeans_size1_lbl5.sh
2026-10-09T04:37:20Z	1411929	/scratch/mmoslem3/MKDT/benchmarks/downstream/jobs/evaluate/TinyImageNet_ConvNet_simclr_kmeans_size2_lbl1.sh
2026-10-09T04:37:20Z	1411930	/scratch/mmoslem3/MKDT/benchmarks/downstream/jobs/evaluate/TinyImageNet_ConvNet_simclr_kmeans_size2_lbl5.sh
2026-10-09T04:37:20Z	1411931	/scratch/mmoslem3/MKDT/benchmarks/downstream/jobs/evaluate/TinyImageNet_ConvNet_simclr_kmeans_size5_lbl1.sh
2026-10-09T04:37:20Z	1411932	/scratch/mmoslem3/MKDT/benchmarks/downstream/jobs/evaluate/TinyImageNet_ConvNet_simclr_kmeans_size5_lbl5.sh
2026-10-09T04:37:20Z	1411933	/scratch/mmoslem3/MKDT/benchmarks/downstream/jobs/evaluate/TinyImageNet_ConvNet_barlowtwins_random_size1_lbl1.sh
2026-10-09T04:37:20Z	1411934	/scratch/mmoslem3/MKDT/benchmarks/downstream/jobs/evaluate/TinyImageNet_ConvNet_barlowtwins_random_size1_lbl5.sh
2026-10-09T04:37:20Z	1411935	/scratch/mmoslem3/MKDT/benchmarks/downstream/jobs/evaluate/TinyImageNet_ConvNet_barlowtwins_random_size2_lbl1.sh
2026-10-09T04:37:20Z	1411936	/scratch/mmoslem3/MKDT/benchmarks/downstream/jobs/evaluate/TinyImageNet_ConvNet_barlowtwins_random_size2_lbl5.sh
2026-10-09T04:37:20Z	1411937	/scratch/mmoslem3/MKDT/benchmarks/downstream/jobs/evaluate/TinyImageNet_ConvNet_barlowtwins_random_size5_lbl1.sh
2026-10-09T04:37:20Z	1411938	/scratch/mmoslem3/MKDT/benchmarks/downstream/jobs/evaluate/TinyImageNet_ConvNet_barlowtwins_random_size5_lbl5.sh
2026-10-09T04:37:20Z	1411939	/scratch/mmoslem3/MKDT/benchmarks/downstream/jobs/evaluate/TinyImageNet_ConvNet_barlowtwins_kmeans_size1_lbl1.sh
2026-10-09T04:37:20Z	1411940	/scratch/mmoslem3/MKDT/benchmarks/downstream/jobs/evaluate/TinyImageNet_ConvNet_barlowtwins_kmeans_size1_lbl5.sh
2026-10-09T04:37:20Z	1411941	/scratch/mmoslem3/MKDT/benchmarks/downstream/jobs/evaluate/TinyImageNet_ConvNet_barlowtwins_kmeans_size2_lbl1.sh
2026-10-09T04:37:20Z	1411942	/scratch/mmoslem3/MKDT/benchmarks/downstream/jobs/evaluate/TinyImageNet_ConvNet_barlowtwins_kmeans_size2_lbl5.sh
2026-10-09T04:37:20Z	1411943	/scratch/mmoslem3/MKDT/benchmarks/downstream/jobs/evaluate/TinyImageNet_ConvNet_barlowtwins_kmeans_size5_lbl1.sh
2026-10-09T04:37:20Z	1411944	/scratch/mmoslem3/MKDT/benchmarks/downstream/jobs/evaluate/TinyImageNet_ConvNet_barlowtwins_kmeans_size5_lbl5.sh
2026-10-09T04:37:20Z	1411945	/scratch/mmoslem3/MKDT/benchmarks/downstream/jobs/evaluate/TinyImageNet_ConvNet_none_no_pretrain_size0_lbl1.sh
2026-10-09T04:37:20Z	1411946	/scratch/mmoslem3/MKDT/benchmarks/downstream/jobs/evaluate/TinyImageNet_ConvNet_none_no_pretrain_size0_lbl5.sh
2026-10-09T04:37:20Z	1411947	/scratch/mmoslem3/MKDT/benchmarks/downstream/jobs/evaluate/TinyImageNet_VGG11_simclr_random_size1_lbl1.sh
2026-10-09T04:37:20Z	1411948	/scratch/mmoslem3/MKDT/benchmarks/downstream/jobs/evaluate/TinyImageNet_VGG11_simclr_random_size1_lbl5.sh
2026-10-09T04:37:20Z	1411949	/scratch/mmoslem3/MKDT/benchmarks/downstream/jobs/evaluate/TinyImageNet_VGG11_simclr_random_size2_lbl1.sh
2026-10-09T04:37:20Z	1411950	/scratch/mmoslem3/MKDT/benchmarks/downstream/jobs/evaluate/TinyImageNet_VGG11_simclr_random_size2_lbl5.sh
2026-10-09T04:37:20Z	1411951	/scratch/mmoslem3/MKDT/benchmarks/downstream/jobs/evaluate/TinyImageNet_VGG11_simclr_random_size5_lbl1.sh
2026-10-09T04:37:20Z	1411952	/scratch/mmoslem3/MKDT/benchmarks/downstream/jobs/evaluate/TinyImageNet_VGG11_simclr_random_size5_lbl5.sh
2026-10-09T04:37:20Z	1411953	/scratch/mmoslem3/MKDT/benchmarks/downstream/jobs/evaluate/TinyImageNet_VGG11_simclr_kmeans_size1_lbl1.sh
2026-10-09T04:37:20Z	1411954	/scratch/mmoslem3/MKDT/benchmarks/downstream/jobs/evaluate/TinyImageNet_VGG11_simclr_kmeans_size1_lbl5.sh
2026-10-09T04:37:20Z	1411955	/scratch/mmoslem3/MKDT/benchmarks/downstream/jobs/evaluate/TinyImageNet_VGG11_simclr_kmeans_size2_lbl1.sh
2026-10-09T04:37:20Z	1411956	/scratch/mmoslem3/MKDT/benchmarks/downstream/jobs/evaluate/TinyImageNet_VGG11_simclr_kmeans_size2_lbl5.sh
2026-10-09T04:37:21Z	1411957	/scratch/mmoslem3/MKDT/benchmarks/downstream/jobs/evaluate/TinyImageNet_VGG11_simclr_kmeans_size5_lbl1.sh
2026-10-09T04:37:21Z	1411958	/scratch/mmoslem3/MKDT/benchmarks/downstream/jobs/evaluate/TinyImageNet_VGG11_simclr_kmeans_size5_lbl5.sh
2026-10-09T04:37:21Z	1411959	/scratch/mmoslem3/MKDT/benchmarks/downstream/jobs/evaluate/TinyImageNet_VGG11_barlowtwins_random_size1_lbl1.sh
2026-10-09T04:37:21Z	1411960	/scratch/mmoslem3/MKDT/benchmarks/downstream/jobs/evaluate/TinyImageNet_VGG11_barlowtwins_random_size1_lbl5.sh
2026-10-09T04:37:21Z	1411961	/scratch/mmoslem3/MKDT/benchmarks/downstream/jobs/evaluate/TinyImageNet_VGG11_barlowtwins_random_size2_lbl1.sh
2026-10-09T04:37:21Z	1411962	/scratch/mmoslem3/MKDT/benchmarks/downstream/jobs/evaluate/TinyImageNet_VGG11_barlowtwins_random_size2_lbl5.sh
2026-10-09T04:37:21Z	1411963	/scratch/mmoslem3/MKDT/benchmarks/downstream/jobs/evaluate/TinyImageNet_VGG11_barlowtwins_random_size5_lbl1.sh
2026-10-09T04:37:21Z	1411964	/scratch/mmoslem3/MKDT/benchmarks/downstream/jobs/evaluate/TinyImageNet_VGG11_barlowtwins_random_size5_lbl5.sh
2026-10-09T04:37:21Z	1411965	/scratch/mmoslem3/MKDT/benchmarks/downstream/jobs/evaluate/TinyImageNet_VGG11_barlowtwins_kmeans_size1_lbl1.sh
2026-10-09T04:37:21Z	1411966	/scratch/mmoslem3/MKDT/benchmarks/downstream/jobs/evaluate/TinyImageNet_VGG11_barlowtwins_kmeans_size1_lbl5.sh
2026-10-09T04:37:21Z	1411967	/scratch/mmoslem3/MKDT/benchmarks/downstream/jobs/evaluate/TinyImageNet_VGG11_barlowtwins_kmeans_size2_lbl1.sh
2026-10-09T04:37:21Z	1411968	/scratch/mmoslem3/MKDT/benchmarks/downstream/jobs/evaluate/TinyImageNet_VGG11_barlowtwins_kmeans_size2_lbl5.sh
2026-10-09T04:37:21Z	1411969	/scratch/mmoslem3/MKDT/benchmarks/downstream/jobs/evaluate/TinyImageNet_VGG11_barlowtwins_kmeans_size5_lbl1.sh
2026-10-09T04:37:21Z	1411970	/scratch/mmoslem3/MKDT/benchmarks/downstream/jobs/evaluate/TinyImageNet_VGG11_barlowtwins_kmeans_size5_lbl5.sh
2026-10-09T04:37:21Z	1411971	/scratch/mmoslem3/MKDT/benchmarks/downstream/jobs/evaluate/TinyImageNet_VGG11_none_no_pretrain_size0_lbl1.sh
2026-10-09T04:37:21Z	1411972	/scratch/mmoslem3/MKDT/benchmarks/downstream/jobs/evaluate/TinyImageNet_VGG11_none_no_pretrain_size0_lbl5.sh
2026-10-09T04:37:21Z	1411973	/scratch/mmoslem3/MKDT/benchmarks/downstream/jobs/evaluate/TinyImageNet_ResNet18_simclr_random_size1_lbl1.sh
2026-10-09T04:37:21Z	1411974	/scratch/mmoslem3/MKDT/benchmarks/downstream/jobs/evaluate/TinyImageNet_ResNet18_simclr_random_size1_lbl5.sh
2026-10-09T04:37:21Z	1411975	/scratch/mmoslem3/MKDT/benchmarks/downstream/jobs/evaluate/TinyImageNet_ResNet18_simclr_random_size2_lbl1.sh
2026-10-09T04:37:21Z	1411976	/scratch/mmoslem3/MKDT/benchmarks/downstream/jobs/evaluate/TinyImageNet_ResNet18_simclr_random_size2_lbl5.sh
2026-10-09T04:37:21Z	1411977	/scratch/mmoslem3/MKDT/benchmarks/downstream/jobs/evaluate/TinyImageNet_ResNet18_simclr_random_size5_lbl1.sh
2026-10-09T04:37:21Z	1411978	/scratch/mmoslem3/MKDT/benchmarks/downstream/jobs/evaluate/TinyImageNet_ResNet18_simclr_random_size5_lbl5.sh
2026-10-09T04:37:21Z	1411979	/scratch/mmoslem3/MKDT/benchmarks/downstream/jobs/evaluate/TinyImageNet_ResNet18_simclr_kmeans_size1_lbl1.sh
2026-10-09T04:37:21Z	1411980	/scratch/mmoslem3/MKDT/benchmarks/downstream/jobs/evaluate/TinyImageNet_ResNet18_simclr_kmeans_size1_lbl5.sh
2026-10-09T04:37:21Z	1411981	/scratch/mmoslem3/MKDT/benchmarks/downstream/jobs/evaluate/TinyImageNet_ResNet18_simclr_kmeans_size2_lbl1.sh
2026-10-09T04:37:21Z	1411982	/scratch/mmoslem3/MKDT/benchmarks/downstream/jobs/evaluate/TinyImageNet_ResNet18_simclr_kmeans_size2_lbl5.sh
2026-10-09T04:37:21Z	1411983	/scratch/mmoslem3/MKDT/benchmarks/downstream/jobs/evaluate/TinyImageNet_ResNet18_simclr_kmeans_size5_lbl1.sh
2026-10-09T04:37:21Z	1411984	/scratch/mmoslem3/MKDT/benchmarks/downstream/jobs/evaluate/TinyImageNet_ResNet18_simclr_kmeans_size5_lbl5.sh
2026-10-09T04:37:21Z	1411985	/scratch/mmoslem3/MKDT/benchmarks/downstream/jobs/evaluate/TinyImageNet_ResNet18_barlowtwins_random_size1_lbl1.sh
2026-10-09T04:37:21Z	1411986	/scratch/mmoslem3/MKDT/benchmarks/downstream/jobs/evaluate/TinyImageNet_ResNet18_barlowtwins_random_size1_lbl5.sh
2026-10-09T04:37:21Z	1411987	/scratch/mmoslem3/MKDT/benchmarks/downstream/jobs/evaluate/TinyImageNet_ResNet18_barlowtwins_random_size2_lbl1.sh
2026-10-09T04:37:21Z	1411988	/scratch/mmoslem3/MKDT/benchmarks/downstream/jobs/evaluate/TinyImageNet_ResNet18_barlowtwins_random_size2_lbl5.sh
2026-10-09T04:37:21Z	1411989	/scratch/mmoslem3/MKDT/benchmarks/downstream/jobs/evaluate/TinyImageNet_ResNet18_barlowtwins_random_size5_lbl1.sh
2026-10-09T04:37:21Z	1411990	/scratch/mmoslem3/MKDT/benchmarks/downstream/jobs/evaluate/TinyImageNet_ResNet18_barlowtwins_random_size5_lbl5.sh
2026-10-09T04:37:21Z	1411991	/scratch/mmoslem3/MKDT/benchmarks/downstream/jobs/evaluate/TinyImageNet_ResNet18_barlowtwins_kmeans_size1_lbl1.sh
2026-10-09T04:37:21Z	1411992	/scratch/mmoslem3/MKDT/benchmarks/downstream/jobs/evaluate/TinyImageNet_ResNet18_barlowtwins_kmeans_size1_lbl5.sh
2026-10-09T04:37:21Z	1411993	/scratch/mmoslem3/MKDT/benchmarks/downstream/jobs/evaluate/TinyImageNet_ResNet18_barlowtwins_kmeans_size2_lbl1.sh
2026-10-09T04:37:21Z	1411994	/scratch/mmoslem3/MKDT/benchmarks/downstream/jobs/evaluate/TinyImageNet_ResNet18_barlowtwins_kmeans_size2_lbl5.sh
2026-10-09T04:37:21Z	1411995	/scratch/mmoslem3/MKDT/benchmarks/downstream/jobs/evaluate/TinyImageNet_ResNet18_barlowtwins_kmeans_size5_lbl1.sh
2026-10-09T04:37:21Z	1411996	/scratch/mmoslem3/MKDT/benchmarks/downstream/jobs/evaluate/TinyImageNet_ResNet18_barlowtwins_kmeans_size5_lbl5.sh
2026-10-09T04:37:21Z	1411997	/scratch/mmoslem3/MKDT/benchmarks/downstream/jobs/evaluate/TinyImageNet_ResNet18_none_no_pretrain_size0_lbl1.sh
2026-10-09T04:37:21Z	1411998	/scratch/mmoslem3/MKDT/benchmarks/downstream/jobs/evaluate/TinyImageNet_ResNet18_none_no_pretrain_size0_lbl5.sh
2026-10-09T04:37:22Z	1411999	/scratch/mmoslem3/MKDT/benchmarks/downstream/report.sh
