config_id	method	model	ssl_method	subset_percentage	label_percentage	ssl_epochs	probe_epochs	runs	estimated_minutes	walltime	job_script
ConvNet_none_no_pretrain_size0_lbl1	no_pretrain	ConvNet	none	0	1	0	200	15	2.08	0-01:05:00	benchmarks/cifar10/jobs/ConvNet_none_no_pretrain_size0_lbl1.sh
ConvNet_simclr_full_size100_lbl1	full	ConvNet	simclr	100	1	300	200	15	215.11	0-04:40:00	benchmarks/cifar10/jobs/ConvNet_simclr_full_size100_lbl1.sh
ConvNet_simclr_random_size1_lbl1	random	ConvNet	simclr	1	1	1200	200	15	10.04	0-01:15:00	benchmarks/cifar10/jobs/ConvNet_simclr_random_size1_lbl1.sh
ConvNet_simclr_random_size2_lbl1	random	ConvNet	simclr	2	1	800	200	15	12.95	0-01:15:00	benchmarks/cifar10/jobs/ConvNet_simclr_random_size2_lbl1.sh
ConvNet_simclr_random_size5_lbl1	random	ConvNet	simclr	5	1	500	200	15	19.49	0-01:20:00	benchmarks/cifar10/jobs/ConvNet_simclr_random_size5_lbl1.sh
ConvNet_simclr_kmeans_size1_lbl1	kmeans	ConvNet	simclr	1	1	1200	200	15	10.04	0-01:15:00	benchmarks/cifar10/jobs/ConvNet_simclr_kmeans_size1_lbl1.sh
ConvNet_simclr_kmeans_size2_lbl1	kmeans	ConvNet	simclr	2	1	800	200	15	12.95	0-01:15:00	benchmarks/cifar10/jobs/ConvNet_simclr_kmeans_size2_lbl1.sh
ConvNet_simclr_kmeans_size5_lbl1	kmeans	ConvNet	simclr	5	1	500	200	15	19.49	0-01:20:00	benchmarks/cifar10/jobs/ConvNet_simclr_kmeans_size5_lbl1.sh
ConvNet_barlowtwins_full_size100_lbl1	full	ConvNet	barlowtwins	100	1	300	200	15	273.09	0-05:35:00	benchmarks/cifar10/jobs/ConvNet_barlowtwins_full_size100_lbl1.sh
ConvNet_barlowtwins_random_size1_lbl1	random	ConvNet	barlowtwins	1	1	1200	200	15	12.4	0-01:15:00	benchmarks/cifar10/jobs/ConvNet_barlowtwins_random_size1_lbl1.sh
ConvNet_barlowtwins_random_size2_lbl1	random	ConvNet	barlowtwins	2	1	800	200	15	16.1	0-01:20:00	benchmarks/cifar10/jobs/ConvNet_barlowtwins_random_size2_lbl1.sh
ConvNet_barlowtwins_random_size5_lbl1	random	ConvNet	barlowtwins	5	1	500	200	15	24.42	0-01:25:00	benchmarks/cifar10/jobs/ConvNet_barlowtwins_random_size5_lbl1.sh
ConvNet_barlowtwins_kmeans_size1_lbl1	kmeans	ConvNet	barlowtwins	1	1	1200	200	15	12.4	0-01:15:00	benchmarks/cifar10/jobs/ConvNet_barlowtwins_kmeans_size1_lbl1.sh
ConvNet_barlowtwins_kmeans_size2_lbl1	kmeans	ConvNet	barlowtwins	2	1	800	200	15	16.1	0-01:20:00	benchmarks/cifar10/jobs/ConvNet_barlowtwins_kmeans_size2_lbl1.sh
ConvNet_barlowtwins_kmeans_size5_lbl1	kmeans	ConvNet	barlowtwins	5	1	500	200	15	24.42	0-01:25:00	benchmarks/cifar10/jobs/ConvNet_barlowtwins_kmeans_size5_lbl1.sh
ConvNet_none_no_pretrain_size0_lbl5	no_pretrain	ConvNet	none	0	5	0	100	15	3.31	0-01:05:00	benchmarks/cifar10/jobs/ConvNet_none_no_pretrain_size0_lbl5.sh
ConvNet_simclr_full_size100_lbl5	full	ConvNet	simclr	100	5	300	100	15	215.21	0-04:40:00	benchmarks/cifar10/jobs/ConvNet_simclr_full_size100_lbl5.sh
ConvNet_simclr_random_size1_lbl5	random	ConvNet	simclr	1	5	1200	100	15	10.13	0-01:15:00	benchmarks/cifar10/jobs/ConvNet_simclr_random_size1_lbl5.sh
ConvNet_simclr_random_size2_lbl5	random	ConvNet	simclr	2	5	800	100	15	13.04	0-01:15:00	benchmarks/cifar10/jobs/ConvNet_simclr_random_size2_lbl5.sh
ConvNet_simclr_random_size5_lbl5	random	ConvNet	simclr	5	5	500	100	15	19.58	0-01:20:00	benchmarks/cifar10/jobs/ConvNet_simclr_random_size5_lbl5.sh
ConvNet_simclr_kmeans_size1_lbl5	kmeans	ConvNet	simclr	1	5	1200	100	15	10.13	0-01:15:00	benchmarks/cifar10/jobs/ConvNet_simclr_kmeans_size1_lbl5.sh
ConvNet_simclr_kmeans_size2_lbl5	kmeans	ConvNet	simclr	2	5	800	100	15	13.04	0-01:15:00	benchmarks/cifar10/jobs/ConvNet_simclr_kmeans_size2_lbl5.sh
ConvNet_simclr_kmeans_size5_lbl5	kmeans	ConvNet	simclr	5	5	500	100	15	19.58	0-01:20:00	benchmarks/cifar10/jobs/ConvNet_simclr_kmeans_size5_lbl5.sh
ConvNet_barlowtwins_full_size100_lbl5	full	ConvNet	barlowtwins	100	5	300	100	15	273.18	0-05:35:00	benchmarks/cifar10/jobs/ConvNet_barlowtwins_full_size100_lbl5.sh
ConvNet_barlowtwins_random_size1_lbl5	random	ConvNet	barlowtwins	1	5	1200	100	15	12.5	0-01:15:00	benchmarks/cifar10/jobs/ConvNet_barlowtwins_random_size1_lbl5.sh
ConvNet_barlowtwins_random_size2_lbl5	random	ConvNet	barlowtwins	2	5	800	100	15	16.19	0-01:20:00	benchmarks/cifar10/jobs/ConvNet_barlowtwins_random_size2_lbl5.sh
ConvNet_barlowtwins_random_size5_lbl5	random	ConvNet	barlowtwins	5	5	500	100	15	24.51	0-01:25:00	benchmarks/cifar10/jobs/ConvNet_barlowtwins_random_size5_lbl5.sh
ConvNet_barlowtwins_kmeans_size1_lbl5	kmeans	ConvNet	barlowtwins	1	5	1200	100	15	12.5	0-01:15:00	benchmarks/cifar10/jobs/ConvNet_barlowtwins_kmeans_size1_lbl5.sh
ConvNet_barlowtwins_kmeans_size2_lbl5	kmeans	ConvNet	barlowtwins	2	5	800	100	15	16.19	0-01:20:00	benchmarks/cifar10/jobs/ConvNet_barlowtwins_kmeans_size2_lbl5.sh
ConvNet_barlowtwins_kmeans_size5_lbl5	kmeans	ConvNet	barlowtwins	5	5	500	100	15	24.51	0-01:25:00	benchmarks/cifar10/jobs/ConvNet_barlowtwins_kmeans_size5_lbl5.sh
VGG11_none_no_pretrain_size0_lbl1	no_pretrain	VGG11	none	0	1	0	200	15	2.17	0-01:05:00	benchmarks/cifar10/jobs/VGG11_none_no_pretrain_size0_lbl1.sh
VGG11_simclr_full_size100_lbl1	full	VGG11	simclr	100	1	300	200	15	260.49	0-05:25:00	benchmarks/cifar10/jobs/VGG11_simclr_full_size100_lbl1.sh
VGG11_simclr_random_size1_lbl1	random	VGG11	simclr	1	1	1200	200	15	11.88	0-01:15:00	benchmarks/cifar10/jobs/VGG11_simclr_random_size1_lbl1.sh
VGG11_simclr_random_size2_lbl1	random	VGG11	simclr	2	1	800	200	15	15.41	0-01:20:00	benchmarks/cifar10/jobs/VGG11_simclr_random_size2_lbl1.sh
VGG11_simclr_random_size5_lbl1	random	VGG11	simclr	5	1	500	200	15	23.35	0-01:25:00	benchmarks/cifar10/jobs/VGG11_simclr_random_size5_lbl1.sh
VGG11_simclr_kmeans_size1_lbl1	kmeans	VGG11	simclr	1	1	1200	200	15	11.88	0-01:15:00	benchmarks/cifar10/jobs/VGG11_simclr_kmeans_size1_lbl1.sh
VGG11_simclr_kmeans_size2_lbl1	kmeans	VGG11	simclr	2	1	800	200	15	15.41	0-01:20:00	benchmarks/cifar10/jobs/VGG11_simclr_kmeans_size2_lbl1.sh
VGG11_simclr_kmeans_size5_lbl1	kmeans	VGG11	simclr	5	1	500	200	15	23.35	0-01:25:00	benchmarks/cifar10/jobs/VGG11_simclr_kmeans_size5_lbl1.sh
VGG11_barlowtwins_full_size100_lbl1	full	VGG11	barlowtwins	100	1	300	200	15	261.58	0-05:25:00	benchmarks/cifar10/jobs/VGG11_barlowtwins_full_size100_lbl1.sh
VGG11_barlowtwins_random_size1_lbl1	random	VGG11	barlowtwins	1	1	1200	200	15	11.93	0-01:15:00	benchmarks/cifar10/jobs/VGG11_barlowtwins_random_size1_lbl1.sh
VGG11_barlowtwins_random_size2_lbl1	random	VGG11	barlowtwins	2	1	800	200	15	15.47	0-01:20:00	benchmarks/cifar10/jobs/VGG11_barlowtwins_random_size2_lbl1.sh
VGG11_barlowtwins_random_size5_lbl1	random	VGG11	barlowtwins	5	1	500	200	15	23.44	0-01:25:00	benchmarks/cifar10/jobs/VGG11_barlowtwins_random_size5_lbl1.sh
VGG11_barlowtwins_kmeans_size1_lbl1	kmeans	VGG11	barlowtwins	1	1	1200	200	15	11.93	0-01:15:00	benchmarks/cifar10/jobs/VGG11_barlowtwins_kmeans_size1_lbl1.sh
VGG11_barlowtwins_kmeans_size2_lbl1	kmeans	VGG11	barlowtwins	2	1	800	200	15	15.47	0-01:20:00	benchmarks/cifar10/jobs/VGG11_barlowtwins_kmeans_size2_lbl1.sh
VGG11_barlowtwins_kmeans_size5_lbl1	kmeans	VGG11	barlowtwins	5	1	500	200	15	23.44	0-01:25:00	benchmarks/cifar10/jobs/VGG11_barlowtwins_kmeans_size5_lbl1.sh
VGG11_none_no_pretrain_size0_lbl5	no_pretrain	VGG11	none	0	5	0	100	15	3.56	0-01:05:00	benchmarks/cifar10/jobs/VGG11_none_no_pretrain_size0_lbl5.sh
VGG11_simclr_full_size100_lbl5	full	VGG11	simclr	100	5	300	100	15	260.58	0-05:25:00	benchmarks/cifar10/jobs/VGG11_simclr_full_size100_lbl5.sh
VGG11_simclr_random_size1_lbl5	random	VGG11	simclr	1	5	1200	100	15	11.97	0-01:15:00	benchmarks/cifar10/jobs/VGG11_simclr_random_size1_lbl5.sh
VGG11_simclr_random_size2_lbl5	random	VGG11	simclr	2	5	800	100	15	15.49	0-01:20:00	benchmarks/cifar10/jobs/VGG11_simclr_random_size2_lbl5.sh
VGG11_simclr_random_size5_lbl5	random	VGG11	simclr	5	5	500	100	15	23.43	0-01:25:00	benchmarks/cifar10/jobs/VGG11_simclr_random_size5_lbl5.sh
VGG11_simclr_kmeans_size1_lbl5	kmeans	VGG11	simclr	1	5	1200	100	15	11.97	0-01:15:00	benchmarks/cifar10/jobs/VGG11_simclr_kmeans_size1_lbl5.sh
VGG11_simclr_kmeans_size2_lbl5	kmeans	VGG11	simclr	2	5	800	100	15	15.49	0-01:20:00	benchmarks/cifar10/jobs/VGG11_simclr_kmeans_size2_lbl5.sh
VGG11_simclr_kmeans_size5_lbl5	kmeans	VGG11	simclr	5	5	500	100	15	23.43	0-01:25:00	benchmarks/cifar10/jobs/VGG11_simclr_kmeans_size5_lbl5.sh
VGG11_barlowtwins_full_size100_lbl5	full	VGG11	barlowtwins	100	5	300	100	15	261.66	0-05:25:00	benchmarks/cifar10/jobs/VGG11_barlowtwins_full_size100_lbl5.sh
VGG11_barlowtwins_random_size1_lbl5	random	VGG11	barlowtwins	1	5	1200	100	15	12.01	0-01:15:00	benchmarks/cifar10/jobs/VGG11_barlowtwins_random_size1_lbl5.sh
VGG11_barlowtwins_random_size2_lbl5	random	VGG11	barlowtwins	2	5	800	100	15	15.55	0-01:20:00	benchmarks/cifar10/jobs/VGG11_barlowtwins_random_size2_lbl5.sh
VGG11_barlowtwins_random_size5_lbl5	random	VGG11	barlowtwins	5	5	500	100	15	23.52	0-01:25:00	benchmarks/cifar10/jobs/VGG11_barlowtwins_random_size5_lbl5.sh
VGG11_barlowtwins_kmeans_size1_lbl5	kmeans	VGG11	barlowtwins	1	5	1200	100	15	12.01	0-01:15:00	benchmarks/cifar10/jobs/VGG11_barlowtwins_kmeans_size1_lbl5.sh
VGG11_barlowtwins_kmeans_size2_lbl5	kmeans	VGG11	barlowtwins	2	5	800	100	15	15.55	0-01:20:00	benchmarks/cifar10/jobs/VGG11_barlowtwins_kmeans_size2_lbl5.sh
VGG11_barlowtwins_kmeans_size5_lbl5	kmeans	VGG11	barlowtwins	5	5	500	100	15	23.52	0-01:25:00	benchmarks/cifar10/jobs/VGG11_barlowtwins_kmeans_size5_lbl5.sh
ResNet18_none_no_pretrain_size0_lbl1	no_pretrain	ResNet18	none	0	1	0	200	15	4.38	0-01:05:00	benchmarks/cifar10/jobs/ResNet18_none_no_pretrain_size0_lbl1.sh
ResNet18_simclr_full_size100_lbl1	full	ResNet18	simclr	100	1	300	200	15	883.89	0-15:45:00	benchmarks/cifar10/jobs/ResNet18_simclr_full_size100_lbl1.sh
ResNet18_simclr_random_size1_lbl1	random	ResNet18	simclr	1	1	1200	200	15	37.4	0-01:40:00	benchmarks/cifar10/jobs/ResNet18_simclr_random_size1_lbl1.sh
ResNet18_simclr_random_size2_lbl1	random	ResNet18	simclr	2	1	800	200	15	49.4	0-01:50:00	benchmarks/cifar10/jobs/ResNet18_simclr_random_size2_lbl1.sh
ResNet18_simclr_random_size5_lbl1	random	ResNet18	simclr	5	1	500	200	15	76.42	0-02:20:00	benchmarks/cifar10/jobs/ResNet18_simclr_random_size5_lbl1.sh
ResNet18_simclr_kmeans_size1_lbl1	kmeans	ResNet18	simclr	1	1	1200	200	15	37.4	0-01:40:00	benchmarks/cifar10/jobs/ResNet18_simclr_kmeans_size1_lbl1.sh
ResNet18_simclr_kmeans_size2_lbl1	kmeans	ResNet18	simclr	2	1	800	200	15	49.4	0-01:50:00	benchmarks/cifar10/jobs/ResNet18_simclr_kmeans_size2_lbl1.sh
ResNet18_simclr_kmeans_size5_lbl1	kmeans	ResNet18	simclr	5	1	500	200	15	76.42	0-02:20:00	benchmarks/cifar10/jobs/ResNet18_simclr_kmeans_size5_lbl1.sh
ResNet18_barlowtwins_full_size100_lbl1	full	ResNet18	barlowtwins	100	1	300	200	15	885.03	0-15:50:00	benchmarks/cifar10/jobs/ResNet18_barlowtwins_full_size100_lbl1.sh
ResNet18_barlowtwins_random_size1_lbl1	random	ResNet18	barlowtwins	1	1	1200	200	15	37.44	0-01:40:00	benchmarks/cifar10/jobs/ResNet18_barlowtwins_random_size1_lbl1.sh
ResNet18_barlowtwins_random_size2_lbl1	random	ResNet18	barlowtwins	2	1	800	200	15	49.46	0-01:50:00	benchmarks/cifar10/jobs/ResNet18_barlowtwins_random_size2_lbl1.sh
ResNet18_barlowtwins_random_size5_lbl1	random	ResNet18	barlowtwins	5	1	500	200	15	76.52	0-02:20:00	benchmarks/cifar10/jobs/ResNet18_barlowtwins_random_size5_lbl1.sh
ResNet18_barlowtwins_kmeans_size1_lbl1	kmeans	ResNet18	barlowtwins	1	1	1200	200	15	37.44	0-01:40:00	benchmarks/cifar10/jobs/ResNet18_barlowtwins_kmeans_size1_lbl1.sh
ResNet18_barlowtwins_kmeans_size2_lbl1	kmeans	ResNet18	barlowtwins	2	1	800	200	15	49.46	0-01:50:00	benchmarks/cifar10/jobs/ResNet18_barlowtwins_kmeans_size2_lbl1.sh
ResNet18_barlowtwins_kmeans_size5_lbl1	kmeans	ResNet18	barlowtwins	5	1	500	200	15	76.52	0-02:20:00	benchmarks/cifar10/jobs/ResNet18_barlowtwins_kmeans_size5_lbl1.sh
ResNet18_none_no_pretrain_size0_lbl5	no_pretrain	ResNet18	none	0	5	0	100	15	9.07	0-01:10:00	benchmarks/cifar10/jobs/ResNet18_none_no_pretrain_size0_lbl5.sh
ResNet18_simclr_full_size100_lbl5	full	ResNet18	simclr	100	5	300	100	15	884.08	0-15:45:00	benchmarks/cifar10/jobs/ResNet18_simclr_full_size100_lbl5.sh
ResNet18_simclr_random_size1_lbl5	random	ResNet18	simclr	1	5	1200	100	15	37.58	0-01:40:00	benchmarks/cifar10/jobs/ResNet18_simclr_random_size1_lbl5.sh
ResNet18_simclr_random_size2_lbl5	random	ResNet18	simclr	2	5	800	100	15	49.59	0-01:50:00	benchmarks/cifar10/jobs/ResNet18_simclr_random_size2_lbl5.sh
ResNet18_simclr_random_size5_lbl5	random	ResNet18	simclr	5	5	500	100	15	76.6	0-02:20:00	benchmarks/cifar10/jobs/ResNet18_simclr_random_size5_lbl5.sh
ResNet18_simclr_kmeans_size1_lbl5	kmeans	ResNet18	simclr	1	5	1200	100	15	37.58	0-01:40:00	benchmarks/cifar10/jobs/ResNet18_simclr_kmeans_size1_lbl5.sh
ResNet18_simclr_kmeans_size2_lbl5	kmeans	ResNet18	simclr	2	5	800	100	15	49.59	0-01:50:00	benchmarks/cifar10/jobs/ResNet18_simclr_kmeans_size2_lbl5.sh
ResNet18_simclr_kmeans_size5_lbl5	kmeans	ResNet18	simclr	5	5	500	100	15	76.6	0-02:20:00	benchmarks/cifar10/jobs/ResNet18_simclr_kmeans_size5_lbl5.sh
ResNet18_barlowtwins_full_size100_lbl5	full	ResNet18	barlowtwins	100	5	300	100	15	885.22	0-15:50:00	benchmarks/cifar10/jobs/ResNet18_barlowtwins_full_size100_lbl5.sh
ResNet18_barlowtwins_random_size1_lbl5	random	ResNet18	barlowtwins	1	5	1200	100	15	37.63	0-01:40:00	benchmarks/cifar10/jobs/ResNet18_barlowtwins_random_size1_lbl5.sh
ResNet18_barlowtwins_random_size2_lbl5	random	ResNet18	barlowtwins	2	5	800	100	15	49.65	0-01:50:00	benchmarks/cifar10/jobs/ResNet18_barlowtwins_random_size2_lbl5.sh
ResNet18_barlowtwins_random_size5_lbl5	random	ResNet18	barlowtwins	5	5	500	100	15	76.7	0-02:20:00	benchmarks/cifar10/jobs/ResNet18_barlowtwins_random_size5_lbl5.sh
ResNet18_barlowtwins_kmeans_size1_lbl5	kmeans	ResNet18	barlowtwins	1	5	1200	100	15	37.63	0-01:40:00	benchmarks/cifar10/jobs/ResNet18_barlowtwins_kmeans_size1_lbl5.sh
ResNet18_barlowtwins_kmeans_size2_lbl5	kmeans	ResNet18	barlowtwins	2	5	800	100	15	49.65	0-01:50:00	benchmarks/cifar10/jobs/ResNet18_barlowtwins_kmeans_size2_lbl5.sh
ResNet18_barlowtwins_kmeans_size5_lbl5	kmeans	ResNet18	barlowtwins	5	5	500	100	15	76.7	0-02:20:00	benchmarks/cifar10/jobs/ResNet18_barlowtwins_kmeans_size5_lbl5.sh
