config_id,method,model,ssl_method,subset_percentage,label_percentage,ssl_epochs,probe_epochs,runs,estimated_minutes,walltime,job_script,completed_runs,mean_percent,std_percent,status
ConvNet_none_no_pretrain_size0_lbl1,no_pretrain,ConvNet,none,0,1,0,200,15,2.08,0-01:05:00,benchmarks/cifar10/jobs/ConvNet_none_no_pretrain_size0_lbl1.sh,0,,,incomplete
ConvNet_simclr_full_size100_lbl1,full,ConvNet,simclr,100,1,13,200,15,10.58,0-01:15:00,benchmarks/cifar10/jobs/ConvNet_simclr_full_size100_lbl1.sh,0,,,incomplete
ConvNet_simclr_random_size1_lbl1,random,ConvNet,simclr,1,1,1200,200,15,10.04,0-01:15:00,benchmarks/cifar10/jobs/ConvNet_simclr_random_size1_lbl1.sh,0,,,incomplete
ConvNet_simclr_random_size2_lbl1,random,ConvNet,simclr,2,1,600,200,15,10.04,0-01:15:00,benchmarks/cifar10/jobs/ConvNet_simclr_random_size2_lbl1.sh,0,,,incomplete
ConvNet_simclr_random_size5_lbl1,random,ConvNet,simclr,5,1,240,200,15,10.04,0-01:15:00,benchmarks/cifar10/jobs/ConvNet_simclr_random_size5_lbl1.sh,0,,,incomplete
ConvNet_simclr_kmeans_size1_lbl1,kmeans,ConvNet,simclr,1,1,1200,200,15,10.04,0-01:15:00,benchmarks/cifar10/jobs/ConvNet_simclr_kmeans_size1_lbl1.sh,0,,,incomplete
ConvNet_simclr_kmeans_size2_lbl1,kmeans,ConvNet,simclr,2,1,600,200,15,10.04,0-01:15:00,benchmarks/cifar10/jobs/ConvNet_simclr_kmeans_size2_lbl1.sh,0,,,incomplete
ConvNet_simclr_kmeans_size5_lbl1,kmeans,ConvNet,simclr,5,1,240,200,15,10.04,0-01:15:00,benchmarks/cifar10/jobs/ConvNet_simclr_kmeans_size5_lbl1.sh,0,,,incomplete
ConvNet_barlowtwins_full_size100_lbl1,full,ConvNet,barlowtwins,100,1,13,200,15,13.09,0-01:15:00,benchmarks/cifar10/jobs/ConvNet_barlowtwins_full_size100_lbl1.sh,0,,,incomplete
ConvNet_barlowtwins_random_size1_lbl1,random,ConvNet,barlowtwins,1,1,1200,200,15,12.4,0-01:15:00,benchmarks/cifar10/jobs/ConvNet_barlowtwins_random_size1_lbl1.sh,0,,,incomplete
ConvNet_barlowtwins_random_size2_lbl1,random,ConvNet,barlowtwins,2,1,600,200,15,12.4,0-01:15:00,benchmarks/cifar10/jobs/ConvNet_barlowtwins_random_size2_lbl1.sh,0,,,incomplete
ConvNet_barlowtwins_random_size5_lbl1,random,ConvNet,barlowtwins,5,1,240,200,15,12.4,0-01:15:00,benchmarks/cifar10/jobs/ConvNet_barlowtwins_random_size5_lbl1.sh,0,,,incomplete
ConvNet_barlowtwins_kmeans_size1_lbl1,kmeans,ConvNet,barlowtwins,1,1,1200,200,15,12.4,0-01:15:00,benchmarks/cifar10/jobs/ConvNet_barlowtwins_kmeans_size1_lbl1.sh,0,,,incomplete
ConvNet_barlowtwins_kmeans_size2_lbl1,kmeans,ConvNet,barlowtwins,2,1,600,200,15,12.4,0-01:15:00,benchmarks/cifar10/jobs/ConvNet_barlowtwins_kmeans_size2_lbl1.sh,0,,,incomplete
ConvNet_barlowtwins_kmeans_size5_lbl1,kmeans,ConvNet,barlowtwins,5,1,240,200,15,12.4,0-01:15:00,benchmarks/cifar10/jobs/ConvNet_barlowtwins_kmeans_size5_lbl1.sh,0,,,incomplete
ConvNet_none_no_pretrain_size0_lbl5,no_pretrain,ConvNet,none,0,5,0,40,15,2.08,0-01:05:00,benchmarks/cifar10/jobs/ConvNet_none_no_pretrain_size0_lbl5.sh,0,,,incomplete
ConvNet_simclr_full_size100_lbl5,full,ConvNet,simclr,100,5,13,40,15,10.58,0-01:15:00,benchmarks/cifar10/jobs/ConvNet_simclr_full_size100_lbl5.sh,0,,,incomplete
ConvNet_simclr_random_size1_lbl5,random,ConvNet,simclr,1,5,1200,40,15,10.04,0-01:15:00,benchmarks/cifar10/jobs/ConvNet_simclr_random_size1_lbl5.sh,0,,,incomplete
ConvNet_simclr_random_size2_lbl5,random,ConvNet,simclr,2,5,600,40,15,10.04,0-01:15:00,benchmarks/cifar10/jobs/ConvNet_simclr_random_size2_lbl5.sh,0,,,incomplete
ConvNet_simclr_random_size5_lbl5,random,ConvNet,simclr,5,5,240,40,15,10.04,0-01:15:00,benchmarks/cifar10/jobs/ConvNet_simclr_random_size5_lbl5.sh,0,,,incomplete
ConvNet_simclr_kmeans_size1_lbl5,kmeans,ConvNet,simclr,1,5,1200,40,15,10.04,0-01:15:00,benchmarks/cifar10/jobs/ConvNet_simclr_kmeans_size1_lbl5.sh,0,,,incomplete
ConvNet_simclr_kmeans_size2_lbl5,kmeans,ConvNet,simclr,2,5,600,40,15,10.04,0-01:15:00,benchmarks/cifar10/jobs/ConvNet_simclr_kmeans_size2_lbl5.sh,0,,,incomplete
ConvNet_simclr_kmeans_size5_lbl5,kmeans,ConvNet,simclr,5,5,240,40,15,10.04,0-01:15:00,benchmarks/cifar10/jobs/ConvNet_simclr_kmeans_size5_lbl5.sh,0,,,incomplete
ConvNet_barlowtwins_full_size100_lbl5,full,ConvNet,barlowtwins,100,5,13,40,15,13.09,0-01:15:00,benchmarks/cifar10/jobs/ConvNet_barlowtwins_full_size100_lbl5.sh,0,,,incomplete
ConvNet_barlowtwins_random_size1_lbl5,random,ConvNet,barlowtwins,1,5,1200,40,15,12.4,0-01:15:00,benchmarks/cifar10/jobs/ConvNet_barlowtwins_random_size1_lbl5.sh,0,,,incomplete
ConvNet_barlowtwins_random_size2_lbl5,random,ConvNet,barlowtwins,2,5,600,40,15,12.4,0-01:15:00,benchmarks/cifar10/jobs/ConvNet_barlowtwins_random_size2_lbl5.sh,0,,,incomplete
ConvNet_barlowtwins_random_size5_lbl5,random,ConvNet,barlowtwins,5,5,240,40,15,12.4,0-01:15:00,benchmarks/cifar10/jobs/ConvNet_barlowtwins_random_size5_lbl5.sh,0,,,incomplete
ConvNet_barlowtwins_kmeans_size1_lbl5,kmeans,ConvNet,barlowtwins,1,5,1200,40,15,12.4,0-01:15:00,benchmarks/cifar10/jobs/ConvNet_barlowtwins_kmeans_size1_lbl5.sh,0,,,incomplete
ConvNet_barlowtwins_kmeans_size2_lbl5,kmeans,ConvNet,barlowtwins,2,5,600,40,15,12.4,0-01:15:00,benchmarks/cifar10/jobs/ConvNet_barlowtwins_kmeans_size2_lbl5.sh,0,,,incomplete
ConvNet_barlowtwins_kmeans_size5_lbl5,kmeans,ConvNet,barlowtwins,5,5,240,40,15,12.4,0-01:15:00,benchmarks/cifar10/jobs/ConvNet_barlowtwins_kmeans_size5_lbl5.sh,0,,,incomplete
VGG11_none_no_pretrain_size0_lbl1,no_pretrain,VGG11,none,0,1,0,200,15,2.17,0-01:05:00,benchmarks/cifar10/jobs/VGG11_none_no_pretrain_size0_lbl1.sh,0,,,incomplete
VGG11_simclr_full_size100_lbl1,full,VGG11,simclr,100,1,13,200,15,12.54,0-01:15:00,benchmarks/cifar10/jobs/VGG11_simclr_full_size100_lbl1.sh,0,,,incomplete
VGG11_simclr_random_size1_lbl1,random,VGG11,simclr,1,1,1200,200,15,11.88,0-01:15:00,benchmarks/cifar10/jobs/VGG11_simclr_random_size1_lbl1.sh,0,,,incomplete
VGG11_simclr_random_size2_lbl1,random,VGG11,simclr,2,1,600,200,15,11.88,0-01:15:00,benchmarks/cifar10/jobs/VGG11_simclr_random_size2_lbl1.sh,0,,,incomplete
VGG11_simclr_random_size5_lbl1,random,VGG11,simclr,5,1,240,200,15,11.88,0-01:15:00,benchmarks/cifar10/jobs/VGG11_simclr_random_size5_lbl1.sh,0,,,incomplete
VGG11_simclr_kmeans_size1_lbl1,kmeans,VGG11,simclr,1,1,1200,200,15,11.88,0-01:15:00,benchmarks/cifar10/jobs/VGG11_simclr_kmeans_size1_lbl1.sh,0,,,incomplete
VGG11_simclr_kmeans_size2_lbl1,kmeans,VGG11,simclr,2,1,600,200,15,11.88,0-01:15:00,benchmarks/cifar10/jobs/VGG11_simclr_kmeans_size2_lbl1.sh,0,,,incomplete
VGG11_simclr_kmeans_size5_lbl1,kmeans,VGG11,simclr,5,1,240,200,15,11.88,0-01:15:00,benchmarks/cifar10/jobs/VGG11_simclr_kmeans_size5_lbl1.sh,0,,,incomplete
VGG11_barlowtwins_full_size100_lbl1,full,VGG11,barlowtwins,100,1,13,200,15,12.58,0-01:15:00,benchmarks/cifar10/jobs/VGG11_barlowtwins_full_size100_lbl1.sh,0,,,incomplete
VGG11_barlowtwins_random_size1_lbl1,random,VGG11,barlowtwins,1,1,1200,200,15,11.93,0-01:15:00,benchmarks/cifar10/jobs/VGG11_barlowtwins_random_size1_lbl1.sh,0,,,incomplete
VGG11_barlowtwins_random_size2_lbl1,random,VGG11,barlowtwins,2,1,600,200,15,11.93,0-01:15:00,benchmarks/cifar10/jobs/VGG11_barlowtwins_random_size2_lbl1.sh,0,,,incomplete
VGG11_barlowtwins_random_size5_lbl1,random,VGG11,barlowtwins,5,1,240,200,15,11.93,0-01:15:00,benchmarks/cifar10/jobs/VGG11_barlowtwins_random_size5_lbl1.sh,0,,,incomplete
VGG11_barlowtwins_kmeans_size1_lbl1,kmeans,VGG11,barlowtwins,1,1,1200,200,15,11.93,0-01:15:00,benchmarks/cifar10/jobs/VGG11_barlowtwins_kmeans_size1_lbl1.sh,0,,,incomplete
VGG11_barlowtwins_kmeans_size2_lbl1,kmeans,VGG11,barlowtwins,2,1,600,200,15,11.93,0-01:15:00,benchmarks/cifar10/jobs/VGG11_barlowtwins_kmeans_size2_lbl1.sh,0,,,incomplete
VGG11_barlowtwins_kmeans_size5_lbl1,kmeans,VGG11,barlowtwins,5,1,240,200,15,11.93,0-01:15:00,benchmarks/cifar10/jobs/VGG11_barlowtwins_kmeans_size5_lbl1.sh,0,,,incomplete
VGG11_none_no_pretrain_size0_lbl5,no_pretrain,VGG11,none,0,5,0,40,15,2.17,0-01:05:00,benchmarks/cifar10/jobs/VGG11_none_no_pretrain_size0_lbl5.sh,0,,,incomplete
VGG11_simclr_full_size100_lbl5,full,VGG11,simclr,100,5,13,40,15,12.54,0-01:15:00,benchmarks/cifar10/jobs/VGG11_simclr_full_size100_lbl5.sh,0,,,incomplete
VGG11_simclr_random_size1_lbl5,random,VGG11,simclr,1,5,1200,40,15,11.88,0-01:15:00,benchmarks/cifar10/jobs/VGG11_simclr_random_size1_lbl5.sh,0,,,incomplete
VGG11_simclr_random_size2_lbl5,random,VGG11,simclr,2,5,600,40,15,11.88,0-01:15:00,benchmarks/cifar10/jobs/VGG11_simclr_random_size2_lbl5.sh,0,,,incomplete
VGG11_simclr_random_size5_lbl5,random,VGG11,simclr,5,5,240,40,15,11.88,0-01:15:00,benchmarks/cifar10/jobs/VGG11_simclr_random_size5_lbl5.sh,0,,,incomplete
VGG11_simclr_kmeans_size1_lbl5,kmeans,VGG11,simclr,1,5,1200,40,15,11.88,0-01:15:00,benchmarks/cifar10/jobs/VGG11_simclr_kmeans_size1_lbl5.sh,0,,,incomplete
VGG11_simclr_kmeans_size2_lbl5,kmeans,VGG11,simclr,2,5,600,40,15,11.88,0-01:15:00,benchmarks/cifar10/jobs/VGG11_simclr_kmeans_size2_lbl5.sh,0,,,incomplete
VGG11_simclr_kmeans_size5_lbl5,kmeans,VGG11,simclr,5,5,240,40,15,11.88,0-01:15:00,benchmarks/cifar10/jobs/VGG11_simclr_kmeans_size5_lbl5.sh,0,,,incomplete
VGG11_barlowtwins_full_size100_lbl5,full,VGG11,barlowtwins,100,5,13,40,15,12.58,0-01:15:00,benchmarks/cifar10/jobs/VGG11_barlowtwins_full_size100_lbl5.sh,0,,,incomplete
VGG11_barlowtwins_random_size1_lbl5,random,VGG11,barlowtwins,1,5,1200,40,15,11.93,0-01:15:00,benchmarks/cifar10/jobs/VGG11_barlowtwins_random_size1_lbl5.sh,0,,,incomplete
VGG11_barlowtwins_random_size2_lbl5,random,VGG11,barlowtwins,2,5,600,40,15,11.93,0-01:15:00,benchmarks/cifar10/jobs/VGG11_barlowtwins_random_size2_lbl5.sh,0,,,incomplete
VGG11_barlowtwins_random_size5_lbl5,random,VGG11,barlowtwins,5,5,240,40,15,11.93,0-01:15:00,benchmarks/cifar10/jobs/VGG11_barlowtwins_random_size5_lbl5.sh,0,,,incomplete
VGG11_barlowtwins_kmeans_size1_lbl5,kmeans,VGG11,barlowtwins,1,5,1200,40,15,11.93,0-01:15:00,benchmarks/cifar10/jobs/VGG11_barlowtwins_kmeans_size1_lbl5.sh,0,,,incomplete
VGG11_barlowtwins_kmeans_size2_lbl5,kmeans,VGG11,barlowtwins,2,5,600,40,15,11.93,0-01:15:00,benchmarks/cifar10/jobs/VGG11_barlowtwins_kmeans_size2_lbl5.sh,0,,,incomplete
VGG11_barlowtwins_kmeans_size5_lbl5,kmeans,VGG11,barlowtwins,5,5,240,40,15,11.93,0-01:15:00,benchmarks/cifar10/jobs/VGG11_barlowtwins_kmeans_size5_lbl5.sh,0,,,incomplete
ResNet18_none_no_pretrain_size0_lbl1,no_pretrain,ResNet18,none,0,1,0,200,15,4.38,0-01:05:00,benchmarks/cifar10/jobs/ResNet18_none_no_pretrain_size0_lbl1.sh,0,,,incomplete
ResNet18_simclr_full_size100_lbl1,full,ResNet18,simclr,100,1,13,200,15,39.62,0-01:40:00,benchmarks/cifar10/jobs/ResNet18_simclr_full_size100_lbl1.sh,0,,,incomplete
ResNet18_simclr_random_size1_lbl1,random,ResNet18,simclr,1,1,1200,200,15,37.4,0-01:40:00,benchmarks/cifar10/jobs/ResNet18_simclr_random_size1_lbl1.sh,0,,,incomplete
ResNet18_simclr_random_size2_lbl1,random,ResNet18,simclr,2,1,600,200,15,37.4,0-01:40:00,benchmarks/cifar10/jobs/ResNet18_simclr_random_size2_lbl1.sh,0,,,incomplete
ResNet18_simclr_random_size5_lbl1,random,ResNet18,simclr,5,1,240,200,15,37.4,0-01:40:00,benchmarks/cifar10/jobs/ResNet18_simclr_random_size5_lbl1.sh,0,,,incomplete
ResNet18_simclr_kmeans_size1_lbl1,kmeans,ResNet18,simclr,1,1,1200,200,15,37.4,0-01:40:00,benchmarks/cifar10/jobs/ResNet18_simclr_kmeans_size1_lbl1.sh,0,,,incomplete
ResNet18_simclr_kmeans_size2_lbl1,kmeans,ResNet18,simclr,2,1,600,200,15,37.4,0-01:40:00,benchmarks/cifar10/jobs/ResNet18_simclr_kmeans_size2_lbl1.sh,0,,,incomplete
ResNet18_simclr_kmeans_size5_lbl1,kmeans,ResNet18,simclr,5,1,240,200,15,37.4,0-01:40:00,benchmarks/cifar10/jobs/ResNet18_simclr_kmeans_size5_lbl1.sh,0,,,incomplete
ResNet18_barlowtwins_full_size100_lbl1,full,ResNet18,barlowtwins,100,1,13,200,15,39.67,0-01:40:00,benchmarks/cifar10/jobs/ResNet18_barlowtwins_full_size100_lbl1.sh,0,,,incomplete
ResNet18_barlowtwins_random_size1_lbl1,random,ResNet18,barlowtwins,1,1,1200,200,15,37.44,0-01:40:00,benchmarks/cifar10/jobs/ResNet18_barlowtwins_random_size1_lbl1.sh,0,,,incomplete
ResNet18_barlowtwins_random_size2_lbl1,random,ResNet18,barlowtwins,2,1,600,200,15,37.44,0-01:40:00,benchmarks/cifar10/jobs/ResNet18_barlowtwins_random_size2_lbl1.sh,0,,,incomplete
ResNet18_barlowtwins_random_size5_lbl1,random,ResNet18,barlowtwins,5,1,240,200,15,37.44,0-01:40:00,benchmarks/cifar10/jobs/ResNet18_barlowtwins_random_size5_lbl1.sh,0,,,incomplete
ResNet18_barlowtwins_kmeans_size1_lbl1,kmeans,ResNet18,barlowtwins,1,1,1200,200,15,37.44,0-01:40:00,benchmarks/cifar10/jobs/ResNet18_barlowtwins_kmeans_size1_lbl1.sh,0,,,incomplete
ResNet18_barlowtwins_kmeans_size2_lbl1,kmeans,ResNet18,barlowtwins,2,1,600,200,15,37.44,0-01:40:00,benchmarks/cifar10/jobs/ResNet18_barlowtwins_kmeans_size2_lbl1.sh,0,,,incomplete
ResNet18_barlowtwins_kmeans_size5_lbl1,kmeans,ResNet18,barlowtwins,5,1,240,200,15,37.44,0-01:40:00,benchmarks/cifar10/jobs/ResNet18_barlowtwins_kmeans_size5_lbl1.sh,0,,,incomplete
ResNet18_none_no_pretrain_size0_lbl5,no_pretrain,ResNet18,none,0,5,0,40,15,4.38,0-01:05:00,benchmarks/cifar10/jobs/ResNet18_none_no_pretrain_size0_lbl5.sh,0,,,incomplete
ResNet18_simclr_full_size100_lbl5,full,ResNet18,simclr,100,5,13,40,15,39.62,0-01:40:00,benchmarks/cifar10/jobs/ResNet18_simclr_full_size100_lbl5.sh,0,,,incomplete
ResNet18_simclr_random_size1_lbl5,random,ResNet18,simclr,1,5,1200,40,15,37.4,0-01:40:00,benchmarks/cifar10/jobs/ResNet18_simclr_random_size1_lbl5.sh,0,,,incomplete
ResNet18_simclr_random_size2_lbl5,random,ResNet18,simclr,2,5,600,40,15,37.4,0-01:40:00,benchmarks/cifar10/jobs/ResNet18_simclr_random_size2_lbl5.sh,0,,,incomplete
ResNet18_simclr_random_size5_lbl5,random,ResNet18,simclr,5,5,240,40,15,37.4,0-01:40:00,benchmarks/cifar10/jobs/ResNet18_simclr_random_size5_lbl5.sh,0,,,incomplete
ResNet18_simclr_kmeans_size1_lbl5,kmeans,ResNet18,simclr,1,5,1200,40,15,37.4,0-01:40:00,benchmarks/cifar10/jobs/ResNet18_simclr_kmeans_size1_lbl5.sh,0,,,incomplete
ResNet18_simclr_kmeans_size2_lbl5,kmeans,ResNet18,simclr,2,5,600,40,15,37.4,0-01:40:00,benchmarks/cifar10/jobs/ResNet18_simclr_kmeans_size2_lbl5.sh,0,,,incomplete
ResNet18_simclr_kmeans_size5_lbl5,kmeans,ResNet18,simclr,5,5,240,40,15,37.4,0-01:40:00,benchmarks/cifar10/jobs/ResNet18_simclr_kmeans_size5_lbl5.sh,0,,,incomplete
ResNet18_barlowtwins_full_size100_lbl5,full,ResNet18,barlowtwins,100,5,13,40,15,39.67,0-01:40:00,benchmarks/cifar10/jobs/ResNet18_barlowtwins_full_size100_lbl5.sh,0,,,incomplete
ResNet18_barlowtwins_random_size1_lbl5,random,ResNet18,barlowtwins,1,5,1200,40,15,37.44,0-01:40:00,benchmarks/cifar10/jobs/ResNet18_barlowtwins_random_size1_lbl5.sh,0,,,incomplete
ResNet18_barlowtwins_random_size2_lbl5,random,ResNet18,barlowtwins,2,5,600,40,15,37.44,0-01:40:00,benchmarks/cifar10/jobs/ResNet18_barlowtwins_random_size2_lbl5.sh,0,,,incomplete
ResNet18_barlowtwins_random_size5_lbl5,random,ResNet18,barlowtwins,5,5,240,40,15,37.44,0-01:40:00,benchmarks/cifar10/jobs/ResNet18_barlowtwins_random_size5_lbl5.sh,0,,,incomplete
ResNet18_barlowtwins_kmeans_size1_lbl5,kmeans,ResNet18,barlowtwins,1,5,1200,40,15,37.44,0-01:40:00,benchmarks/cifar10/jobs/ResNet18_barlowtwins_kmeans_size1_lbl5.sh,0,,,incomplete
ResNet18_barlowtwins_kmeans_size2_lbl5,kmeans,ResNet18,barlowtwins,2,5,600,40,15,37.44,0-01:40:00,benchmarks/cifar10/jobs/ResNet18_barlowtwins_kmeans_size2_lbl5.sh,0,,,incomplete
ResNet18_barlowtwins_kmeans_size5_lbl5,kmeans,ResNet18,barlowtwins,5,5,240,40,15,37.44,0-01:40:00,benchmarks/cifar10/jobs/ResNet18_barlowtwins_kmeans_size5_lbl5.sh,0,,,incomplete
