synthetic_number,original_dataset_index,original_label,synthetic_file,original_file
1,41170,1,1_1.jpg,1_1_orig.jpg
2,9375,0,2_0.jpg,2_0_orig.jpg
3,4894,7,3_7.jpg,3_7_orig.jpg
4,11341,5,4_5.jpg,4_5_orig.jpg
5,44339,9,5_9.jpg,5_9_orig.jpg
6,46370,7,6_7.jpg,6_7_orig.jpg
7,36293,2,7_2.jpg,7_2_orig.jpg
8,2413,0,8_0.jpg,8_0_orig.jpg
9,32740,7,9_7.jpg,9_7_orig.jpg
10,27998,7,10_7.jpg,10_7_orig.jpg
11,2609,9,11_9.jpg,11_9_orig.jpg
12,20152,3,12_3.jpg,12_3_orig.jpg
13,46832,2,13_2.jpg,13_2_orig.jpg
14,19543,4,14_4.jpg,14_4_orig.jpg
15,8628,1,15_1.jpg,15_1_orig.jpg
16,31466,6,16_6.jpg,16_6_orig.jpg
17,24936,1,17_1.jpg,17_1_orig.jpg
18,1858,7,18_7.jpg,18_7_orig.jpg
19,7072,5,19_5.jpg,19_5_orig.jpg
20,46731,1,20_1.jpg,20_1_orig.jpg
21,25242,0,21_0.jpg,21_0_orig.jpg
22,17478,3,22_3.jpg,22_3_orig.jpg
23,36335,5,23_5.jpg,23_5_orig.jpg
24,34981,2,24_2.jpg,24_2_orig.jpg
25,44122,0,25_0.jpg,25_0_orig.jpg
26,12631,3,26_3.jpg,26_3_orig.jpg
27,4940,0,27_0.jpg,27_0_orig.jpg
28,21135,2,28_2.jpg,28_2_orig.jpg
29,19315,4,29_4.jpg,29_4_orig.jpg
30,734,5,30_5.jpg,30_5_orig.jpg
31,2258,0,31_0.jpg,31_0_orig.jpg
32,26209,9,32_9.jpg,32_9_orig.jpg
33,494,3,33_3.jpg,33_3_orig.jpg
34,29909,9,34_9.jpg,34_9_orig.jpg
35,27635,7,35_7.jpg,35_7_orig.jpg
36,22016,9,36_9.jpg,36_9_orig.jpg
37,32669,0,37_0.jpg,37_0_orig.jpg
38,48404,2,38_2.jpg,38_2_orig.jpg
39,38358,7,39_7.jpg,39_7_orig.jpg
40,12052,0,40_0.jpg,40_0_orig.jpg
41,7436,4,41_4.jpg,41_4_orig.jpg
42,834,1,42_1.jpg,42_1_orig.jpg
43,35750,0,43_0.jpg,43_0_orig.jpg
44,46340,6,44_6.jpg,44_6_orig.jpg
45,41571,9,45_9.jpg,45_9_orig.jpg
46,47462,3,46_3.jpg,46_3_orig.jpg
47,34297,3,47_3.jpg,47_3_orig.jpg
48,8832,6,48_6.jpg,48_6_orig.jpg
49,38143,7,49_7.jpg,49_7_orig.jpg
50,22870,5,50_5.jpg,50_5_orig.jpg
51,44037,0,51_0.jpg,51_0_orig.jpg
52,47285,7,52_7.jpg,52_7_orig.jpg
53,17834,2,53_2.jpg,53_2_orig.jpg
54,49518,4,54_4.jpg,54_4_orig.jpg
55,36732,1,55_1.jpg,55_1_orig.jpg
56,42405,5,56_5.jpg,56_5_orig.jpg
57,34615,8,57_8.jpg,57_8_orig.jpg
58,37387,9,58_9.jpg,58_9_orig.jpg
59,2596,6,59_6.jpg,59_6_orig.jpg
60,15609,1,60_1.jpg,60_1_orig.jpg
61,22879,5,61_5.jpg,61_5_orig.jpg
62,20897,1,62_1.jpg,62_1_orig.jpg
63,29941,0,63_0.jpg,63_0_orig.jpg
64,3548,0,64_0.jpg,64_0_orig.jpg
65,11751,6,65_6.jpg,65_6_orig.jpg
66,5078,8,66_8.jpg,66_8_orig.jpg
67,1748,9,67_9.jpg,67_9_orig.jpg
68,49148,1,68_1.jpg,68_1_orig.jpg
69,9277,9,69_9.jpg,69_9_orig.jpg
70,38883,2,70_2.jpg,70_2_orig.jpg
71,34003,5,71_5.jpg,71_5_orig.jpg
72,28858,1,72_1.jpg,72_1_orig.jpg
73,43164,1,73_1.jpg,73_1_orig.jpg
74,11147,6,74_6.jpg,74_6_orig.jpg
75,22568,3,75_3.jpg,75_3_orig.jpg
76,1271,3,76_3.jpg,76_3_orig.jpg
77,34046,7,77_7.jpg,77_7_orig.jpg
78,10313,8,78_8.jpg,78_8_orig.jpg
79,21361,8,79_8.jpg,79_8_orig.jpg
80,16302,9,80_9.jpg,80_9_orig.jpg
81,11605,7,81_7.jpg,81_7_orig.jpg
82,26315,1,82_1.jpg,82_1_orig.jpg
83,37383,9,83_9.jpg,83_9_orig.jpg
84,7819,7,84_7.jpg,84_7_orig.jpg
85,38749,7,85_7.jpg,85_7_orig.jpg
86,39472,7,86_7.jpg,86_7_orig.jpg
87,12147,3,87_3.jpg,87_3_orig.jpg
88,8557,6,88_6.jpg,88_6_orig.jpg
89,17172,6,89_6.jpg,89_6_orig.jpg
90,35581,3,90_3.jpg,90_3_orig.jpg
91,26001,2,91_2.jpg,91_2_orig.jpg
92,29889,6,92_6.jpg,92_6_orig.jpg
93,1974,4,93_4.jpg,93_4_orig.jpg
94,18397,8,94_8.jpg,94_8_orig.jpg
95,28147,5,95_5.jpg,95_5_orig.jpg
96,13743,8,96_8.jpg,96_8_orig.jpg
97,10654,4,97_4.jpg,97_4_orig.jpg
98,37293,7,98_7.jpg,98_7_orig.jpg
99,43669,1,99_1.jpg,99_1_orig.jpg
100,36935,1,100_1.jpg,100_1_orig.jpg
101,2913,4,101_4.jpg,101_4_orig.jpg
102,21194,4,102_4.jpg,102_4_orig.jpg
103,17989,7,103_7.jpg,103_7_orig.jpg
104,9806,1,104_1.jpg,104_1_orig.jpg
105,31396,6,105_6.jpg,105_6_orig.jpg
106,10186,3,106_3.jpg,106_3_orig.jpg
107,25997,3,107_3.jpg,107_3_orig.jpg
108,24144,0,108_0.jpg,108_0_orig.jpg
109,10903,8,109_8.jpg,109_8_orig.jpg
110,16247,5,110_5.jpg,110_5_orig.jpg
111,18536,4,111_4.jpg,111_4_orig.jpg
112,6793,7,112_7.jpg,112_7_orig.jpg
113,43579,7,113_7.jpg,113_7_orig.jpg
114,38770,0,114_0.jpg,114_0_orig.jpg
115,31084,4,115_4.jpg,115_4_orig.jpg
116,17356,9,116_9.jpg,116_9_orig.jpg
117,15002,7,117_7.jpg,117_7_orig.jpg
118,11996,7,118_7.jpg,118_7_orig.jpg
119,13115,8,119_8.jpg,119_8_orig.jpg
120,22967,0,120_0.jpg,120_0_orig.jpg
121,11855,3,121_3.jpg,121_3_orig.jpg
122,31326,7,122_7.jpg,122_7_orig.jpg
123,20362,6,123_6.jpg,123_6_orig.jpg
124,30852,7,124_7.jpg,124_7_orig.jpg
125,3123,8,125_8.jpg,125_8_orig.jpg
126,35620,6,126_6.jpg,126_6_orig.jpg
127,567,8,127_8.jpg,127_8_orig.jpg
128,15945,6,128_6.jpg,128_6_orig.jpg
129,11019,7,129_7.jpg,129_7_orig.jpg
130,6530,5,130_5.jpg,130_5_orig.jpg
131,40808,1,131_1.jpg,131_1_orig.jpg
132,3809,6,132_6.jpg,132_6_orig.jpg
133,40911,2,133_2.jpg,133_2_orig.jpg
134,45235,9,134_9.jpg,134_9_orig.jpg
135,17312,1,135_1.jpg,135_1_orig.jpg
136,45946,1,136_1.jpg,136_1_orig.jpg
137,8468,8,137_8.jpg,137_8_orig.jpg
138,45646,3,138_3.jpg,138_3_orig.jpg
139,31854,1,139_1.jpg,139_1_orig.jpg
140,17744,6,140_6.jpg,140_6_orig.jpg
141,23359,9,141_9.jpg,141_9_orig.jpg
142,272,4,142_4.jpg,142_4_orig.jpg
143,45169,6,143_6.jpg,143_6_orig.jpg
144,30253,7,144_7.jpg,144_7_orig.jpg
145,42507,1,145_1.jpg,145_1_orig.jpg
146,8156,5,146_5.jpg,146_5_orig.jpg
147,40837,7,147_7.jpg,147_7_orig.jpg
148,13224,7,148_7.jpg,148_7_orig.jpg
149,44985,6,149_6.jpg,149_6_orig.jpg
150,3126,9,150_9.jpg,150_9_orig.jpg
151,16822,6,151_6.jpg,151_6_orig.jpg
152,45816,3,152_3.jpg,152_3_orig.jpg
153,578,1,153_1.jpg,153_1_orig.jpg
154,6936,3,154_3.jpg,154_3_orig.jpg
155,32942,5,155_5.jpg,155_5_orig.jpg
156,3054,7,156_7.jpg,156_7_orig.jpg
157,43864,6,157_6.jpg,157_6_orig.jpg
158,33742,1,158_1.jpg,158_1_orig.jpg
159,40679,0,159_0.jpg,159_0_orig.jpg
160,13159,5,160_5.jpg,160_5_orig.jpg
161,15716,8,161_8.jpg,161_8_orig.jpg
162,18553,4,162_4.jpg,162_4_orig.jpg
163,10109,6,163_6.jpg,163_6_orig.jpg
164,8457,5,164_5.jpg,164_5_orig.jpg
165,18175,9,165_9.jpg,165_9_orig.jpg
166,41154,3,166_3.jpg,166_3_orig.jpg
167,1442,7,167_7.jpg,167_7_orig.jpg
168,22573,9,168_9.jpg,168_9_orig.jpg
169,38316,4,169_4.jpg,169_4_orig.jpg
170,5989,7,170_7.jpg,170_7_orig.jpg
171,27935,4,171_4.jpg,171_4_orig.jpg
172,19361,7,172_7.jpg,172_7_orig.jpg
173,41633,9,173_9.jpg,173_9_orig.jpg
174,33354,5,174_5.jpg,174_5_orig.jpg
175,41029,6,175_6.jpg,175_6_orig.jpg
176,1263,9,176_9.jpg,176_9_orig.jpg
177,5417,2,177_2.jpg,177_2_orig.jpg
178,4759,0,178_0.jpg,178_0_orig.jpg
179,451,6,179_6.jpg,179_6_orig.jpg
180,21197,4,180_4.jpg,180_4_orig.jpg
181,13648,2,181_2.jpg,181_2_orig.jpg
182,36616,2,182_2.jpg,182_2_orig.jpg
183,14670,4,183_4.jpg,183_4_orig.jpg
184,27763,7,184_7.jpg,184_7_orig.jpg
185,39713,9,185_9.jpg,185_9_orig.jpg
186,14993,3,186_3.jpg,186_3_orig.jpg
187,6808,7,187_7.jpg,187_7_orig.jpg
188,24799,4,188_4.jpg,188_4_orig.jpg
189,30667,0,189_0.jpg,189_0_orig.jpg
190,4591,1,190_1.jpg,190_1_orig.jpg
191,19504,2,191_2.jpg,191_2_orig.jpg
192,18877,9,192_9.jpg,192_9_orig.jpg
193,14458,9,193_9.jpg,193_9_orig.jpg
194,3049,0,194_0.jpg,194_0_orig.jpg
195,48411,5,195_5.jpg,195_5_orig.jpg
196,3122,6,196_6.jpg,196_6_orig.jpg
197,26906,3,197_3.jpg,197_3_orig.jpg
198,40595,1,198_1.jpg,198_1_orig.jpg
199,12044,2,199_2.jpg,199_2_orig.jpg
200,25954,4,200_4.jpg,200_4_orig.jpg
201,48576,7,201_7.jpg,201_7_orig.jpg
202,17146,4,202_4.jpg,202_4_orig.jpg
203,42438,1,203_1.jpg,203_1_orig.jpg
204,300,2,204_2.jpg,204_2_orig.jpg
205,14038,4,205_4.jpg,205_4_orig.jpg
206,19495,6,206_6.jpg,206_6_orig.jpg
207,20219,8,207_8.jpg,207_8_orig.jpg
208,31354,8,208_8.jpg,208_8_orig.jpg
209,47077,8,209_8.jpg,209_8_orig.jpg
210,9533,0,210_0.jpg,210_0_orig.jpg
211,776,3,211_3.jpg,211_3_orig.jpg
212,9254,4,212_4.jpg,212_4_orig.jpg
213,40249,3,213_3.jpg,213_3_orig.jpg
214,14021,2,214_2.jpg,214_2_orig.jpg
215,15592,6,215_6.jpg,215_6_orig.jpg
216,45944,6,216_6.jpg,216_6_orig.jpg
217,35444,6,217_6.jpg,217_6_orig.jpg
218,11878,4,218_4.jpg,218_4_orig.jpg
219,29622,7,219_7.jpg,219_7_orig.jpg
220,34100,8,220_8.jpg,220_8_orig.jpg
221,26038,8,221_8.jpg,221_8_orig.jpg
222,6493,3,222_3.jpg,222_3_orig.jpg
223,12722,7,223_7.jpg,223_7_orig.jpg
224,22250,2,224_2.jpg,224_2_orig.jpg
225,13801,0,225_0.jpg,225_0_orig.jpg
226,44132,9,226_9.jpg,226_9_orig.jpg
227,801,3,227_3.jpg,227_3_orig.jpg
228,16394,9,228_9.jpg,228_9_orig.jpg
229,16570,2,229_2.jpg,229_2_orig.jpg
230,12114,1,230_1.jpg,230_1_orig.jpg
231,20109,7,231_7.jpg,231_7_orig.jpg
232,29239,8,232_8.jpg,232_8_orig.jpg
233,49558,2,233_2.jpg,233_2_orig.jpg
234,26329,4,234_4.jpg,234_4_orig.jpg
235,3263,0,235_0.jpg,235_0_orig.jpg
236,15248,1,236_1.jpg,236_1_orig.jpg
237,9522,0,237_0.jpg,237_0_orig.jpg
238,45390,0,238_0.jpg,238_0_orig.jpg
239,4979,8,239_8.jpg,239_8_orig.jpg
240,30652,0,240_0.jpg,240_0_orig.jpg
241,19860,0,241_0.jpg,241_0_orig.jpg
242,37045,6,242_6.jpg,242_6_orig.jpg
243,38803,7,243_7.jpg,243_7_orig.jpg
244,37731,4,244_4.jpg,244_4_orig.jpg
245,35285,0,245_0.jpg,245_0_orig.jpg
246,24639,0,246_0.jpg,246_0_orig.jpg
247,49130,0,247_0.jpg,247_0_orig.jpg
248,20432,6,248_6.jpg,248_6_orig.jpg
249,18120,9,249_9.jpg,249_9_orig.jpg
250,12071,1,250_1.jpg,250_1_orig.jpg
251,26785,5,251_5.jpg,251_5_orig.jpg
252,41643,1,252_1.jpg,252_1_orig.jpg
253,13519,8,253_8.jpg,253_8_orig.jpg
254,8596,7,254_7.jpg,254_7_orig.jpg
255,19679,9,255_9.jpg,255_9_orig.jpg
256,23896,6,256_6.jpg,256_6_orig.jpg
257,16013,3,257_3.jpg,257_3_orig.jpg
258,26507,0,258_0.jpg,258_0_orig.jpg
259,35974,9,259_9.jpg,259_9_orig.jpg
260,33469,7,260_7.jpg,260_7_orig.jpg
261,10002,6,261_6.jpg,261_6_orig.jpg
262,38325,7,262_7.jpg,262_7_orig.jpg
263,212,1,263_1.jpg,263_1_orig.jpg
264,898,7,264_7.jpg,264_7_orig.jpg
265,21192,6,265_6.jpg,265_6_orig.jpg
266,8792,4,266_4.jpg,266_4_orig.jpg
267,6918,6,267_6.jpg,267_6_orig.jpg
268,22948,8,268_8.jpg,268_8_orig.jpg
269,42088,5,269_5.jpg,269_5_orig.jpg
270,44058,9,270_9.jpg,270_9_orig.jpg
271,34494,5,271_5.jpg,271_5_orig.jpg
272,45899,1,272_1.jpg,272_1_orig.jpg
273,10822,8,273_8.jpg,273_8_orig.jpg
274,11743,3,274_3.jpg,274_3_orig.jpg
275,39858,6,275_6.jpg,275_6_orig.jpg
276,24946,6,276_6.jpg,276_6_orig.jpg
277,8489,8,277_8.jpg,277_8_orig.jpg
278,45799,6,278_6.jpg,278_6_orig.jpg
279,22617,4,279_4.jpg,279_4_orig.jpg
280,26638,4,280_4.jpg,280_4_orig.jpg
281,23479,6,281_6.jpg,281_6_orig.jpg
282,46826,2,282_2.jpg,282_2_orig.jpg
283,20154,4,283_4.jpg,283_4_orig.jpg
284,13624,5,284_5.jpg,284_5_orig.jpg
285,31656,6,285_6.jpg,285_6_orig.jpg
286,21172,8,286_8.jpg,286_8_orig.jpg
287,21498,1,287_1.jpg,287_1_orig.jpg
288,34296,8,288_8.jpg,288_8_orig.jpg
289,31251,1,289_1.jpg,289_1_orig.jpg
290,3460,4,290_4.jpg,290_4_orig.jpg
291,15385,6,291_6.jpg,291_6_orig.jpg
292,28502,7,292_7.jpg,292_7_orig.jpg
293,1371,6,293_6.jpg,293_6_orig.jpg
294,16935,5,294_5.jpg,294_5_orig.jpg
295,16676,8,295_8.jpg,295_8_orig.jpg
296,47745,1,296_1.jpg,296_1_orig.jpg
297,11842,8,297_8.jpg,297_8_orig.jpg
298,30959,0,298_0.jpg,298_0_orig.jpg
299,37081,1,299_1.jpg,299_1_orig.jpg
300,34672,7,300_7.jpg,300_7_orig.jpg
301,381,4,301_4.jpg,301_4_orig.jpg
302,31861,3,302_3.jpg,302_3_orig.jpg
303,36884,4,303_4.jpg,303_4_orig.jpg
304,49866,5,304_5.jpg,304_5_orig.jpg
305,11709,0,305_0.jpg,305_0_orig.jpg
306,47495,1,306_1.jpg,306_1_orig.jpg
307,14329,0,307_0.jpg,307_0_orig.jpg
308,37380,6,308_6.jpg,308_6_orig.jpg
309,27183,6,309_6.jpg,309_6_orig.jpg
310,22390,5,310_5.jpg,310_5_orig.jpg
311,6805,2,311_2.jpg,311_2_orig.jpg
312,11499,4,312_4.jpg,312_4_orig.jpg
313,47858,6,313_6.jpg,313_6_orig.jpg
314,43194,0,314_0.jpg,314_0_orig.jpg
315,16315,8,315_8.jpg,315_8_orig.jpg
316,39167,5,316_5.jpg,316_5_orig.jpg
317,86,4,317_4.jpg,317_4_orig.jpg
318,1769,3,318_3.jpg,318_3_orig.jpg
319,21601,7,319_7.jpg,319_7_orig.jpg
320,24760,8,320_8.jpg,320_8_orig.jpg
321,42435,0,321_0.jpg,321_0_orig.jpg
322,21289,9,322_9.jpg,322_9_orig.jpg
323,27243,8,323_8.jpg,323_8_orig.jpg
324,11282,4,324_4.jpg,324_4_orig.jpg
325,20566,0,325_0.jpg,325_0_orig.jpg
326,45840,9,326_9.jpg,326_9_orig.jpg
327,17258,9,327_9.jpg,327_9_orig.jpg
328,39260,0,328_0.jpg,328_0_orig.jpg
329,49791,3,329_3.jpg,329_3_orig.jpg
330,45803,2,330_2.jpg,330_2_orig.jpg
331,35666,1,331_1.jpg,331_1_orig.jpg
332,27965,9,332_9.jpg,332_9_orig.jpg
333,5734,5,333_5.jpg,333_5_orig.jpg
334,47345,4,334_4.jpg,334_4_orig.jpg
335,13670,9,335_9.jpg,335_9_orig.jpg
336,31390,8,336_8.jpg,336_8_orig.jpg
337,47269,9,337_9.jpg,337_9_orig.jpg
338,20615,5,338_5.jpg,338_5_orig.jpg
339,11124,6,339_6.jpg,339_6_orig.jpg
340,29296,6,340_6.jpg,340_6_orig.jpg
341,19434,5,341_5.jpg,341_5_orig.jpg
342,4476,0,342_0.jpg,342_0_orig.jpg
343,39962,7,343_7.jpg,343_7_orig.jpg
344,4983,1,344_1.jpg,344_1_orig.jpg
345,8795,5,345_5.jpg,345_5_orig.jpg
346,11301,1,346_1.jpg,346_1_orig.jpg
347,25915,1,347_1.jpg,347_1_orig.jpg
348,23053,7,348_7.jpg,348_7_orig.jpg
349,22592,7,349_7.jpg,349_7_orig.jpg
350,7902,9,350_9.jpg,350_9_orig.jpg
351,31608,8,351_8.jpg,351_8_orig.jpg
352,17877,4,352_4.jpg,352_4_orig.jpg
353,47145,6,353_6.jpg,353_6_orig.jpg
354,1911,5,354_5.jpg,354_5_orig.jpg
355,38864,6,355_6.jpg,355_6_orig.jpg
356,37894,5,356_5.jpg,356_5_orig.jpg
357,14806,0,357_0.jpg,357_0_orig.jpg
358,12920,1,358_1.jpg,358_1_orig.jpg
359,33427,3,359_3.jpg,359_3_orig.jpg
360,17335,8,360_8.jpg,360_8_orig.jpg
361,19021,5,361_5.jpg,361_5_orig.jpg
362,27085,9,362_9.jpg,362_9_orig.jpg
363,30221,8,363_8.jpg,363_8_orig.jpg
364,27883,7,364_7.jpg,364_7_orig.jpg
365,12918,8,365_8.jpg,365_8_orig.jpg
366,33690,6,366_6.jpg,366_6_orig.jpg
367,35007,3,367_3.jpg,367_3_orig.jpg
368,26923,8,368_8.jpg,368_8_orig.jpg
369,49867,5,369_5.jpg,369_5_orig.jpg
370,21924,0,370_0.jpg,370_0_orig.jpg
371,11709,0,371_0.jpg,371_0_orig.jpg
372,25666,4,372_4.jpg,372_4_orig.jpg
373,36495,7,373_7.jpg,373_7_orig.jpg
374,6525,9,374_9.jpg,374_9_orig.jpg
375,23235,3,375_3.jpg,375_3_orig.jpg
376,28992,6,376_6.jpg,376_6_orig.jpg
377,10793,9,377_9.jpg,377_9_orig.jpg
378,39894,9,378_9.jpg,378_9_orig.jpg
379,44341,1,379_1.jpg,379_1_orig.jpg
380,4043,4,380_4.jpg,380_4_orig.jpg
381,44681,8,381_8.jpg,381_8_orig.jpg
382,36470,0,382_0.jpg,382_0_orig.jpg
383,11091,8,383_8.jpg,383_8_orig.jpg
384,27011,9,384_9.jpg,384_9_orig.jpg
385,32181,2,385_2.jpg,385_2_orig.jpg
386,34182,4,386_4.jpg,386_4_orig.jpg
387,21864,3,387_3.jpg,387_3_orig.jpg
388,31888,0,388_0.jpg,388_0_orig.jpg
389,32637,6,389_6.jpg,389_6_orig.jpg
390,48901,1,390_1.jpg,390_1_orig.jpg
391,14694,6,391_6.jpg,391_6_orig.jpg
392,45237,5,392_5.jpg,392_5_orig.jpg
393,6875,4,393_4.jpg,393_4_orig.jpg
394,26597,9,394_9.jpg,394_9_orig.jpg
395,29505,0,395_0.jpg,395_0_orig.jpg
396,20136,4,396_4.jpg,396_4_orig.jpg
397,28948,2,397_2.jpg,397_2_orig.jpg
398,4644,6,398_6.jpg,398_6_orig.jpg
399,34809,1,399_1.jpg,399_1_orig.jpg
400,20328,0,400_0.jpg,400_0_orig.jpg
401,37973,3,401_3.jpg,401_3_orig.jpg
402,28057,2,402_2.jpg,402_2_orig.jpg
403,43434,6,403_6.jpg,403_6_orig.jpg
404,12612,3,404_3.jpg,404_3_orig.jpg
405,47839,1,405_1.jpg,405_1_orig.jpg
406,17573,0,406_0.jpg,406_0_orig.jpg
407,7251,0,407_0.jpg,407_0_orig.jpg
408,22883,7,408_7.jpg,408_7_orig.jpg
409,10915,9,409_9.jpg,409_9_orig.jpg
410,49660,0,410_0.jpg,410_0_orig.jpg
411,35531,1,411_1.jpg,411_1_orig.jpg
412,26339,6,412_6.jpg,412_6_orig.jpg
413,34636,8,413_8.jpg,413_8_orig.jpg
414,26072,5,414_5.jpg,414_5_orig.jpg
415,32460,0,415_0.jpg,415_0_orig.jpg
416,20857,1,416_1.jpg,416_1_orig.jpg
417,34807,7,417_7.jpg,417_7_orig.jpg
418,2697,6,418_6.jpg,418_6_orig.jpg
419,19549,9,419_9.jpg,419_9_orig.jpg
420,28369,7,420_7.jpg,420_7_orig.jpg
421,5605,9,421_9.jpg,421_9_orig.jpg
422,47978,8,422_8.jpg,422_8_orig.jpg
423,39131,5,423_5.jpg,423_5_orig.jpg
424,28932,9,424_9.jpg,424_9_orig.jpg
425,6303,4,425_4.jpg,425_4_orig.jpg
426,8966,7,426_7.jpg,426_7_orig.jpg
427,4613,7,427_7.jpg,427_7_orig.jpg
428,46857,7,428_7.jpg,428_7_orig.jpg
429,44040,4,429_4.jpg,429_4_orig.jpg
430,23947,5,430_5.jpg,430_5_orig.jpg
431,39326,6,431_6.jpg,431_6_orig.jpg
432,25647,9,432_9.jpg,432_9_orig.jpg
433,1982,6,433_6.jpg,433_6_orig.jpg
434,6225,8,434_8.jpg,434_8_orig.jpg
435,35824,2,435_2.jpg,435_2_orig.jpg
436,7145,1,436_1.jpg,436_1_orig.jpg
437,41896,1,437_1.jpg,437_1_orig.jpg
438,5599,6,438_6.jpg,438_6_orig.jpg
439,5692,9,439_9.jpg,439_9_orig.jpg
440,28001,1,440_1.jpg,440_1_orig.jpg
441,28374,6,441_6.jpg,441_6_orig.jpg
442,13280,7,442_7.jpg,442_7_orig.jpg
443,48848,7,443_7.jpg,443_7_orig.jpg
444,3295,0,444_0.jpg,444_0_orig.jpg
445,6683,1,445_1.jpg,445_1_orig.jpg
446,33656,9,446_9.jpg,446_9_orig.jpg
447,34411,5,447_5.jpg,447_5_orig.jpg
448,15129,3,448_3.jpg,448_3_orig.jpg
449,3271,5,449_5.jpg,449_5_orig.jpg
450,17611,5,450_5.jpg,450_5_orig.jpg
451,989,0,451_0.jpg,451_0_orig.jpg
452,26244,3,452_3.jpg,452_3_orig.jpg
453,21866,9,453_9.jpg,453_9_orig.jpg
454,48242,2,454_2.jpg,454_2_orig.jpg
455,2657,5,455_5.jpg,455_5_orig.jpg
456,28590,4,456_4.jpg,456_4_orig.jpg
457,41641,6,457_6.jpg,457_6_orig.jpg
458,49894,1,458_1.jpg,458_1_orig.jpg
459,30278,7,459_7.jpg,459_7_orig.jpg
460,20068,9,460_9.jpg,460_9_orig.jpg
461,41304,7,461_7.jpg,461_7_orig.jpg
462,12813,8,462_8.jpg,462_8_orig.jpg
463,39440,9,463_9.jpg,463_9_orig.jpg
464,36532,5,464_5.jpg,464_5_orig.jpg
465,20302,0,465_0.jpg,465_0_orig.jpg
466,35542,9,466_9.jpg,466_9_orig.jpg
467,46581,7,467_7.jpg,467_7_orig.jpg
468,46884,4,468_4.jpg,468_4_orig.jpg
469,46523,0,469_0.jpg,469_0_orig.jpg
470,12839,5,470_5.jpg,470_5_orig.jpg
471,18874,7,471_7.jpg,471_7_orig.jpg
472,36878,9,472_9.jpg,472_9_orig.jpg
473,48966,3,473_3.jpg,473_3_orig.jpg
474,43425,5,474_5.jpg,474_5_orig.jpg
475,2436,2,475_2.jpg,475_2_orig.jpg
476,7319,5,476_5.jpg,476_5_orig.jpg
477,30323,6,477_6.jpg,477_6_orig.jpg
478,16074,7,478_7.jpg,478_7_orig.jpg
479,143,6,479_6.jpg,479_6_orig.jpg
480,30945,1,480_1.jpg,480_1_orig.jpg
481,9444,5,481_5.jpg,481_5_orig.jpg
482,44560,7,482_7.jpg,482_7_orig.jpg
483,9474,8,483_8.jpg,483_8_orig.jpg
484,26495,0,484_0.jpg,484_0_orig.jpg
485,48081,8,485_8.jpg,485_8_orig.jpg
486,48340,9,486_9.jpg,486_9_orig.jpg
487,45828,5,487_5.jpg,487_5_orig.jpg
488,45130,7,488_7.jpg,488_7_orig.jpg
489,1918,2,489_2.jpg,489_2_orig.jpg
490,37735,6,490_6.jpg,490_6_orig.jpg
491,14869,4,491_4.jpg,491_4_orig.jpg
492,30828,6,492_6.jpg,492_6_orig.jpg
493,42992,0,493_0.jpg,493_0_orig.jpg
494,8690,1,494_1.jpg,494_1_orig.jpg
495,36011,2,495_2.jpg,495_2_orig.jpg
496,39876,9,496_9.jpg,496_9_orig.jpg
497,17178,0,497_0.jpg,497_0_orig.jpg
498,48956,6,498_6.jpg,498_6_orig.jpg
499,4883,7,499_7.jpg,499_7_orig.jpg
500,46310,5,500_5.jpg,500_5_orig.jpg
