run_tag	lr_img	batch_real	num_random_networks	temperature	distill_aug_strategy	distill_aug_mode
00_baseline	0.005	1024	20	0.2	color_crop_cutout_flip_scale_rotate	S
01_lr_0p01	0.01	1024	20	0.2	color_crop_cutout_flip_scale_rotate	S
02_lr_0p02	0.02	1024	20	0.2	color_crop_cutout_flip_scale_rotate	S
03_lr_0p05	0.05	1024	20	0.2	color_crop_cutout_flip_scale_rotate	S
04_batch_128	0.005	128	20	0.2	color_crop_cutout_flip_scale_rotate	S
05_batch_256	0.005	256	20	0.2	color_crop_cutout_flip_scale_rotate	S
06_batch_512	0.005	512	20	0.2	color_crop_cutout_flip_scale_rotate	S
07_batch_2048	0.005	2048	20	0.2	color_crop_cutout_flip_scale_rotate	S
08_networks_1	0.005	1024	1	0.2	color_crop_cutout_flip_scale_rotate	S
09_networks_5	0.005	1024	5	0.2	color_crop_cutout_flip_scale_rotate	S
10_networks_10	0.005	1024	10	0.2	color_crop_cutout_flip_scale_rotate	S
11_networks_40	0.005	1024	40	0.2	color_crop_cutout_flip_scale_rotate	S
12_temperature_0p025	0.005	1024	20	0.025	color_crop_cutout_flip_scale_rotate	S
13_temperature_0p05	0.005	1024	20	0.05	color_crop_cutout_flip_scale_rotate	S
14_temperature_0p1	0.005	1024	20	0.1	color_crop_cutout_flip_scale_rotate	S
15_temperature_0p5	0.005	1024	20	0.5	color_crop_cutout_flip_scale_rotate	S
16_aug_none	0.005	1024	20	0.2	none	S
17_aug_crop_flip	0.005	1024	20	0.2	crop_flip	S
18_aug_color_crop_flip	0.005	1024	20	0.2	color_crop_flip	S
19_aug_color_crop_cutout_flip	0.005	1024	20	0.2	color_crop_cutout_flip	S
20_aug_color_crop_flip_scale_rotate	0.005	1024	20	0.2	color_crop_flip_scale_rotate	S
21_aug_mode_M	0.005	1024	20	0.2	color_crop_cutout_flip_scale_rotate	M
