2026-10-07T23:45:56Z	1364745	00_baseline
2026-10-07T23:45:56Z	1364746	01_lr_0p01
2026-10-07T23:45:56Z	1364747	02_lr_0p02
2026-10-07T23:45:56Z	1364748	03_lr_0p05
2026-10-07T23:45:56Z	1364749	04_batch_128
2026-10-07T23:45:56Z	1364750	05_batch_256
2026-10-07T23:45:56Z	1364751	06_batch_512
2026-10-07T23:45:56Z	1364752	07_batch_2048
2026-10-07T23:45:56Z	1364753	08_networks_1
2026-10-07T23:45:56Z	1364754	09_networks_5
2026-10-07T23:45:56Z	1364755	10_networks_10
2026-10-07T23:45:56Z	1364756	11_networks_40
2026-10-07T23:45:56Z	1364757	12_temperature_0p025
2026-10-07T23:45:56Z	1364758	13_temperature_0p05
2026-10-07T23:45:56Z	1364759	14_temperature_0p1
2026-10-07T23:45:56Z	1364760	15_temperature_0p5
2026-10-07T23:45:57Z	1364761	16_aug_none
2026-10-07T23:45:57Z	1364762	17_aug_crop_flip
2026-10-07T23:45:57Z	1364763	18_aug_color_crop_flip
2026-10-07T23:45:57Z	1364764	19_aug_color_crop_cutout_flip
2026-10-07T23:45:57Z	1364765	20_aug_color_crop_flip_scale_rotate
