2026-10-09T17:14:49Z	1422609	aip-boyuwang	benchmarks/cross_downstream/prepare_cifar10.sh
2026-10-09T17:14:49Z	1422610	aip-yiweilu	benchmarks/cross_downstream/jobs/pretrain/cifar100_ResNet18_simclr_random_size1.sh
2026-10-09T17:14:49Z	1422611	aip-boyuwang	benchmarks/cross_downstream/jobs/pretrain/cifar100_ResNet18_simclr_random_size2.sh
2026-10-09T17:14:49Z	1422612	aip-boyuwang	benchmarks/cross_downstream/jobs/pretrain/cifar100_ResNet18_simclr_random_size5.sh
2026-10-09T17:14:49Z	1422613	aip-boyuwang	benchmarks/cross_downstream/jobs/pretrain/cifar100_ResNet18_simclr_kmeans_size1.sh
2026-10-09T17:14:49Z	1422614	aip-boyuwang	benchmarks/cross_downstream/jobs/pretrain/cifar100_ResNet18_simclr_kmeans_size2.sh
2026-10-09T17:14:49Z	1422615	aip-yiweilu	benchmarks/cross_downstream/jobs/pretrain/cifar100_ResNet18_simclr_kmeans_size5.sh
2026-10-09T17:14:49Z	1422616	aip-boyuwang	benchmarks/cross_downstream/jobs/pretrain/cifar100_ResNet18_simclr_full_size100.sh
2026-10-09T17:14:49Z	1422617	aip-boyuwang	benchmarks/cross_downstream/jobs/pretrain/cifar100_ResNet18_barlowtwins_random_size1.sh
2026-10-09T17:14:49Z	1422618	aip-boyuwang	benchmarks/cross_downstream/jobs/pretrain/cifar100_ResNet18_barlowtwins_random_size2.sh
2026-10-09T17:14:49Z	1422619	aip-boyuwang	benchmarks/cross_downstream/jobs/pretrain/cifar100_ResNet18_barlowtwins_random_size5.sh
2026-10-09T17:14:49Z	1422620	aip-yiweilu	benchmarks/cross_downstream/jobs/pretrain/cifar100_ResNet18_barlowtwins_kmeans_size1.sh
2026-10-09T17:14:49Z	1422621	aip-boyuwang	benchmarks/cross_downstream/jobs/pretrain/cifar100_ResNet18_barlowtwins_kmeans_size2.sh
2026-10-09T17:14:49Z	1422622	aip-boyuwang	benchmarks/cross_downstream/jobs/pretrain/cifar100_ResNet18_barlowtwins_kmeans_size5.sh
2026-10-09T17:14:49Z	1422623	aip-boyuwang	benchmarks/cross_downstream/jobs/pretrain/cifar100_ResNet18_barlowtwins_full_size100.sh
2026-10-09T17:14:49Z	1422624	aip-boyuwang	benchmarks/cross_downstream/jobs/pretrain/tinyimagenet_ResNet18_simclr_random_size1.sh
2026-10-09T17:14:49Z	1422625	aip-yiweilu	benchmarks/cross_downstream/jobs/pretrain/tinyimagenet_ResNet18_simclr_random_size2.sh
2026-10-09T17:14:49Z	1422626	aip-boyuwang	benchmarks/cross_downstream/jobs/pretrain/tinyimagenet_ResNet18_simclr_random_size5.sh
2026-10-09T17:14:49Z	1422627	aip-boyuwang	benchmarks/cross_downstream/jobs/pretrain/tinyimagenet_ResNet18_simclr_kmeans_size1.sh
2026-10-09T17:14:49Z	1422628	aip-boyuwang	benchmarks/cross_downstream/jobs/pretrain/tinyimagenet_ResNet18_simclr_kmeans_size2.sh
2026-10-09T17:14:49Z	1422629	aip-boyuwang	benchmarks/cross_downstream/jobs/pretrain/tinyimagenet_ResNet18_simclr_kmeans_size5.sh
2026-10-09T17:14:49Z	1422630	aip-yiweilu	benchmarks/cross_downstream/jobs/pretrain/tinyimagenet_ResNet18_simclr_full_size100.sh
2026-10-09T17:14:49Z	1422631	aip-boyuwang	benchmarks/cross_downstream/jobs/pretrain/tinyimagenet_ResNet18_barlowtwins_random_size1.sh
2026-10-09T17:14:49Z	1422632	aip-boyuwang	benchmarks/cross_downstream/jobs/pretrain/tinyimagenet_ResNet18_barlowtwins_random_size2.sh
2026-10-09T17:14:49Z	1422633	aip-boyuwang	benchmarks/cross_downstream/jobs/pretrain/tinyimagenet_ResNet18_barlowtwins_random_size5.sh
2026-10-09T17:14:49Z	1422634	aip-boyuwang	benchmarks/cross_downstream/jobs/pretrain/tinyimagenet_ResNet18_barlowtwins_kmeans_size1.sh
2026-10-09T17:14:49Z	1422635	aip-yiweilu	benchmarks/cross_downstream/jobs/pretrain/tinyimagenet_ResNet18_barlowtwins_kmeans_size2.sh
2026-10-09T17:14:49Z	1422636	aip-boyuwang	benchmarks/cross_downstream/jobs/pretrain/tinyimagenet_ResNet18_barlowtwins_kmeans_size5.sh
2026-10-09T17:14:49Z	1422637	aip-boyuwang	benchmarks/cross_downstream/jobs/pretrain/tinyimagenet_ResNet18_barlowtwins_full_size100.sh
2026-10-09T17:14:49Z	1422638	aip-boyuwang	benchmarks/cross_downstream/jobs/evaluate/cifar100_ResNet18_simclr_random_size1.sh
2026-10-09T17:14:49Z	1422639	aip-boyuwang	benchmarks/cross_downstream/jobs/evaluate/cifar100_ResNet18_simclr_random_size2.sh
2026-10-09T17:14:49Z	1422640	aip-boyuwang	benchmarks/cross_downstream/jobs/evaluate/cifar100_ResNet18_simclr_random_size5.sh
2026-10-09T17:14:49Z	1422641	aip-boyuwang	benchmarks/cross_downstream/jobs/evaluate/cifar100_ResNet18_simclr_kmeans_size1.sh
2026-10-09T17:14:50Z	1422642	aip-boyuwang	benchmarks/cross_downstream/jobs/evaluate/cifar100_ResNet18_simclr_kmeans_size2.sh
2026-10-09T17:14:50Z	1422643	aip-boyuwang	benchmarks/cross_downstream/jobs/evaluate/cifar100_ResNet18_simclr_kmeans_size5.sh
2026-10-09T17:14:50Z	1422644	aip-boyuwang	benchmarks/cross_downstream/jobs/evaluate/cifar100_ResNet18_simclr_full_size100.sh
2026-10-09T17:14:50Z	1422645	aip-boyuwang	benchmarks/cross_downstream/jobs/evaluate/cifar100_ResNet18_barlowtwins_random_size1.sh
2026-10-09T17:14:50Z	1422646	aip-boyuwang	benchmarks/cross_downstream/jobs/evaluate/cifar100_ResNet18_barlowtwins_random_size2.sh
2026-10-09T17:14:50Z	1422647	aip-boyuwang	benchmarks/cross_downstream/jobs/evaluate/cifar100_ResNet18_barlowtwins_random_size5.sh
2026-10-09T17:14:50Z	1422648	aip-boyuwang	benchmarks/cross_downstream/jobs/evaluate/cifar100_ResNet18_barlowtwins_kmeans_size1.sh
2026-10-09T17:14:50Z	1422649	aip-boyuwang	benchmarks/cross_downstream/jobs/evaluate/cifar100_ResNet18_barlowtwins_kmeans_size2.sh
2026-10-09T17:14:50Z	1422650	aip-boyuwang	benchmarks/cross_downstream/jobs/evaluate/cifar100_ResNet18_barlowtwins_kmeans_size5.sh
2026-10-09T17:14:50Z	1422651	aip-boyuwang	benchmarks/cross_downstream/jobs/evaluate/cifar100_ResNet18_barlowtwins_full_size100.sh
2026-10-09T17:14:50Z	1422652	aip-boyuwang	benchmarks/cross_downstream/jobs/evaluate/tinyimagenet_ResNet18_simclr_random_size1.sh
2026-10-09T17:14:50Z	1422653	aip-boyuwang	benchmarks/cross_downstream/jobs/evaluate/tinyimagenet_ResNet18_simclr_random_size2.sh
2026-10-09T17:14:50Z	1422654	aip-boyuwang	benchmarks/cross_downstream/jobs/evaluate/tinyimagenet_ResNet18_simclr_random_size5.sh
2026-10-09T17:14:50Z	1422655	aip-boyuwang	benchmarks/cross_downstream/jobs/evaluate/tinyimagenet_ResNet18_simclr_kmeans_size1.sh
2026-10-09T17:14:50Z	1422656	aip-boyuwang	benchmarks/cross_downstream/jobs/evaluate/tinyimagenet_ResNet18_simclr_kmeans_size2.sh
2026-10-09T17:14:50Z	1422657	aip-boyuwang	benchmarks/cross_downstream/jobs/evaluate/tinyimagenet_ResNet18_simclr_kmeans_size5.sh
2026-10-09T17:14:50Z	1422658	aip-boyuwang	benchmarks/cross_downstream/jobs/evaluate/tinyimagenet_ResNet18_simclr_full_size100.sh
2026-10-09T17:14:50Z	1422659	aip-boyuwang	benchmarks/cross_downstream/jobs/evaluate/tinyimagenet_ResNet18_barlowtwins_random_size1.sh
2026-10-09T17:14:50Z	1422660	aip-boyuwang	benchmarks/cross_downstream/jobs/evaluate/tinyimagenet_ResNet18_barlowtwins_random_size2.sh
2026-10-09T17:14:50Z	1422661	aip-boyuwang	benchmarks/cross_downstream/jobs/evaluate/tinyimagenet_ResNet18_barlowtwins_random_size5.sh
2026-10-09T17:14:50Z	1422662	aip-boyuwang	benchmarks/cross_downstream/jobs/evaluate/tinyimagenet_ResNet18_barlowtwins_kmeans_size1.sh
2026-10-09T17:14:50Z	1422663	aip-boyuwang	benchmarks/cross_downstream/jobs/evaluate/tinyimagenet_ResNet18_barlowtwins_kmeans_size2.sh
2026-10-09T17:14:50Z	1422664	aip-boyuwang	benchmarks/cross_downstream/jobs/evaluate/tinyimagenet_ResNet18_barlowtwins_kmeans_size5.sh
2026-10-09T17:14:50Z	1422665	aip-boyuwang	benchmarks/cross_downstream/jobs/evaluate/tinyimagenet_ResNet18_barlowtwins_full_size100.sh
2026-10-09T17:14:50Z	1422666	aip-boyuwang	benchmarks/cross_downstream/jobs/evaluate/baseline.sh
2026-10-09T17:14:50Z	1422667	aip-boyuwang	benchmarks/cross_downstream/report.sh
