source_id	source	model	ssl_method	method	subset_percentage	ssl_epochs	runs	estimated_minutes	walltime	pretrain_account	evaluate_account	pretrain_script	evaluate_script
cifar100_ResNet18_simclr_random_size1	CIFAR100	ResNet18	simclr	random	1	5000	10	100.89	0-02:05:00	aip-yiweilu	aip-boyuwang	benchmarks/cross_downstream/jobs/pretrain/cifar100_ResNet18_simclr_random_size1.sh	benchmarks/cross_downstream/jobs/evaluate/cifar100_ResNet18_simclr_random_size1.sh
cifar100_ResNet18_simclr_random_size2	CIFAR100	ResNet18	simclr	random	2	4000	10	160.93	0-03:15:00	aip-boyuwang	aip-boyuwang	benchmarks/cross_downstream/jobs/pretrain/cifar100_ResNet18_simclr_random_size2.sh	benchmarks/cross_downstream/jobs/evaluate/cifar100_ResNet18_simclr_random_size2.sh
cifar100_ResNet18_simclr_random_size5	CIFAR100	ResNet18	simclr	random	5	3000	10	301.01	0-05:55:00	aip-boyuwang	aip-boyuwang	benchmarks/cross_downstream/jobs/pretrain/cifar100_ResNet18_simclr_random_size5.sh	benchmarks/cross_downstream/jobs/evaluate/cifar100_ResNet18_simclr_random_size5.sh
cifar100_ResNet18_simclr_kmeans_size1	CIFAR100	ResNet18	simclr	kmeans	1	5000	10	100.89	0-02:05:00	aip-boyuwang	aip-boyuwang	benchmarks/cross_downstream/jobs/pretrain/cifar100_ResNet18_simclr_kmeans_size1.sh	benchmarks/cross_downstream/jobs/evaluate/cifar100_ResNet18_simclr_kmeans_size1.sh
cifar100_ResNet18_simclr_kmeans_size2	CIFAR100	ResNet18	simclr	kmeans	2	4000	10	160.93	0-03:15:00	aip-boyuwang	aip-boyuwang	benchmarks/cross_downstream/jobs/pretrain/cifar100_ResNet18_simclr_kmeans_size2.sh	benchmarks/cross_downstream/jobs/evaluate/cifar100_ResNet18_simclr_kmeans_size2.sh
cifar100_ResNet18_simclr_kmeans_size5	CIFAR100	ResNet18	simclr	kmeans	5	3000	10	301.01	0-05:55:00	aip-yiweilu	aip-boyuwang	benchmarks/cross_downstream/jobs/pretrain/cifar100_ResNet18_simclr_kmeans_size5.sh	benchmarks/cross_downstream/jobs/evaluate/cifar100_ResNet18_simclr_kmeans_size5.sh
cifar100_ResNet18_simclr_full_size100	CIFAR100	ResNet18	simclr	full	100	300	10	589.18	0-11:25:00	aip-boyuwang	aip-boyuwang	benchmarks/cross_downstream/jobs/pretrain/cifar100_ResNet18_simclr_full_size100.sh	benchmarks/cross_downstream/jobs/evaluate/cifar100_ResNet18_simclr_full_size100.sh
cifar100_ResNet18_barlowtwins_random_size1	CIFAR100	ResNet18	barlowtwins	random	1	10000	10	201.21	0-04:00:00	aip-boyuwang	aip-boyuwang	benchmarks/cross_downstream/jobs/pretrain/cifar100_ResNet18_barlowtwins_random_size1.sh	benchmarks/cross_downstream/jobs/evaluate/cifar100_ResNet18_barlowtwins_random_size1.sh
cifar100_ResNet18_barlowtwins_random_size2	CIFAR100	ResNet18	barlowtwins	random	2	8000	10	321.43	0-06:15:00	aip-boyuwang	aip-boyuwang	benchmarks/cross_downstream/jobs/pretrain/cifar100_ResNet18_barlowtwins_random_size2.sh	benchmarks/cross_downstream/jobs/evaluate/cifar100_ResNet18_barlowtwins_random_size2.sh
cifar100_ResNet18_barlowtwins_random_size5	CIFAR100	ResNet18	barlowtwins	random	5	6000	10	601.96	0-11:40:00	aip-boyuwang	aip-boyuwang	benchmarks/cross_downstream/jobs/pretrain/cifar100_ResNet18_barlowtwins_random_size5.sh	benchmarks/cross_downstream/jobs/evaluate/cifar100_ResNet18_barlowtwins_random_size5.sh
cifar100_ResNet18_barlowtwins_kmeans_size1	CIFAR100	ResNet18	barlowtwins	kmeans	1	10000	10	201.21	0-04:00:00	aip-yiweilu	aip-boyuwang	benchmarks/cross_downstream/jobs/pretrain/cifar100_ResNet18_barlowtwins_kmeans_size1.sh	benchmarks/cross_downstream/jobs/evaluate/cifar100_ResNet18_barlowtwins_kmeans_size1.sh
cifar100_ResNet18_barlowtwins_kmeans_size2	CIFAR100	ResNet18	barlowtwins	kmeans	2	8000	10	321.43	0-06:15:00	aip-boyuwang	aip-boyuwang	benchmarks/cross_downstream/jobs/pretrain/cifar100_ResNet18_barlowtwins_kmeans_size2.sh	benchmarks/cross_downstream/jobs/evaluate/cifar100_ResNet18_barlowtwins_kmeans_size2.sh
cifar100_ResNet18_barlowtwins_kmeans_size5	CIFAR100	ResNet18	barlowtwins	kmeans	5	6000	10	601.96	0-11:40:00	aip-boyuwang	aip-boyuwang	benchmarks/cross_downstream/jobs/pretrain/cifar100_ResNet18_barlowtwins_kmeans_size5.sh	benchmarks/cross_downstream/jobs/evaluate/cifar100_ResNet18_barlowtwins_kmeans_size5.sh
cifar100_ResNet18_barlowtwins_full_size100	CIFAR100	ResNet18	barlowtwins	full	100	300	10	589.94	0-11:25:00	aip-boyuwang	aip-boyuwang	benchmarks/cross_downstream/jobs/pretrain/cifar100_ResNet18_barlowtwins_full_size100.sh	benchmarks/cross_downstream/jobs/evaluate/cifar100_ResNet18_barlowtwins_full_size100.sh
tinyimagenet_ResNet18_simclr_random_size1	TinyImageNet	ResNet18	simclr	random	1	5000	10	200.95	0-04:00:00	aip-boyuwang	aip-boyuwang	benchmarks/cross_downstream/jobs/pretrain/tinyimagenet_ResNet18_simclr_random_size1.sh	benchmarks/cross_downstream/jobs/evaluate/tinyimagenet_ResNet18_simclr_random_size1.sh
tinyimagenet_ResNet18_simclr_random_size2	TinyImageNet	ResNet18	simclr	random	2	4000	10	321.02	0-06:15:00	aip-yiweilu	aip-boyuwang	benchmarks/cross_downstream/jobs/pretrain/tinyimagenet_ResNet18_simclr_random_size2.sh	benchmarks/cross_downstream/jobs/evaluate/tinyimagenet_ResNet18_simclr_random_size2.sh
tinyimagenet_ResNet18_simclr_random_size5	TinyImageNet	ResNet18	simclr	random	5	3000	10	601.18	0-11:40:00	aip-boyuwang	aip-boyuwang	benchmarks/cross_downstream/jobs/pretrain/tinyimagenet_ResNet18_simclr_random_size5.sh	benchmarks/cross_downstream/jobs/evaluate/tinyimagenet_ResNet18_simclr_random_size5.sh
tinyimagenet_ResNet18_simclr_kmeans_size1	TinyImageNet	ResNet18	simclr	kmeans	1	5000	10	200.95	0-04:00:00	aip-boyuwang	aip-boyuwang	benchmarks/cross_downstream/jobs/pretrain/tinyimagenet_ResNet18_simclr_kmeans_size1.sh	benchmarks/cross_downstream/jobs/evaluate/tinyimagenet_ResNet18_simclr_kmeans_size1.sh
tinyimagenet_ResNet18_simclr_kmeans_size2	TinyImageNet	ResNet18	simclr	kmeans	2	4000	10	321.02	0-06:15:00	aip-boyuwang	aip-boyuwang	benchmarks/cross_downstream/jobs/pretrain/tinyimagenet_ResNet18_simclr_kmeans_size2.sh	benchmarks/cross_downstream/jobs/evaluate/tinyimagenet_ResNet18_simclr_kmeans_size2.sh
tinyimagenet_ResNet18_simclr_kmeans_size5	TinyImageNet	ResNet18	simclr	kmeans	5	3000	10	601.18	0-11:40:00	aip-boyuwang	aip-boyuwang	benchmarks/cross_downstream/jobs/pretrain/tinyimagenet_ResNet18_simclr_kmeans_size5.sh	benchmarks/cross_downstream/jobs/evaluate/tinyimagenet_ResNet18_simclr_kmeans_size5.sh
tinyimagenet_ResNet18_simclr_full_size100	TinyImageNet	ResNet18	simclr	full	100	300	10	1174.52	0-22:40:00	aip-yiweilu	aip-boyuwang	benchmarks/cross_downstream/jobs/pretrain/tinyimagenet_ResNet18_simclr_full_size100.sh	benchmarks/cross_downstream/jobs/evaluate/tinyimagenet_ResNet18_simclr_full_size100.sh
tinyimagenet_ResNet18_barlowtwins_random_size1	TinyImageNet	ResNet18	barlowtwins	random	1	10000	10	401.59	0-07:50:00	aip-boyuwang	aip-boyuwang	benchmarks/cross_downstream/jobs/pretrain/tinyimagenet_ResNet18_barlowtwins_random_size1.sh	benchmarks/cross_downstream/jobs/evaluate/tinyimagenet_ResNet18_barlowtwins_random_size1.sh
tinyimagenet_ResNet18_barlowtwins_random_size2	TinyImageNet	ResNet18	barlowtwins	random	2	8000	10	642.04	0-12:25:00	aip-boyuwang	aip-boyuwang	benchmarks/cross_downstream/jobs/pretrain/tinyimagenet_ResNet18_barlowtwins_random_size2.sh	benchmarks/cross_downstream/jobs/evaluate/tinyimagenet_ResNet18_barlowtwins_random_size2.sh
tinyimagenet_ResNet18_barlowtwins_random_size5	TinyImageNet	ResNet18	barlowtwins	random	5	6000	10	1203.09	0-23:10:00	aip-boyuwang	aip-boyuwang	benchmarks/cross_downstream/jobs/pretrain/tinyimagenet_ResNet18_barlowtwins_random_size5.sh	benchmarks/cross_downstream/jobs/evaluate/tinyimagenet_ResNet18_barlowtwins_random_size5.sh
tinyimagenet_ResNet18_barlowtwins_kmeans_size1	TinyImageNet	ResNet18	barlowtwins	kmeans	1	10000	10	401.59	0-07:50:00	aip-boyuwang	aip-boyuwang	benchmarks/cross_downstream/jobs/pretrain/tinyimagenet_ResNet18_barlowtwins_kmeans_size1.sh	benchmarks/cross_downstream/jobs/evaluate/tinyimagenet_ResNet18_barlowtwins_kmeans_size1.sh
tinyimagenet_ResNet18_barlowtwins_kmeans_size2	TinyImageNet	ResNet18	barlowtwins	kmeans	2	8000	10	642.04	0-12:25:00	aip-yiweilu	aip-boyuwang	benchmarks/cross_downstream/jobs/pretrain/tinyimagenet_ResNet18_barlowtwins_kmeans_size2.sh	benchmarks/cross_downstream/jobs/evaluate/tinyimagenet_ResNet18_barlowtwins_kmeans_size2.sh
tinyimagenet_ResNet18_barlowtwins_kmeans_size5	TinyImageNet	ResNet18	barlowtwins	kmeans	5	6000	10	1203.09	0-23:10:00	aip-boyuwang	aip-boyuwang	benchmarks/cross_downstream/jobs/pretrain/tinyimagenet_ResNet18_barlowtwins_kmeans_size5.sh	benchmarks/cross_downstream/jobs/evaluate/tinyimagenet_ResNet18_barlowtwins_kmeans_size5.sh
tinyimagenet_ResNet18_barlowtwins_full_size100	TinyImageNet	ResNet18	barlowtwins	full	100	300	10	1176.04	0-22:40:00	aip-boyuwang	aip-boyuwang	benchmarks/cross_downstream/jobs/pretrain/tinyimagenet_ResNet18_barlowtwins_full_size100.sh	benchmarks/cross_downstream/jobs/evaluate/tinyimagenet_ResNet18_barlowtwins_full_size100.sh
