config_id	target	model	method	ssl_method	subset_percentage	label_percentage	ssl_epochs	probe_epochs	runs
CIFAR10_ConvNet_simclr_ours_size1_lbl1	CIFAR10	ConvNet	ours	simclr	1	1	1200	200	15
CIFAR10_ConvNet_simclr_ours_size1_lbl5	CIFAR10	ConvNet	ours	simclr	1	5	1200	100	15
CIFAR100_ConvNet_simclr_ours_size1_lbl1	CIFAR100	ConvNet	ours	simclr	1	1	1200	200	15
CIFAR100_ConvNet_simclr_ours_size1_lbl5	CIFAR100	ConvNet	ours	simclr	1	5	1200	100	15
Aircraft_ConvNet_simclr_ours_size1_lbl1	Aircraft	ConvNet	ours	simclr	1	1	1200	200	15
Aircraft_ConvNet_simclr_ours_size1_lbl5	Aircraft	ConvNet	ours	simclr	1	5	1200	100	15
CUB2011_ConvNet_simclr_ours_size1_lbl1	CUB2011	ConvNet	ours	simclr	1	1	1200	200	15
CUB2011_ConvNet_simclr_ours_size1_lbl5	CUB2011	ConvNet	ours	simclr	1	5	1200	100	15
Dogs_ConvNet_simclr_ours_size1_lbl1	Dogs	ConvNet	ours	simclr	1	1	1200	200	15
Dogs_ConvNet_simclr_ours_size1_lbl5	Dogs	ConvNet	ours	simclr	1	5	1200	100	15
Flowers_ConvNet_simclr_ours_size1_lbl1	Flowers	ConvNet	ours	simclr	1	1	1200	200	15
Flowers_ConvNet_simclr_ours_size1_lbl5	Flowers	ConvNet	ours	simclr	1	5	1200	100	15
TinyImageNet_ConvNet_simclr_ours_size1_lbl1	TinyImageNet	ConvNet	ours	simclr	1	1	1200	200	15
TinyImageNet_ConvNet_simclr_ours_size1_lbl5	TinyImageNet	ConvNet	ours	simclr	1	5	1200	100	15
CIFAR10_ConvNet_simclr_ours_size2_lbl1	CIFAR10	ConvNet	ours	simclr	2	1	800	200	15
CIFAR10_ConvNet_simclr_ours_size2_lbl5	CIFAR10	ConvNet	ours	simclr	2	5	800	100	15
CIFAR100_ConvNet_simclr_ours_size2_lbl1	CIFAR100	ConvNet	ours	simclr	2	1	800	200	15
CIFAR100_ConvNet_simclr_ours_size2_lbl5	CIFAR100	ConvNet	ours	simclr	2	5	800	100	15
Aircraft_ConvNet_simclr_ours_size2_lbl1	Aircraft	ConvNet	ours	simclr	2	1	800	200	15
Aircraft_ConvNet_simclr_ours_size2_lbl5	Aircraft	ConvNet	ours	simclr	2	5	800	100	15
CUB2011_ConvNet_simclr_ours_size2_lbl1	CUB2011	ConvNet	ours	simclr	2	1	800	200	15
CUB2011_ConvNet_simclr_ours_size2_lbl5	CUB2011	ConvNet	ours	simclr	2	5	800	100	15
Dogs_ConvNet_simclr_ours_size2_lbl1	Dogs	ConvNet	ours	simclr	2	1	800	200	15
Dogs_ConvNet_simclr_ours_size2_lbl5	Dogs	ConvNet	ours	simclr	2	5	800	100	15
Flowers_ConvNet_simclr_ours_size2_lbl1	Flowers	ConvNet	ours	simclr	2	1	800	200	15
Flowers_ConvNet_simclr_ours_size2_lbl5	Flowers	ConvNet	ours	simclr	2	5	800	100	15
TinyImageNet_ConvNet_simclr_ours_size2_lbl1	TinyImageNet	ConvNet	ours	simclr	2	1	800	200	15
TinyImageNet_ConvNet_simclr_ours_size2_lbl5	TinyImageNet	ConvNet	ours	simclr	2	5	800	100	15
CIFAR10_ConvNet_simclr_ours_size5_lbl1	CIFAR10	ConvNet	ours	simclr	5	1	500	200	15
CIFAR10_ConvNet_simclr_ours_size5_lbl5	CIFAR10	ConvNet	ours	simclr	5	5	500	100	15
CIFAR100_ConvNet_simclr_ours_size5_lbl1	CIFAR100	ConvNet	ours	simclr	5	1	500	200	15
CIFAR100_ConvNet_simclr_ours_size5_lbl5	CIFAR100	ConvNet	ours	simclr	5	5	500	100	15
Aircraft_ConvNet_simclr_ours_size5_lbl1	Aircraft	ConvNet	ours	simclr	5	1	500	200	15
Aircraft_ConvNet_simclr_ours_size5_lbl5	Aircraft	ConvNet	ours	simclr	5	5	500	100	15
CUB2011_ConvNet_simclr_ours_size5_lbl1	CUB2011	ConvNet	ours	simclr	5	1	500	200	15
CUB2011_ConvNet_simclr_ours_size5_lbl5	CUB2011	ConvNet	ours	simclr	5	5	500	100	15
Dogs_ConvNet_simclr_ours_size5_lbl1	Dogs	ConvNet	ours	simclr	5	1	500	200	15
Dogs_ConvNet_simclr_ours_size5_lbl5	Dogs	ConvNet	ours	simclr	5	5	500	100	15
Flowers_ConvNet_simclr_ours_size5_lbl1	Flowers	ConvNet	ours	simclr	5	1	500	200	15
Flowers_ConvNet_simclr_ours_size5_lbl5	Flowers	ConvNet	ours	simclr	5	5	500	100	15
TinyImageNet_ConvNet_simclr_ours_size5_lbl1	TinyImageNet	ConvNet	ours	simclr	5	1	500	200	15
TinyImageNet_ConvNet_simclr_ours_size5_lbl5	TinyImageNet	ConvNet	ours	simclr	5	5	500	100	15
CIFAR10_ConvNet_barlowtwins_ours_size1_lbl1	CIFAR10	ConvNet	ours	barlowtwins	1	1	1200	200	15
CIFAR10_ConvNet_barlowtwins_ours_size1_lbl5	CIFAR10	ConvNet	ours	barlowtwins	1	5	1200	100	15
CIFAR100_ConvNet_barlowtwins_ours_size1_lbl1	CIFAR100	ConvNet	ours	barlowtwins	1	1	1200	200	15
CIFAR100_ConvNet_barlowtwins_ours_size1_lbl5	CIFAR100	ConvNet	ours	barlowtwins	1	5	1200	100	15
Aircraft_ConvNet_barlowtwins_ours_size1_lbl1	Aircraft	ConvNet	ours	barlowtwins	1	1	1200	200	15
Aircraft_ConvNet_barlowtwins_ours_size1_lbl5	Aircraft	ConvNet	ours	barlowtwins	1	5	1200	100	15
CUB2011_ConvNet_barlowtwins_ours_size1_lbl1	CUB2011	ConvNet	ours	barlowtwins	1	1	1200	200	15
CUB2011_ConvNet_barlowtwins_ours_size1_lbl5	CUB2011	ConvNet	ours	barlowtwins	1	5	1200	100	15
Dogs_ConvNet_barlowtwins_ours_size1_lbl1	Dogs	ConvNet	ours	barlowtwins	1	1	1200	200	15
Dogs_ConvNet_barlowtwins_ours_size1_lbl5	Dogs	ConvNet	ours	barlowtwins	1	5	1200	100	15
Flowers_ConvNet_barlowtwins_ours_size1_lbl1	Flowers	ConvNet	ours	barlowtwins	1	1	1200	200	15
Flowers_ConvNet_barlowtwins_ours_size1_lbl5	Flowers	ConvNet	ours	barlowtwins	1	5	1200	100	15
TinyImageNet_ConvNet_barlowtwins_ours_size1_lbl1	TinyImageNet	ConvNet	ours	barlowtwins	1	1	1200	200	15
TinyImageNet_ConvNet_barlowtwins_ours_size1_lbl5	TinyImageNet	ConvNet	ours	barlowtwins	1	5	1200	100	15
CIFAR10_ConvNet_barlowtwins_ours_size2_lbl1	CIFAR10	ConvNet	ours	barlowtwins	2	1	800	200	15
CIFAR10_ConvNet_barlowtwins_ours_size2_lbl5	CIFAR10	ConvNet	ours	barlowtwins	2	5	800	100	15
CIFAR100_ConvNet_barlowtwins_ours_size2_lbl1	CIFAR100	ConvNet	ours	barlowtwins	2	1	800	200	15
CIFAR100_ConvNet_barlowtwins_ours_size2_lbl5	CIFAR100	ConvNet	ours	barlowtwins	2	5	800	100	15
Aircraft_ConvNet_barlowtwins_ours_size2_lbl1	Aircraft	ConvNet	ours	barlowtwins	2	1	800	200	15
Aircraft_ConvNet_barlowtwins_ours_size2_lbl5	Aircraft	ConvNet	ours	barlowtwins	2	5	800	100	15
CUB2011_ConvNet_barlowtwins_ours_size2_lbl1	CUB2011	ConvNet	ours	barlowtwins	2	1	800	200	15
CUB2011_ConvNet_barlowtwins_ours_size2_lbl5	CUB2011	ConvNet	ours	barlowtwins	2	5	800	100	15
Dogs_ConvNet_barlowtwins_ours_size2_lbl1	Dogs	ConvNet	ours	barlowtwins	2	1	800	200	15
Dogs_ConvNet_barlowtwins_ours_size2_lbl5	Dogs	ConvNet	ours	barlowtwins	2	5	800	100	15
Flowers_ConvNet_barlowtwins_ours_size2_lbl1	Flowers	ConvNet	ours	barlowtwins	2	1	800	200	15
Flowers_ConvNet_barlowtwins_ours_size2_lbl5	Flowers	ConvNet	ours	barlowtwins	2	5	800	100	15
TinyImageNet_ConvNet_barlowtwins_ours_size2_lbl1	TinyImageNet	ConvNet	ours	barlowtwins	2	1	800	200	15
TinyImageNet_ConvNet_barlowtwins_ours_size2_lbl5	TinyImageNet	ConvNet	ours	barlowtwins	2	5	800	100	15
CIFAR10_ConvNet_barlowtwins_ours_size5_lbl1	CIFAR10	ConvNet	ours	barlowtwins	5	1	500	200	15
CIFAR10_ConvNet_barlowtwins_ours_size5_lbl5	CIFAR10	ConvNet	ours	barlowtwins	5	5	500	100	15
CIFAR100_ConvNet_barlowtwins_ours_size5_lbl1	CIFAR100	ConvNet	ours	barlowtwins	5	1	500	200	15
CIFAR100_ConvNet_barlowtwins_ours_size5_lbl5	CIFAR100	ConvNet	ours	barlowtwins	5	5	500	100	15
Aircraft_ConvNet_barlowtwins_ours_size5_lbl1	Aircraft	ConvNet	ours	barlowtwins	5	1	500	200	15
Aircraft_ConvNet_barlowtwins_ours_size5_lbl5	Aircraft	ConvNet	ours	barlowtwins	5	5	500	100	15
CUB2011_ConvNet_barlowtwins_ours_size5_lbl1	CUB2011	ConvNet	ours	barlowtwins	5	1	500	200	15
CUB2011_ConvNet_barlowtwins_ours_size5_lbl5	CUB2011	ConvNet	ours	barlowtwins	5	5	500	100	15
Dogs_ConvNet_barlowtwins_ours_size5_lbl1	Dogs	ConvNet	ours	barlowtwins	5	1	500	200	15
Dogs_ConvNet_barlowtwins_ours_size5_lbl5	Dogs	ConvNet	ours	barlowtwins	5	5	500	100	15
Flowers_ConvNet_barlowtwins_ours_size5_lbl1	Flowers	ConvNet	ours	barlowtwins	5	1	500	200	15
Flowers_ConvNet_barlowtwins_ours_size5_lbl5	Flowers	ConvNet	ours	barlowtwins	5	5	500	100	15
TinyImageNet_ConvNet_barlowtwins_ours_size5_lbl1	TinyImageNet	ConvNet	ours	barlowtwins	5	1	500	200	15
TinyImageNet_ConvNet_barlowtwins_ours_size5_lbl5	TinyImageNet	ConvNet	ours	barlowtwins	5	5	500	100	15
CIFAR10_VGG11_simclr_ours_size1_lbl1	CIFAR10	VGG11	ours	simclr	1	1	1200	200	15
CIFAR10_VGG11_simclr_ours_size1_lbl5	CIFAR10	VGG11	ours	simclr	1	5	1200	100	15
CIFAR100_VGG11_simclr_ours_size1_lbl1	CIFAR100	VGG11	ours	simclr	1	1	1200	200	15
CIFAR100_VGG11_simclr_ours_size1_lbl5	CIFAR100	VGG11	ours	simclr	1	5	1200	100	15
Aircraft_VGG11_simclr_ours_size1_lbl1	Aircraft	VGG11	ours	simclr	1	1	1200	200	15
Aircraft_VGG11_simclr_ours_size1_lbl5	Aircraft	VGG11	ours	simclr	1	5	1200	100	15
CUB2011_VGG11_simclr_ours_size1_lbl1	CUB2011	VGG11	ours	simclr	1	1	1200	200	15
CUB2011_VGG11_simclr_ours_size1_lbl5	CUB2011	VGG11	ours	simclr	1	5	1200	100	15
Dogs_VGG11_simclr_ours_size1_lbl1	Dogs	VGG11	ours	simclr	1	1	1200	200	15
Dogs_VGG11_simclr_ours_size1_lbl5	Dogs	VGG11	ours	simclr	1	5	1200	100	15
Flowers_VGG11_simclr_ours_size1_lbl1	Flowers	VGG11	ours	simclr	1	1	1200	200	15
Flowers_VGG11_simclr_ours_size1_lbl5	Flowers	VGG11	ours	simclr	1	5	1200	100	15
TinyImageNet_VGG11_simclr_ours_size1_lbl1	TinyImageNet	VGG11	ours	simclr	1	1	1200	200	15
TinyImageNet_VGG11_simclr_ours_size1_lbl5	TinyImageNet	VGG11	ours	simclr	1	5	1200	100	15
CIFAR10_VGG11_simclr_ours_size2_lbl1	CIFAR10	VGG11	ours	simclr	2	1	800	200	15
CIFAR10_VGG11_simclr_ours_size2_lbl5	CIFAR10	VGG11	ours	simclr	2	5	800	100	15
CIFAR100_VGG11_simclr_ours_size2_lbl1	CIFAR100	VGG11	ours	simclr	2	1	800	200	15
CIFAR100_VGG11_simclr_ours_size2_lbl5	CIFAR100	VGG11	ours	simclr	2	5	800	100	15
Aircraft_VGG11_simclr_ours_size2_lbl1	Aircraft	VGG11	ours	simclr	2	1	800	200	15
Aircraft_VGG11_simclr_ours_size2_lbl5	Aircraft	VGG11	ours	simclr	2	5	800	100	15
CUB2011_VGG11_simclr_ours_size2_lbl1	CUB2011	VGG11	ours	simclr	2	1	800	200	15
CUB2011_VGG11_simclr_ours_size2_lbl5	CUB2011	VGG11	ours	simclr	2	5	800	100	15
Dogs_VGG11_simclr_ours_size2_lbl1	Dogs	VGG11	ours	simclr	2	1	800	200	15
Dogs_VGG11_simclr_ours_size2_lbl5	Dogs	VGG11	ours	simclr	2	5	800	100	15
Flowers_VGG11_simclr_ours_size2_lbl1	Flowers	VGG11	ours	simclr	2	1	800	200	15
Flowers_VGG11_simclr_ours_size2_lbl5	Flowers	VGG11	ours	simclr	2	5	800	100	15
TinyImageNet_VGG11_simclr_ours_size2_lbl1	TinyImageNet	VGG11	ours	simclr	2	1	800	200	15
TinyImageNet_VGG11_simclr_ours_size2_lbl5	TinyImageNet	VGG11	ours	simclr	2	5	800	100	15
CIFAR10_VGG11_simclr_ours_size5_lbl1	CIFAR10	VGG11	ours	simclr	5	1	500	200	15
CIFAR10_VGG11_simclr_ours_size5_lbl5	CIFAR10	VGG11	ours	simclr	5	5	500	100	15
CIFAR100_VGG11_simclr_ours_size5_lbl1	CIFAR100	VGG11	ours	simclr	5	1	500	200	15
CIFAR100_VGG11_simclr_ours_size5_lbl5	CIFAR100	VGG11	ours	simclr	5	5	500	100	15
Aircraft_VGG11_simclr_ours_size5_lbl1	Aircraft	VGG11	ours	simclr	5	1	500	200	15
Aircraft_VGG11_simclr_ours_size5_lbl5	Aircraft	VGG11	ours	simclr	5	5	500	100	15
CUB2011_VGG11_simclr_ours_size5_lbl1	CUB2011	VGG11	ours	simclr	5	1	500	200	15
CUB2011_VGG11_simclr_ours_size5_lbl5	CUB2011	VGG11	ours	simclr	5	5	500	100	15
Dogs_VGG11_simclr_ours_size5_lbl1	Dogs	VGG11	ours	simclr	5	1	500	200	15
Dogs_VGG11_simclr_ours_size5_lbl5	Dogs	VGG11	ours	simclr	5	5	500	100	15
Flowers_VGG11_simclr_ours_size5_lbl1	Flowers	VGG11	ours	simclr	5	1	500	200	15
Flowers_VGG11_simclr_ours_size5_lbl5	Flowers	VGG11	ours	simclr	5	5	500	100	15
TinyImageNet_VGG11_simclr_ours_size5_lbl1	TinyImageNet	VGG11	ours	simclr	5	1	500	200	15
TinyImageNet_VGG11_simclr_ours_size5_lbl5	TinyImageNet	VGG11	ours	simclr	5	5	500	100	15
CIFAR10_VGG11_barlowtwins_ours_size1_lbl1	CIFAR10	VGG11	ours	barlowtwins	1	1	1200	200	15
CIFAR10_VGG11_barlowtwins_ours_size1_lbl5	CIFAR10	VGG11	ours	barlowtwins	1	5	1200	100	15
CIFAR100_VGG11_barlowtwins_ours_size1_lbl1	CIFAR100	VGG11	ours	barlowtwins	1	1	1200	200	15
CIFAR100_VGG11_barlowtwins_ours_size1_lbl5	CIFAR100	VGG11	ours	barlowtwins	1	5	1200	100	15
Aircraft_VGG11_barlowtwins_ours_size1_lbl1	Aircraft	VGG11	ours	barlowtwins	1	1	1200	200	15
Aircraft_VGG11_barlowtwins_ours_size1_lbl5	Aircraft	VGG11	ours	barlowtwins	1	5	1200	100	15
CUB2011_VGG11_barlowtwins_ours_size1_lbl1	CUB2011	VGG11	ours	barlowtwins	1	1	1200	200	15
CUB2011_VGG11_barlowtwins_ours_size1_lbl5	CUB2011	VGG11	ours	barlowtwins	1	5	1200	100	15
Dogs_VGG11_barlowtwins_ours_size1_lbl1	Dogs	VGG11	ours	barlowtwins	1	1	1200	200	15
Dogs_VGG11_barlowtwins_ours_size1_lbl5	Dogs	VGG11	ours	barlowtwins	1	5	1200	100	15
Flowers_VGG11_barlowtwins_ours_size1_lbl1	Flowers	VGG11	ours	barlowtwins	1	1	1200	200	15
Flowers_VGG11_barlowtwins_ours_size1_lbl5	Flowers	VGG11	ours	barlowtwins	1	5	1200	100	15
TinyImageNet_VGG11_barlowtwins_ours_size1_lbl1	TinyImageNet	VGG11	ours	barlowtwins	1	1	1200	200	15
TinyImageNet_VGG11_barlowtwins_ours_size1_lbl5	TinyImageNet	VGG11	ours	barlowtwins	1	5	1200	100	15
CIFAR10_VGG11_barlowtwins_ours_size2_lbl1	CIFAR10	VGG11	ours	barlowtwins	2	1	800	200	15
CIFAR10_VGG11_barlowtwins_ours_size2_lbl5	CIFAR10	VGG11	ours	barlowtwins	2	5	800	100	15
CIFAR100_VGG11_barlowtwins_ours_size2_lbl1	CIFAR100	VGG11	ours	barlowtwins	2	1	800	200	15
CIFAR100_VGG11_barlowtwins_ours_size2_lbl5	CIFAR100	VGG11	ours	barlowtwins	2	5	800	100	15
Aircraft_VGG11_barlowtwins_ours_size2_lbl1	Aircraft	VGG11	ours	barlowtwins	2	1	800	200	15
Aircraft_VGG11_barlowtwins_ours_size2_lbl5	Aircraft	VGG11	ours	barlowtwins	2	5	800	100	15
CUB2011_VGG11_barlowtwins_ours_size2_lbl1	CUB2011	VGG11	ours	barlowtwins	2	1	800	200	15
CUB2011_VGG11_barlowtwins_ours_size2_lbl5	CUB2011	VGG11	ours	barlowtwins	2	5	800	100	15
Dogs_VGG11_barlowtwins_ours_size2_lbl1	Dogs	VGG11	ours	barlowtwins	2	1	800	200	15
Dogs_VGG11_barlowtwins_ours_size2_lbl5	Dogs	VGG11	ours	barlowtwins	2	5	800	100	15
Flowers_VGG11_barlowtwins_ours_size2_lbl1	Flowers	VGG11	ours	barlowtwins	2	1	800	200	15
Flowers_VGG11_barlowtwins_ours_size2_lbl5	Flowers	VGG11	ours	barlowtwins	2	5	800	100	15
TinyImageNet_VGG11_barlowtwins_ours_size2_lbl1	TinyImageNet	VGG11	ours	barlowtwins	2	1	800	200	15
TinyImageNet_VGG11_barlowtwins_ours_size2_lbl5	TinyImageNet	VGG11	ours	barlowtwins	2	5	800	100	15
CIFAR10_VGG11_barlowtwins_ours_size5_lbl1	CIFAR10	VGG11	ours	barlowtwins	5	1	500	200	15
CIFAR10_VGG11_barlowtwins_ours_size5_lbl5	CIFAR10	VGG11	ours	barlowtwins	5	5	500	100	15
CIFAR100_VGG11_barlowtwins_ours_size5_lbl1	CIFAR100	VGG11	ours	barlowtwins	5	1	500	200	15
CIFAR100_VGG11_barlowtwins_ours_size5_lbl5	CIFAR100	VGG11	ours	barlowtwins	5	5	500	100	15
Aircraft_VGG11_barlowtwins_ours_size5_lbl1	Aircraft	VGG11	ours	barlowtwins	5	1	500	200	15
Aircraft_VGG11_barlowtwins_ours_size5_lbl5	Aircraft	VGG11	ours	barlowtwins	5	5	500	100	15
CUB2011_VGG11_barlowtwins_ours_size5_lbl1	CUB2011	VGG11	ours	barlowtwins	5	1	500	200	15
CUB2011_VGG11_barlowtwins_ours_size5_lbl5	CUB2011	VGG11	ours	barlowtwins	5	5	500	100	15
Dogs_VGG11_barlowtwins_ours_size5_lbl1	Dogs	VGG11	ours	barlowtwins	5	1	500	200	15
Dogs_VGG11_barlowtwins_ours_size5_lbl5	Dogs	VGG11	ours	barlowtwins	5	5	500	100	15
Flowers_VGG11_barlowtwins_ours_size5_lbl1	Flowers	VGG11	ours	barlowtwins	5	1	500	200	15
Flowers_VGG11_barlowtwins_ours_size5_lbl5	Flowers	VGG11	ours	barlowtwins	5	5	500	100	15
TinyImageNet_VGG11_barlowtwins_ours_size5_lbl1	TinyImageNet	VGG11	ours	barlowtwins	5	1	500	200	15
TinyImageNet_VGG11_barlowtwins_ours_size5_lbl5	TinyImageNet	VGG11	ours	barlowtwins	5	5	500	100	15
CIFAR10_ResNet18_simclr_ours_size1_lbl1	CIFAR10	ResNet18	ours	simclr	1	1	1200	200	15
CIFAR10_ResNet18_simclr_ours_size1_lbl5	CIFAR10	ResNet18	ours	simclr	1	5	1200	100	15
CIFAR100_ResNet18_simclr_ours_size1_lbl1	CIFAR100	ResNet18	ours	simclr	1	1	1200	200	15
CIFAR100_ResNet18_simclr_ours_size1_lbl5	CIFAR100	ResNet18	ours	simclr	1	5	1200	100	15
Aircraft_ResNet18_simclr_ours_size1_lbl1	Aircraft	ResNet18	ours	simclr	1	1	1200	200	15
Aircraft_ResNet18_simclr_ours_size1_lbl5	Aircraft	ResNet18	ours	simclr	1	5	1200	100	15
CUB2011_ResNet18_simclr_ours_size1_lbl1	CUB2011	ResNet18	ours	simclr	1	1	1200	200	15
CUB2011_ResNet18_simclr_ours_size1_lbl5	CUB2011	ResNet18	ours	simclr	1	5	1200	100	15
Dogs_ResNet18_simclr_ours_size1_lbl1	Dogs	ResNet18	ours	simclr	1	1	1200	200	15
Dogs_ResNet18_simclr_ours_size1_lbl5	Dogs	ResNet18	ours	simclr	1	5	1200	100	15
Flowers_ResNet18_simclr_ours_size1_lbl1	Flowers	ResNet18	ours	simclr	1	1	1200	200	15
Flowers_ResNet18_simclr_ours_size1_lbl5	Flowers	ResNet18	ours	simclr	1	5	1200	100	15
TinyImageNet_ResNet18_simclr_ours_size1_lbl1	TinyImageNet	ResNet18	ours	simclr	1	1	1200	200	15
TinyImageNet_ResNet18_simclr_ours_size1_lbl5	TinyImageNet	ResNet18	ours	simclr	1	5	1200	100	15
CIFAR10_ResNet18_simclr_ours_size2_lbl1	CIFAR10	ResNet18	ours	simclr	2	1	800	200	15
CIFAR10_ResNet18_simclr_ours_size2_lbl5	CIFAR10	ResNet18	ours	simclr	2	5	800	100	15
CIFAR100_ResNet18_simclr_ours_size2_lbl1	CIFAR100	ResNet18	ours	simclr	2	1	800	200	15
CIFAR100_ResNet18_simclr_ours_size2_lbl5	CIFAR100	ResNet18	ours	simclr	2	5	800	100	15
Aircraft_ResNet18_simclr_ours_size2_lbl1	Aircraft	ResNet18	ours	simclr	2	1	800	200	15
Aircraft_ResNet18_simclr_ours_size2_lbl5	Aircraft	ResNet18	ours	simclr	2	5	800	100	15
CUB2011_ResNet18_simclr_ours_size2_lbl1	CUB2011	ResNet18	ours	simclr	2	1	800	200	15
CUB2011_ResNet18_simclr_ours_size2_lbl5	CUB2011	ResNet18	ours	simclr	2	5	800	100	15
Dogs_ResNet18_simclr_ours_size2_lbl1	Dogs	ResNet18	ours	simclr	2	1	800	200	15
Dogs_ResNet18_simclr_ours_size2_lbl5	Dogs	ResNet18	ours	simclr	2	5	800	100	15
Flowers_ResNet18_simclr_ours_size2_lbl1	Flowers	ResNet18	ours	simclr	2	1	800	200	15
Flowers_ResNet18_simclr_ours_size2_lbl5	Flowers	ResNet18	ours	simclr	2	5	800	100	15
TinyImageNet_ResNet18_simclr_ours_size2_lbl1	TinyImageNet	ResNet18	ours	simclr	2	1	800	200	15
TinyImageNet_ResNet18_simclr_ours_size2_lbl5	TinyImageNet	ResNet18	ours	simclr	2	5	800	100	15
CIFAR10_ResNet18_simclr_ours_size5_lbl1	CIFAR10	ResNet18	ours	simclr	5	1	500	200	15
CIFAR10_ResNet18_simclr_ours_size5_lbl5	CIFAR10	ResNet18	ours	simclr	5	5	500	100	15
CIFAR100_ResNet18_simclr_ours_size5_lbl1	CIFAR100	ResNet18	ours	simclr	5	1	500	200	15
CIFAR100_ResNet18_simclr_ours_size5_lbl5	CIFAR100	ResNet18	ours	simclr	5	5	500	100	15
Aircraft_ResNet18_simclr_ours_size5_lbl1	Aircraft	ResNet18	ours	simclr	5	1	500	200	15
Aircraft_ResNet18_simclr_ours_size5_lbl5	Aircraft	ResNet18	ours	simclr	5	5	500	100	15
CUB2011_ResNet18_simclr_ours_size5_lbl1	CUB2011	ResNet18	ours	simclr	5	1	500	200	15
CUB2011_ResNet18_simclr_ours_size5_lbl5	CUB2011	ResNet18	ours	simclr	5	5	500	100	15
Dogs_ResNet18_simclr_ours_size5_lbl1	Dogs	ResNet18	ours	simclr	5	1	500	200	15
Dogs_ResNet18_simclr_ours_size5_lbl5	Dogs	ResNet18	ours	simclr	5	5	500	100	15
Flowers_ResNet18_simclr_ours_size5_lbl1	Flowers	ResNet18	ours	simclr	5	1	500	200	15
Flowers_ResNet18_simclr_ours_size5_lbl5	Flowers	ResNet18	ours	simclr	5	5	500	100	15
TinyImageNet_ResNet18_simclr_ours_size5_lbl1	TinyImageNet	ResNet18	ours	simclr	5	1	500	200	15
TinyImageNet_ResNet18_simclr_ours_size5_lbl5	TinyImageNet	ResNet18	ours	simclr	5	5	500	100	15
CIFAR10_ResNet18_barlowtwins_ours_size1_lbl1	CIFAR10	ResNet18	ours	barlowtwins	1	1	1200	200	15
CIFAR10_ResNet18_barlowtwins_ours_size1_lbl5	CIFAR10	ResNet18	ours	barlowtwins	1	5	1200	100	15
CIFAR100_ResNet18_barlowtwins_ours_size1_lbl1	CIFAR100	ResNet18	ours	barlowtwins	1	1	1200	200	15
CIFAR100_ResNet18_barlowtwins_ours_size1_lbl5	CIFAR100	ResNet18	ours	barlowtwins	1	5	1200	100	15
Aircraft_ResNet18_barlowtwins_ours_size1_lbl1	Aircraft	ResNet18	ours	barlowtwins	1	1	1200	200	15
Aircraft_ResNet18_barlowtwins_ours_size1_lbl5	Aircraft	ResNet18	ours	barlowtwins	1	5	1200	100	15
CUB2011_ResNet18_barlowtwins_ours_size1_lbl1	CUB2011	ResNet18	ours	barlowtwins	1	1	1200	200	15
CUB2011_ResNet18_barlowtwins_ours_size1_lbl5	CUB2011	ResNet18	ours	barlowtwins	1	5	1200	100	15
Dogs_ResNet18_barlowtwins_ours_size1_lbl1	Dogs	ResNet18	ours	barlowtwins	1	1	1200	200	15
Dogs_ResNet18_barlowtwins_ours_size1_lbl5	Dogs	ResNet18	ours	barlowtwins	1	5	1200	100	15
Flowers_ResNet18_barlowtwins_ours_size1_lbl1	Flowers	ResNet18	ours	barlowtwins	1	1	1200	200	15
Flowers_ResNet18_barlowtwins_ours_size1_lbl5	Flowers	ResNet18	ours	barlowtwins	1	5	1200	100	15
TinyImageNet_ResNet18_barlowtwins_ours_size1_lbl1	TinyImageNet	ResNet18	ours	barlowtwins	1	1	1200	200	15
TinyImageNet_ResNet18_barlowtwins_ours_size1_lbl5	TinyImageNet	ResNet18	ours	barlowtwins	1	5	1200	100	15
CIFAR10_ResNet18_barlowtwins_ours_size2_lbl1	CIFAR10	ResNet18	ours	barlowtwins	2	1	800	200	15
CIFAR10_ResNet18_barlowtwins_ours_size2_lbl5	CIFAR10	ResNet18	ours	barlowtwins	2	5	800	100	15
CIFAR100_ResNet18_barlowtwins_ours_size2_lbl1	CIFAR100	ResNet18	ours	barlowtwins	2	1	800	200	15
CIFAR100_ResNet18_barlowtwins_ours_size2_lbl5	CIFAR100	ResNet18	ours	barlowtwins	2	5	800	100	15
Aircraft_ResNet18_barlowtwins_ours_size2_lbl1	Aircraft	ResNet18	ours	barlowtwins	2	1	800	200	15
Aircraft_ResNet18_barlowtwins_ours_size2_lbl5	Aircraft	ResNet18	ours	barlowtwins	2	5	800	100	15
CUB2011_ResNet18_barlowtwins_ours_size2_lbl1	CUB2011	ResNet18	ours	barlowtwins	2	1	800	200	15
CUB2011_ResNet18_barlowtwins_ours_size2_lbl5	CUB2011	ResNet18	ours	barlowtwins	2	5	800	100	15
Dogs_ResNet18_barlowtwins_ours_size2_lbl1	Dogs	ResNet18	ours	barlowtwins	2	1	800	200	15
Dogs_ResNet18_barlowtwins_ours_size2_lbl5	Dogs	ResNet18	ours	barlowtwins	2	5	800	100	15
Flowers_ResNet18_barlowtwins_ours_size2_lbl1	Flowers	ResNet18	ours	barlowtwins	2	1	800	200	15
Flowers_ResNet18_barlowtwins_ours_size2_lbl5	Flowers	ResNet18	ours	barlowtwins	2	5	800	100	15
TinyImageNet_ResNet18_barlowtwins_ours_size2_lbl1	TinyImageNet	ResNet18	ours	barlowtwins	2	1	800	200	15
TinyImageNet_ResNet18_barlowtwins_ours_size2_lbl5	TinyImageNet	ResNet18	ours	barlowtwins	2	5	800	100	15
CIFAR10_ResNet18_barlowtwins_ours_size5_lbl1	CIFAR10	ResNet18	ours	barlowtwins	5	1	500	200	15
CIFAR10_ResNet18_barlowtwins_ours_size5_lbl5	CIFAR10	ResNet18	ours	barlowtwins	5	5	500	100	15
CIFAR100_ResNet18_barlowtwins_ours_size5_lbl1	CIFAR100	ResNet18	ours	barlowtwins	5	1	500	200	15
CIFAR100_ResNet18_barlowtwins_ours_size5_lbl5	CIFAR100	ResNet18	ours	barlowtwins	5	5	500	100	15
Aircraft_ResNet18_barlowtwins_ours_size5_lbl1	Aircraft	ResNet18	ours	barlowtwins	5	1	500	200	15
Aircraft_ResNet18_barlowtwins_ours_size5_lbl5	Aircraft	ResNet18	ours	barlowtwins	5	5	500	100	15
CUB2011_ResNet18_barlowtwins_ours_size5_lbl1	CUB2011	ResNet18	ours	barlowtwins	5	1	500	200	15
CUB2011_ResNet18_barlowtwins_ours_size5_lbl5	CUB2011	ResNet18	ours	barlowtwins	5	5	500	100	15
Dogs_ResNet18_barlowtwins_ours_size5_lbl1	Dogs	ResNet18	ours	barlowtwins	5	1	500	200	15
Dogs_ResNet18_barlowtwins_ours_size5_lbl5	Dogs	ResNet18	ours	barlowtwins	5	5	500	100	15
Flowers_ResNet18_barlowtwins_ours_size5_lbl1	Flowers	ResNet18	ours	barlowtwins	5	1	500	200	15
Flowers_ResNet18_barlowtwins_ours_size5_lbl5	Flowers	ResNet18	ours	barlowtwins	5	5	500	100	15
TinyImageNet_ResNet18_barlowtwins_ours_size5_lbl1	TinyImageNet	ResNet18	ours	barlowtwins	5	1	500	200	15
TinyImageNet_ResNet18_barlowtwins_ours_size5_lbl5	TinyImageNet	ResNet18	ours	barlowtwins	5	5	500	100	15
