2026-10-08T20:13:38Z	1402954	synthesize/syn_size1.sh
2026-10-08T20:13:38Z	1402955	synthesize/syn_size2.sh
2026-10-08T20:13:38Z	1402956	synthesize/syn_size5.sh
2026-10-08T20:16:51Z	1402973	pretrain/ConvNet_simclr_ours_size1.sh
2026-10-08T20:16:51Z	1402974	evaluate/CIFAR10_ConvNet_simclr_ours_size1_lbl1.sh
2026-10-08T20:16:51Z	1402975	evaluate/CIFAR10_ConvNet_simclr_ours_size1_lbl5.sh
2026-10-08T20:16:51Z	1402976	evaluate/CIFAR100_ConvNet_simclr_ours_size1_lbl1.sh
2026-10-08T20:16:51Z	1402977	evaluate/CIFAR100_ConvNet_simclr_ours_size1_lbl5.sh
2026-10-08T20:16:51Z	1402978	evaluate/Aircraft_ConvNet_simclr_ours_size1_lbl1.sh
2026-10-08T20:16:51Z	1402979	evaluate/Aircraft_ConvNet_simclr_ours_size1_lbl5.sh
2026-10-08T20:16:51Z	1402980	evaluate/CUB2011_ConvNet_simclr_ours_size1_lbl1.sh
2026-10-08T20:16:51Z	1402981	evaluate/CUB2011_ConvNet_simclr_ours_size1_lbl5.sh
2026-10-08T20:16:51Z	1402982	evaluate/Dogs_ConvNet_simclr_ours_size1_lbl1.sh
2026-10-08T20:16:51Z	1402983	evaluate/Dogs_ConvNet_simclr_ours_size1_lbl5.sh
2026-10-08T20:16:51Z	1402984	evaluate/Flowers_ConvNet_simclr_ours_size1_lbl1.sh
2026-10-08T20:16:51Z	1402985	evaluate/Flowers_ConvNet_simclr_ours_size1_lbl5.sh
2026-10-08T20:16:51Z	1402986	evaluate/TinyImageNet_ConvNet_simclr_ours_size1_lbl1.sh
2026-10-08T20:16:51Z	1402987	evaluate/TinyImageNet_ConvNet_simclr_ours_size1_lbl5.sh
2026-10-08T20:16:51Z	1402988	pretrain/ConvNet_simclr_ours_size2.sh
2026-10-08T20:16:51Z	1402989	evaluate/CIFAR10_ConvNet_simclr_ours_size2_lbl1.sh
2026-10-08T20:16:51Z	1402990	evaluate/CIFAR10_ConvNet_simclr_ours_size2_lbl5.sh
2026-10-08T20:16:51Z	1402991	evaluate/CIFAR100_ConvNet_simclr_ours_size2_lbl1.sh
2026-10-08T20:16:51Z	1402992	evaluate/CIFAR100_ConvNet_simclr_ours_size2_lbl5.sh
2026-10-08T20:16:51Z	1402993	evaluate/Aircraft_ConvNet_simclr_ours_size2_lbl1.sh
2026-10-08T20:16:51Z	1402994	evaluate/Aircraft_ConvNet_simclr_ours_size2_lbl5.sh
2026-10-08T20:16:51Z	1402995	evaluate/CUB2011_ConvNet_simclr_ours_size2_lbl1.sh
2026-10-08T20:16:51Z	1402996	evaluate/CUB2011_ConvNet_simclr_ours_size2_lbl5.sh
2026-10-08T20:16:51Z	1402997	evaluate/Dogs_ConvNet_simclr_ours_size2_lbl1.sh
2026-10-08T20:16:51Z	1402998	evaluate/Dogs_ConvNet_simclr_ours_size2_lbl5.sh
2026-10-08T20:16:52Z	1402999	evaluate/Flowers_ConvNet_simclr_ours_size2_lbl1.sh
2026-10-08T20:16:52Z	1403000	evaluate/Flowers_ConvNet_simclr_ours_size2_lbl5.sh
2026-10-08T20:16:52Z	1403001	evaluate/TinyImageNet_ConvNet_simclr_ours_size2_lbl1.sh
2026-10-08T20:16:52Z	1403002	evaluate/TinyImageNet_ConvNet_simclr_ours_size2_lbl5.sh
2026-10-08T20:16:52Z	1403003	pretrain/ConvNet_simclr_ours_size5.sh
2026-10-08T20:16:52Z	1403004	evaluate/CIFAR10_ConvNet_simclr_ours_size5_lbl1.sh
2026-10-08T20:16:52Z	1403005	evaluate/CIFAR10_ConvNet_simclr_ours_size5_lbl5.sh
2026-10-08T20:16:52Z	1403006	evaluate/CIFAR100_ConvNet_simclr_ours_size5_lbl1.sh
2026-10-08T20:16:52Z	1403007	evaluate/CIFAR100_ConvNet_simclr_ours_size5_lbl5.sh
2026-10-08T20:16:52Z	1403008	evaluate/Aircraft_ConvNet_simclr_ours_size5_lbl1.sh
2026-10-08T20:16:52Z	1403009	evaluate/Aircraft_ConvNet_simclr_ours_size5_lbl5.sh
2026-10-08T20:16:52Z	1403010	evaluate/CUB2011_ConvNet_simclr_ours_size5_lbl1.sh
2026-10-08T20:16:52Z	1403011	evaluate/CUB2011_ConvNet_simclr_ours_size5_lbl5.sh
2026-10-08T20:16:52Z	1403012	evaluate/Dogs_ConvNet_simclr_ours_size5_lbl1.sh
2026-10-08T20:16:52Z	1403013	evaluate/Dogs_ConvNet_simclr_ours_size5_lbl5.sh
2026-10-08T20:16:52Z	1403014	evaluate/Flowers_ConvNet_simclr_ours_size5_lbl1.sh
2026-10-08T20:16:52Z	1403015	evaluate/Flowers_ConvNet_simclr_ours_size5_lbl5.sh
2026-10-08T20:16:52Z	1403016	evaluate/TinyImageNet_ConvNet_simclr_ours_size5_lbl1.sh
2026-10-08T20:16:52Z	1403017	evaluate/TinyImageNet_ConvNet_simclr_ours_size5_lbl5.sh
2026-10-08T20:16:52Z	1403018	pretrain/ConvNet_barlowtwins_ours_size1.sh
2026-10-08T20:16:52Z	1403019	evaluate/CIFAR10_ConvNet_barlowtwins_ours_size1_lbl1.sh
2026-10-08T20:16:52Z	1403020	evaluate/CIFAR10_ConvNet_barlowtwins_ours_size1_lbl5.sh
2026-10-08T20:16:52Z	1403021	evaluate/CIFAR100_ConvNet_barlowtwins_ours_size1_lbl1.sh
2026-10-08T20:16:52Z	1403022	evaluate/CIFAR100_ConvNet_barlowtwins_ours_size1_lbl5.sh
2026-10-08T20:16:52Z	1403023	evaluate/Aircraft_ConvNet_barlowtwins_ours_size1_lbl1.sh
2026-10-08T20:16:52Z	1403024	evaluate/Aircraft_ConvNet_barlowtwins_ours_size1_lbl5.sh
2026-10-08T20:16:52Z	1403025	evaluate/CUB2011_ConvNet_barlowtwins_ours_size1_lbl1.sh
2026-10-08T20:16:52Z	1403026	evaluate/CUB2011_ConvNet_barlowtwins_ours_size1_lbl5.sh
2026-10-08T20:16:52Z	1403027	evaluate/Dogs_ConvNet_barlowtwins_ours_size1_lbl1.sh
2026-10-08T20:16:53Z	1403028	evaluate/Dogs_ConvNet_barlowtwins_ours_size1_lbl5.sh
2026-10-08T20:16:53Z	1403029	evaluate/Flowers_ConvNet_barlowtwins_ours_size1_lbl1.sh
2026-10-08T20:16:53Z	1403030	evaluate/Flowers_ConvNet_barlowtwins_ours_size1_lbl5.sh
2026-10-08T20:16:53Z	1403031	evaluate/TinyImageNet_ConvNet_barlowtwins_ours_size1_lbl1.sh
2026-10-08T20:16:53Z	1403032	evaluate/TinyImageNet_ConvNet_barlowtwins_ours_size1_lbl5.sh
2026-10-08T20:16:53Z	1403033	pretrain/ConvNet_barlowtwins_ours_size2.sh
2026-10-08T20:16:53Z	1403034	evaluate/CIFAR10_ConvNet_barlowtwins_ours_size2_lbl1.sh
2026-10-08T20:16:53Z	1403035	evaluate/CIFAR10_ConvNet_barlowtwins_ours_size2_lbl5.sh
2026-10-08T20:16:53Z	1403036	evaluate/CIFAR100_ConvNet_barlowtwins_ours_size2_lbl1.sh
2026-10-08T20:16:53Z	1403037	evaluate/CIFAR100_ConvNet_barlowtwins_ours_size2_lbl5.sh
2026-10-08T20:16:53Z	1403038	evaluate/Aircraft_ConvNet_barlowtwins_ours_size2_lbl1.sh
2026-10-08T20:16:53Z	1403039	evaluate/Aircraft_ConvNet_barlowtwins_ours_size2_lbl5.sh
2026-10-08T20:16:53Z	1403040	evaluate/CUB2011_ConvNet_barlowtwins_ours_size2_lbl1.sh
2026-10-08T20:16:53Z	1403041	evaluate/CUB2011_ConvNet_barlowtwins_ours_size2_lbl5.sh
2026-10-08T20:16:53Z	1403042	evaluate/Dogs_ConvNet_barlowtwins_ours_size2_lbl1.sh
2026-10-08T20:16:53Z	1403043	evaluate/Dogs_ConvNet_barlowtwins_ours_size2_lbl5.sh
2026-10-08T20:16:53Z	1403044	evaluate/Flowers_ConvNet_barlowtwins_ours_size2_lbl1.sh
2026-10-08T20:16:53Z	1403045	evaluate/Flowers_ConvNet_barlowtwins_ours_size2_lbl5.sh
2026-10-08T20:16:53Z	1403046	evaluate/TinyImageNet_ConvNet_barlowtwins_ours_size2_lbl1.sh
2026-10-08T20:16:53Z	1403047	evaluate/TinyImageNet_ConvNet_barlowtwins_ours_size2_lbl5.sh
2026-10-08T20:16:53Z	1403048	pretrain/ConvNet_barlowtwins_ours_size5.sh
2026-10-08T20:16:53Z	1403049	evaluate/CIFAR10_ConvNet_barlowtwins_ours_size5_lbl1.sh
2026-10-08T20:16:53Z	1403050	evaluate/CIFAR10_ConvNet_barlowtwins_ours_size5_lbl5.sh
2026-10-08T20:16:53Z	1403051	evaluate/CIFAR100_ConvNet_barlowtwins_ours_size5_lbl1.sh
2026-10-08T20:16:53Z	1403052	evaluate/CIFAR100_ConvNet_barlowtwins_ours_size5_lbl5.sh
2026-10-08T20:16:53Z	1403053	evaluate/Aircraft_ConvNet_barlowtwins_ours_size5_lbl1.sh
2026-10-08T20:16:53Z	1403054	evaluate/Aircraft_ConvNet_barlowtwins_ours_size5_lbl5.sh
2026-10-08T20:16:53Z	1403055	evaluate/CUB2011_ConvNet_barlowtwins_ours_size5_lbl1.sh
2026-10-08T20:16:53Z	1403056	evaluate/CUB2011_ConvNet_barlowtwins_ours_size5_lbl5.sh
2026-10-08T20:16:54Z	1403057	evaluate/Dogs_ConvNet_barlowtwins_ours_size5_lbl1.sh
2026-10-08T20:16:54Z	1403058	evaluate/Dogs_ConvNet_barlowtwins_ours_size5_lbl5.sh
2026-10-08T20:16:54Z	1403059	evaluate/Flowers_ConvNet_barlowtwins_ours_size5_lbl1.sh
2026-10-08T20:16:54Z	1403060	evaluate/Flowers_ConvNet_barlowtwins_ours_size5_lbl5.sh
2026-10-08T20:16:54Z	1403061	evaluate/TinyImageNet_ConvNet_barlowtwins_ours_size5_lbl1.sh
2026-10-08T20:16:54Z	1403062	evaluate/TinyImageNet_ConvNet_barlowtwins_ours_size5_lbl5.sh
2026-10-08T20:16:54Z	1403063	pretrain/VGG11_simclr_ours_size1.sh
2026-10-08T20:16:54Z	1403064	evaluate/CIFAR10_VGG11_simclr_ours_size1_lbl1.sh
2026-10-08T20:16:54Z	1403065	evaluate/CIFAR10_VGG11_simclr_ours_size1_lbl5.sh
2026-10-08T20:16:54Z	1403066	evaluate/CIFAR100_VGG11_simclr_ours_size1_lbl1.sh
2026-10-08T20:16:54Z	1403067	evaluate/CIFAR100_VGG11_simclr_ours_size1_lbl5.sh
2026-10-08T20:16:54Z	1403068	evaluate/Aircraft_VGG11_simclr_ours_size1_lbl1.sh
2026-10-08T20:16:54Z	1403069	evaluate/Aircraft_VGG11_simclr_ours_size1_lbl5.sh
2026-10-08T20:16:54Z	1403070	evaluate/CUB2011_VGG11_simclr_ours_size1_lbl1.sh
2026-10-08T20:16:54Z	1403071	evaluate/CUB2011_VGG11_simclr_ours_size1_lbl5.sh
2026-10-08T20:16:54Z	1403072	evaluate/Dogs_VGG11_simclr_ours_size1_lbl1.sh
2026-10-08T20:16:54Z	1403073	evaluate/Dogs_VGG11_simclr_ours_size1_lbl5.sh
2026-10-08T20:16:54Z	1403074	evaluate/Flowers_VGG11_simclr_ours_size1_lbl1.sh
2026-10-08T20:16:54Z	1403075	evaluate/Flowers_VGG11_simclr_ours_size1_lbl5.sh
2026-10-08T20:16:54Z	1403076	evaluate/TinyImageNet_VGG11_simclr_ours_size1_lbl1.sh
2026-10-08T20:16:54Z	1403077	evaluate/TinyImageNet_VGG11_simclr_ours_size1_lbl5.sh
2026-10-08T20:16:54Z	1403078	pretrain/VGG11_simclr_ours_size2.sh
2026-10-08T20:16:54Z	1403079	evaluate/CIFAR10_VGG11_simclr_ours_size2_lbl1.sh
2026-10-08T20:16:54Z	1403080	evaluate/CIFAR10_VGG11_simclr_ours_size2_lbl5.sh
2026-10-08T20:16:54Z	1403081	evaluate/CIFAR100_VGG11_simclr_ours_size2_lbl1.sh
2026-10-08T20:16:55Z	1403082	evaluate/CIFAR100_VGG11_simclr_ours_size2_lbl5.sh
2026-10-08T20:16:55Z	1403083	evaluate/Aircraft_VGG11_simclr_ours_size2_lbl1.sh
2026-10-08T20:16:55Z	1403084	evaluate/Aircraft_VGG11_simclr_ours_size2_lbl5.sh
2026-10-08T20:16:55Z	1403085	evaluate/CUB2011_VGG11_simclr_ours_size2_lbl1.sh
2026-10-08T20:16:55Z	1403086	evaluate/CUB2011_VGG11_simclr_ours_size2_lbl5.sh
2026-10-08T20:16:55Z	1403087	evaluate/Dogs_VGG11_simclr_ours_size2_lbl1.sh
2026-10-08T20:16:55Z	1403088	evaluate/Dogs_VGG11_simclr_ours_size2_lbl5.sh
2026-10-08T20:16:55Z	1403089	evaluate/Flowers_VGG11_simclr_ours_size2_lbl1.sh
2026-10-08T20:16:55Z	1403090	evaluate/Flowers_VGG11_simclr_ours_size2_lbl5.sh
2026-10-08T20:16:55Z	1403091	evaluate/TinyImageNet_VGG11_simclr_ours_size2_lbl1.sh
2026-10-08T20:16:55Z	1403092	evaluate/TinyImageNet_VGG11_simclr_ours_size2_lbl5.sh
2026-10-08T20:16:55Z	1403093	pretrain/VGG11_simclr_ours_size5.sh
2026-10-08T20:16:55Z	1403094	evaluate/CIFAR10_VGG11_simclr_ours_size5_lbl1.sh
2026-10-08T20:16:55Z	1403095	evaluate/CIFAR10_VGG11_simclr_ours_size5_lbl5.sh
2026-10-08T20:16:55Z	1403096	evaluate/CIFAR100_VGG11_simclr_ours_size5_lbl1.sh
2026-10-08T20:16:55Z	1403097	evaluate/CIFAR100_VGG11_simclr_ours_size5_lbl5.sh
2026-10-08T20:16:55Z	1403098	evaluate/Aircraft_VGG11_simclr_ours_size5_lbl1.sh
2026-10-08T20:16:55Z	1403099	evaluate/Aircraft_VGG11_simclr_ours_size5_lbl5.sh
2026-10-08T20:16:55Z	1403100	evaluate/CUB2011_VGG11_simclr_ours_size5_lbl1.sh
2026-10-08T20:16:55Z	1403101	evaluate/CUB2011_VGG11_simclr_ours_size5_lbl5.sh
2026-10-08T20:16:55Z	1403102	evaluate/Dogs_VGG11_simclr_ours_size5_lbl1.sh
2026-10-08T20:16:55Z	1403103	evaluate/Dogs_VGG11_simclr_ours_size5_lbl5.sh
2026-10-08T20:16:55Z	1403104	evaluate/Flowers_VGG11_simclr_ours_size5_lbl1.sh
2026-10-08T20:16:55Z	1403105	evaluate/Flowers_VGG11_simclr_ours_size5_lbl5.sh
2026-10-08T20:16:55Z	1403106	evaluate/TinyImageNet_VGG11_simclr_ours_size5_lbl1.sh
2026-10-08T20:16:55Z	1403107	evaluate/TinyImageNet_VGG11_simclr_ours_size5_lbl5.sh
2026-10-08T20:16:55Z	1403108	pretrain/VGG11_barlowtwins_ours_size1.sh
2026-10-08T20:16:55Z	1403109	evaluate/CIFAR10_VGG11_barlowtwins_ours_size1_lbl1.sh
2026-10-08T20:16:56Z	1403110	evaluate/CIFAR10_VGG11_barlowtwins_ours_size1_lbl5.sh
2026-10-08T20:16:56Z	1403111	evaluate/CIFAR100_VGG11_barlowtwins_ours_size1_lbl1.sh
2026-10-08T20:16:56Z	1403112	evaluate/CIFAR100_VGG11_barlowtwins_ours_size1_lbl5.sh
2026-10-08T20:16:56Z	1403113	evaluate/Aircraft_VGG11_barlowtwins_ours_size1_lbl1.sh
2026-10-08T20:16:56Z	1403114	evaluate/Aircraft_VGG11_barlowtwins_ours_size1_lbl5.sh
2026-10-08T20:16:56Z	1403115	evaluate/CUB2011_VGG11_barlowtwins_ours_size1_lbl1.sh
2026-10-08T20:16:56Z	1403116	evaluate/CUB2011_VGG11_barlowtwins_ours_size1_lbl5.sh
2026-10-08T20:16:56Z	1403117	evaluate/Dogs_VGG11_barlowtwins_ours_size1_lbl1.sh
2026-10-08T20:16:56Z	1403118	evaluate/Dogs_VGG11_barlowtwins_ours_size1_lbl5.sh
2026-10-08T20:16:56Z	1403119	evaluate/Flowers_VGG11_barlowtwins_ours_size1_lbl1.sh
2026-10-08T20:16:56Z	1403120	evaluate/Flowers_VGG11_barlowtwins_ours_size1_lbl5.sh
2026-10-08T20:16:56Z	1403121	evaluate/TinyImageNet_VGG11_barlowtwins_ours_size1_lbl1.sh
2026-10-08T20:16:56Z	1403122	evaluate/TinyImageNet_VGG11_barlowtwins_ours_size1_lbl5.sh
2026-10-08T20:16:56Z	1403123	pretrain/VGG11_barlowtwins_ours_size2.sh
2026-10-08T20:16:56Z	1403124	evaluate/CIFAR10_VGG11_barlowtwins_ours_size2_lbl1.sh
2026-10-08T20:16:56Z	1403125	evaluate/CIFAR10_VGG11_barlowtwins_ours_size2_lbl5.sh
2026-10-08T20:16:56Z	1403126	evaluate/CIFAR100_VGG11_barlowtwins_ours_size2_lbl1.sh
2026-10-08T20:16:56Z	1403127	evaluate/CIFAR100_VGG11_barlowtwins_ours_size2_lbl5.sh
2026-10-08T20:16:56Z	1403128	evaluate/Aircraft_VGG11_barlowtwins_ours_size2_lbl1.sh
2026-10-08T20:16:56Z	1403129	evaluate/Aircraft_VGG11_barlowtwins_ours_size2_lbl5.sh
2026-10-08T20:16:56Z	1403130	evaluate/CUB2011_VGG11_barlowtwins_ours_size2_lbl1.sh
2026-10-08T20:16:56Z	1403131	evaluate/CUB2011_VGG11_barlowtwins_ours_size2_lbl5.sh
2026-10-08T20:16:56Z	1403132	evaluate/Dogs_VGG11_barlowtwins_ours_size2_lbl1.sh
2026-10-08T20:16:56Z	1403133	evaluate/Dogs_VGG11_barlowtwins_ours_size2_lbl5.sh
2026-10-08T20:16:56Z	1403134	evaluate/Flowers_VGG11_barlowtwins_ours_size2_lbl1.sh
2026-10-08T20:16:56Z	1403135	evaluate/Flowers_VGG11_barlowtwins_ours_size2_lbl5.sh
2026-10-08T20:16:56Z	1403136	evaluate/TinyImageNet_VGG11_barlowtwins_ours_size2_lbl1.sh
2026-10-08T20:16:56Z	1403137	evaluate/TinyImageNet_VGG11_barlowtwins_ours_size2_lbl5.sh
2026-10-08T20:16:57Z	1403138	pretrain/VGG11_barlowtwins_ours_size5.sh
2026-10-08T20:16:57Z	1403139	evaluate/CIFAR10_VGG11_barlowtwins_ours_size5_lbl1.sh
2026-10-08T20:16:57Z	1403140	evaluate/CIFAR10_VGG11_barlowtwins_ours_size5_lbl5.sh
2026-10-08T20:16:57Z	1403141	evaluate/CIFAR100_VGG11_barlowtwins_ours_size5_lbl1.sh
2026-10-08T20:16:57Z	1403142	evaluate/CIFAR100_VGG11_barlowtwins_ours_size5_lbl5.sh
2026-10-08T20:16:57Z	1403143	evaluate/Aircraft_VGG11_barlowtwins_ours_size5_lbl1.sh
2026-10-08T20:16:57Z	1403144	evaluate/Aircraft_VGG11_barlowtwins_ours_size5_lbl5.sh
2026-10-08T20:16:57Z	1403145	evaluate/CUB2011_VGG11_barlowtwins_ours_size5_lbl1.sh
2026-10-08T20:16:57Z	1403146	evaluate/CUB2011_VGG11_barlowtwins_ours_size5_lbl5.sh
2026-10-08T20:16:57Z	1403147	evaluate/Dogs_VGG11_barlowtwins_ours_size5_lbl1.sh
2026-10-08T20:16:57Z	1403148	evaluate/Dogs_VGG11_barlowtwins_ours_size5_lbl5.sh
2026-10-08T20:16:57Z	1403149	evaluate/Flowers_VGG11_barlowtwins_ours_size5_lbl1.sh
2026-10-08T20:16:57Z	1403150	evaluate/Flowers_VGG11_barlowtwins_ours_size5_lbl5.sh
2026-10-08T20:16:57Z	1403151	evaluate/TinyImageNet_VGG11_barlowtwins_ours_size5_lbl1.sh
2026-10-08T20:16:57Z	1403152	evaluate/TinyImageNet_VGG11_barlowtwins_ours_size5_lbl5.sh
2026-10-08T20:16:57Z	1403153	pretrain/ResNet18_simclr_ours_size1.sh
2026-10-08T20:16:57Z	1403154	evaluate/CIFAR10_ResNet18_simclr_ours_size1_lbl1.sh
2026-10-08T20:16:57Z	1403155	evaluate/CIFAR10_ResNet18_simclr_ours_size1_lbl5.sh
2026-10-08T20:16:57Z	1403156	evaluate/CIFAR100_ResNet18_simclr_ours_size1_lbl1.sh
2026-10-08T20:16:57Z	1403157	evaluate/CIFAR100_ResNet18_simclr_ours_size1_lbl5.sh
2026-10-08T20:16:57Z	1403158	evaluate/Aircraft_ResNet18_simclr_ours_size1_lbl1.sh
2026-10-08T20:16:57Z	1403159	evaluate/Aircraft_ResNet18_simclr_ours_size1_lbl5.sh
2026-10-08T20:16:57Z	1403160	evaluate/CUB2011_ResNet18_simclr_ours_size1_lbl1.sh
2026-10-08T20:16:57Z	1403161	evaluate/CUB2011_ResNet18_simclr_ours_size1_lbl5.sh
2026-10-08T20:16:57Z	1403162	evaluate/Dogs_ResNet18_simclr_ours_size1_lbl1.sh
2026-10-08T20:16:57Z	1403163	evaluate/Dogs_ResNet18_simclr_ours_size1_lbl5.sh
2026-10-08T20:16:57Z	1403164	evaluate/Flowers_ResNet18_simclr_ours_size1_lbl1.sh
2026-10-08T20:16:57Z	1403165	evaluate/Flowers_ResNet18_simclr_ours_size1_lbl5.sh
2026-10-08T20:16:58Z	1403166	evaluate/TinyImageNet_ResNet18_simclr_ours_size1_lbl1.sh
2026-10-08T20:16:58Z	1403167	evaluate/TinyImageNet_ResNet18_simclr_ours_size1_lbl5.sh
2026-10-08T20:16:58Z	1403168	pretrain/ResNet18_simclr_ours_size2.sh
2026-10-08T20:16:58Z	1403169	evaluate/CIFAR10_ResNet18_simclr_ours_size2_lbl1.sh
2026-10-08T20:16:58Z	1403170	evaluate/CIFAR10_ResNet18_simclr_ours_size2_lbl5.sh
2026-10-08T20:16:58Z	1403171	evaluate/CIFAR100_ResNet18_simclr_ours_size2_lbl1.sh
2026-10-08T20:16:58Z	1403172	evaluate/CIFAR100_ResNet18_simclr_ours_size2_lbl5.sh
2026-10-08T20:16:58Z	1403173	evaluate/Aircraft_ResNet18_simclr_ours_size2_lbl1.sh
2026-10-08T20:16:58Z	1403174	evaluate/Aircraft_ResNet18_simclr_ours_size2_lbl5.sh
2026-10-08T20:16:58Z	1403175	evaluate/CUB2011_ResNet18_simclr_ours_size2_lbl1.sh
2026-10-08T20:16:58Z	1403176	evaluate/CUB2011_ResNet18_simclr_ours_size2_lbl5.sh
2026-10-08T20:16:58Z	1403177	evaluate/Dogs_ResNet18_simclr_ours_size2_lbl1.sh
2026-10-08T20:16:58Z	1403178	evaluate/Dogs_ResNet18_simclr_ours_size2_lbl5.sh
2026-10-08T20:16:58Z	1403179	evaluate/Flowers_ResNet18_simclr_ours_size2_lbl1.sh
2026-10-08T20:16:58Z	1403180	evaluate/Flowers_ResNet18_simclr_ours_size2_lbl5.sh
2026-10-08T20:16:58Z	1403181	evaluate/TinyImageNet_ResNet18_simclr_ours_size2_lbl1.sh
2026-10-08T20:16:58Z	1403182	evaluate/TinyImageNet_ResNet18_simclr_ours_size2_lbl5.sh
2026-10-08T20:16:58Z	1403183	pretrain/ResNet18_simclr_ours_size5.sh
2026-10-08T20:16:58Z	1403184	evaluate/CIFAR10_ResNet18_simclr_ours_size5_lbl1.sh
2026-10-08T20:16:58Z	1403185	evaluate/CIFAR10_ResNet18_simclr_ours_size5_lbl5.sh
2026-10-08T20:16:58Z	1403186	evaluate/CIFAR100_ResNet18_simclr_ours_size5_lbl1.sh
2026-10-08T20:16:58Z	1403187	evaluate/CIFAR100_ResNet18_simclr_ours_size5_lbl5.sh
2026-10-08T20:16:58Z	1403188	evaluate/Aircraft_ResNet18_simclr_ours_size5_lbl1.sh
2026-10-08T20:16:58Z	1403189	evaluate/Aircraft_ResNet18_simclr_ours_size5_lbl5.sh
2026-10-08T20:16:58Z	1403190	evaluate/CUB2011_ResNet18_simclr_ours_size5_lbl1.sh
2026-10-08T20:16:58Z	1403191	evaluate/CUB2011_ResNet18_simclr_ours_size5_lbl5.sh
2026-10-08T20:16:59Z	1403192	evaluate/Dogs_ResNet18_simclr_ours_size5_lbl1.sh
2026-10-08T20:16:59Z	1403193	evaluate/Dogs_ResNet18_simclr_ours_size5_lbl5.sh
2026-10-08T20:16:59Z	1403194	evaluate/Flowers_ResNet18_simclr_ours_size5_lbl1.sh
2026-10-08T20:16:59Z	1403195	evaluate/Flowers_ResNet18_simclr_ours_size5_lbl5.sh
2026-10-08T20:16:59Z	1403196	evaluate/TinyImageNet_ResNet18_simclr_ours_size5_lbl1.sh
2026-10-08T20:16:59Z	1403197	evaluate/TinyImageNet_ResNet18_simclr_ours_size5_lbl5.sh
2026-10-08T20:16:59Z	1403198	pretrain/ResNet18_barlowtwins_ours_size1.sh
2026-10-08T20:16:59Z	1403199	evaluate/CIFAR10_ResNet18_barlowtwins_ours_size1_lbl1.sh
2026-10-08T20:16:59Z	1403200	evaluate/CIFAR10_ResNet18_barlowtwins_ours_size1_lbl5.sh
2026-10-08T20:16:59Z	1403201	evaluate/CIFAR100_ResNet18_barlowtwins_ours_size1_lbl1.sh
2026-10-08T20:16:59Z	1403202	evaluate/CIFAR100_ResNet18_barlowtwins_ours_size1_lbl5.sh
2026-10-08T20:16:59Z	1403203	evaluate/Aircraft_ResNet18_barlowtwins_ours_size1_lbl1.sh
2026-10-08T20:16:59Z	1403204	evaluate/Aircraft_ResNet18_barlowtwins_ours_size1_lbl5.sh
2026-10-08T20:16:59Z	1403205	evaluate/CUB2011_ResNet18_barlowtwins_ours_size1_lbl1.sh
2026-10-08T20:16:59Z	1403206	evaluate/CUB2011_ResNet18_barlowtwins_ours_size1_lbl5.sh
2026-10-08T20:16:59Z	1403207	evaluate/Dogs_ResNet18_barlowtwins_ours_size1_lbl1.sh
2026-10-08T20:16:59Z	1403208	evaluate/Dogs_ResNet18_barlowtwins_ours_size1_lbl5.sh
2026-10-08T20:16:59Z	1403209	evaluate/Flowers_ResNet18_barlowtwins_ours_size1_lbl1.sh
2026-10-08T20:16:59Z	1403210	evaluate/Flowers_ResNet18_barlowtwins_ours_size1_lbl5.sh
2026-10-08T20:16:59Z	1403211	evaluate/TinyImageNet_ResNet18_barlowtwins_ours_size1_lbl1.sh
2026-10-08T20:16:59Z	1403212	evaluate/TinyImageNet_ResNet18_barlowtwins_ours_size1_lbl5.sh
2026-10-08T20:16:59Z	1403213	pretrain/ResNet18_barlowtwins_ours_size2.sh
2026-10-08T20:16:59Z	1403214	evaluate/CIFAR10_ResNet18_barlowtwins_ours_size2_lbl1.sh
2026-10-08T20:16:59Z	1403215	evaluate/CIFAR10_ResNet18_barlowtwins_ours_size2_lbl5.sh
2026-10-08T20:16:59Z	1403216	evaluate/CIFAR100_ResNet18_barlowtwins_ours_size2_lbl1.sh
2026-10-08T20:16:59Z	1403217	evaluate/CIFAR100_ResNet18_barlowtwins_ours_size2_lbl5.sh
2026-10-08T20:16:59Z	1403218	evaluate/Aircraft_ResNet18_barlowtwins_ours_size2_lbl1.sh
2026-10-08T20:16:59Z	1403219	evaluate/Aircraft_ResNet18_barlowtwins_ours_size2_lbl5.sh
2026-10-08T20:17:00Z	1403220	evaluate/CUB2011_ResNet18_barlowtwins_ours_size2_lbl1.sh
2026-10-08T20:17:00Z	1403221	evaluate/CUB2011_ResNet18_barlowtwins_ours_size2_lbl5.sh
2026-10-08T20:17:00Z	1403222	evaluate/Dogs_ResNet18_barlowtwins_ours_size2_lbl1.sh
2026-10-08T20:17:00Z	1403223	evaluate/Dogs_ResNet18_barlowtwins_ours_size2_lbl5.sh
2026-10-08T20:17:00Z	1403224	evaluate/Flowers_ResNet18_barlowtwins_ours_size2_lbl1.sh
2026-10-08T20:17:00Z	1403225	evaluate/Flowers_ResNet18_barlowtwins_ours_size2_lbl5.sh
2026-10-08T20:17:00Z	1403226	evaluate/TinyImageNet_ResNet18_barlowtwins_ours_size2_lbl1.sh
2026-10-08T20:17:00Z	1403227	evaluate/TinyImageNet_ResNet18_barlowtwins_ours_size2_lbl5.sh
2026-10-08T20:17:00Z	1403228	pretrain/ResNet18_barlowtwins_ours_size5.sh
2026-10-08T20:17:00Z	1403229	evaluate/CIFAR10_ResNet18_barlowtwins_ours_size5_lbl1.sh
2026-10-08T20:17:00Z	1403230	evaluate/CIFAR10_ResNet18_barlowtwins_ours_size5_lbl5.sh
2026-10-08T20:17:00Z	1403231	evaluate/CIFAR100_ResNet18_barlowtwins_ours_size5_lbl1.sh
2026-10-08T20:17:00Z	1403232	evaluate/CIFAR100_ResNet18_barlowtwins_ours_size5_lbl5.sh
2026-10-08T20:17:00Z	1403233	evaluate/Aircraft_ResNet18_barlowtwins_ours_size5_lbl1.sh
2026-10-08T20:17:00Z	1403234	evaluate/Aircraft_ResNet18_barlowtwins_ours_size5_lbl5.sh
2026-10-08T20:17:00Z	1403235	evaluate/CUB2011_ResNet18_barlowtwins_ours_size5_lbl1.sh
2026-10-08T20:17:00Z	1403236	evaluate/CUB2011_ResNet18_barlowtwins_ours_size5_lbl5.sh
2026-10-08T20:17:00Z	1403237	evaluate/Dogs_ResNet18_barlowtwins_ours_size5_lbl1.sh
2026-10-08T20:17:00Z	1403238	evaluate/Dogs_ResNet18_barlowtwins_ours_size5_lbl5.sh
2026-10-08T20:17:00Z	1403239	evaluate/Flowers_ResNet18_barlowtwins_ours_size5_lbl1.sh
2026-10-08T20:17:00Z	1403240	evaluate/Flowers_ResNet18_barlowtwins_ours_size5_lbl5.sh
2026-10-08T20:17:00Z	1403241	evaluate/TinyImageNet_ResNet18_barlowtwins_ours_size5_lbl1.sh
2026-10-08T20:17:00Z	1403242	evaluate/TinyImageNet_ResNet18_barlowtwins_ours_size5_lbl5.sh
2026-10-08T20:17:00Z	1403243	report/tables.sh
