config_id,target,model,method,ssl_method,subset_percentage,label_percentage,ssl_epochs,probe_epochs,runs,completed_runs,status,mean_percent,std_percent
CIFAR10_ConvNet_simclr_ours_size1_lbl1,CIFAR10,ConvNet,ours,simclr,1,1,1200,200,15,15,complete,40.40866553783417,0.968178379995314
CIFAR10_ConvNet_simclr_ours_size1_lbl5,CIFAR10,ConvNet,ours,simclr,1,5,1200,100,15,15,complete,50.95333238442739,0.4687176156237742
CIFAR100_ConvNet_simclr_ours_size1_lbl1,CIFAR100,ConvNet,ours,simclr,1,1,1200,200,15,15,complete,10.259999732176462,0.41498701637466184
CIFAR100_ConvNet_simclr_ours_size1_lbl5,CIFAR100,ConvNet,ours,simclr,1,5,1200,100,15,15,complete,19.311999479929607,0.27323980423440125
Aircraft_ConvNet_simclr_ours_size1_lbl1,Aircraft,ConvNet,ours,simclr,1,1,1200,200,15,15,complete,2.8562855223814645,0.3598931167138378
Aircraft_ConvNet_simclr_ours_size1_lbl5,Aircraft,ConvNet,ours,simclr,1,5,1200,100,15,15,complete,6.104610140124957,0.46423230770141727
CUB2011_ConvNet_simclr_ours_size1_lbl1,CUB2011,ConvNet,ours,simclr,1,1,1200,200,15,15,complete,1.3830399078627427,0.24214529637931004
CUB2011_ConvNet_simclr_ours_size1_lbl5,CUB2011,ConvNet,ours,simclr,1,5,1200,100,15,15,complete,2.301231138408184,0.21973872829531077
Dogs_ConvNet_simclr_ours_size1_lbl1,Dogs,ConvNet,ours,simclr,1,1,1200,200,15,15,complete,2.124320094784101,0.2739181717860297
Dogs_ConvNet_simclr_ours_size1_lbl5,Dogs,ConvNet,ours,simclr,1,5,1200,100,15,15,complete,3.372960388660431,0.28016395477340345
Flowers_ConvNet_simclr_ours_size1_lbl1,Flowers,ConvNet,ours,simclr,1,1,1200,200,15,15,complete,2.6540901511907578,0.793246950671882
Flowers_ConvNet_simclr_ours_size1_lbl5,Flowers,ConvNet,ours,simclr,1,5,1200,100,15,15,complete,6.279611960053444,0.45319069910966836
TinyImageNet_ConvNet_simclr_ours_size1_lbl1,TinyImageNet,ConvNet,ours,simclr,1,1,1200,200,15,15,complete,3.2786665111780167,0.21751405212334862
TinyImageNet_ConvNet_simclr_ours_size1_lbl5,TinyImageNet,ConvNet,ours,simclr,1,5,1200,100,15,15,complete,6.623333195845286,0.23666330393386678
CIFAR10_ConvNet_simclr_ours_size2_lbl1,CIFAR10,ConvNet,ours,simclr,2,1,800,200,15,15,complete,41.22799893220266,1.076085455926362
CIFAR10_ConvNet_simclr_ours_size2_lbl5,CIFAR10,ConvNet,ours,simclr,2,5,800,100,15,15,complete,51.71666542689005,0.7828214432168058
CIFAR100_ConvNet_simclr_ours_size2_lbl1,CIFAR100,ConvNet,ours,simclr,2,1,800,200,15,15,complete,10.381999711195627,0.4368751923182955
CIFAR100_ConvNet_simclr_ours_size2_lbl5,CIFAR100,ConvNet,ours,simclr,2,5,800,100,15,15,complete,19.567999641100567,0.32582191242406555
Aircraft_ConvNet_simclr_ours_size2_lbl1,Aircraft,ConvNet,ours,simclr,2,1,800,200,15,15,complete,2.844284325838089,0.42840848087074757
Aircraft_ConvNet_simclr_ours_size2_lbl5,Aircraft,ConvNet,ours,simclr,2,5,800,100,15,15,complete,6.084608311454455,0.4710156895619946
CUB2011_ConvNet_simclr_ours_size2_lbl1,CUB2011,ConvNet,ours,simclr,2,1,800,200,15,15,complete,1.452076838662227,0.1976342610950785
CUB2011_ConvNet_simclr_ours_size2_lbl5,CUB2011,ConvNet,ours,simclr,2,5,800,100,15,15,complete,2.409389019012451,0.19557081773712914
Dogs_ConvNet_simclr_ours_size2_lbl1,Dogs,ConvNet,ours,simclr,2,1,800,200,15,15,complete,2.125874124467373,0.2625723988506328
Dogs_ConvNet_simclr_ours_size2_lbl5,Dogs,ConvNet,ours,simclr,2,5,800,100,15,15,complete,3.530691514412562,0.2985616261380558
Flowers_ConvNet_simclr_ours_size2_lbl1,Flowers,ConvNet,ours,simclr,2,1,800,200,15,15,complete,2.926221117377281,0.7545378651030143
Flowers_ConvNet_simclr_ours_size2_lbl5,Flowers,ConvNet,ours,simclr,2,5,800,100,15,15,complete,6.419472123185794,0.5393926870389962
TinyImageNet_ConvNet_simclr_ours_size2_lbl1,TinyImageNet,ConvNet,ours,simclr,2,1,800,200,15,15,complete,3.374666584034761,0.20601200499596795
TinyImageNet_ConvNet_simclr_ours_size2_lbl5,TinyImageNet,ConvNet,ours,simclr,2,5,800,100,15,15,complete,6.920666495958964,0.19110450620320388
CIFAR10_ConvNet_simclr_ours_size5_lbl1,CIFAR10,ConvNet,ours,simclr,5,1,500,200,15,15,complete,43.35999886194865,0.8781144898280339
CIFAR10_ConvNet_simclr_ours_size5_lbl5,CIFAR10,ConvNet,ours,simclr,5,5,500,100,15,15,complete,53.866665760676064,0.6827534086972395
CIFAR100_ConvNet_simclr_ours_size5_lbl1,CIFAR100,ConvNet,ours,simclr,5,1,500,200,15,15,complete,10.973999748627344,0.5152087091264944
CIFAR100_ConvNet_simclr_ours_size5_lbl5,CIFAR100,ConvNet,ours,simclr,5,5,500,100,15,15,complete,20.565999448299408,0.33515006199755987
Aircraft_ConvNet_simclr_ours_size5_lbl1,Aircraft,ConvNet,ours,simclr,5,1,500,200,15,15,complete,2.9142912849783897,0.42895844792706034
Aircraft_ConvNet_simclr_ours_size5_lbl5,Aircraft,ConvNet,ours,simclr,5,5,500,100,15,15,complete,6.150614867607753,0.4889398275542233
CUB2011_ConvNet_simclr_ours_size5_lbl1,CUB2011,ConvNet,ours,simclr,5,1,500,200,15,15,complete,1.5038545553882916,0.20451247004000128
CUB2011_ConvNet_simclr_ours_size5_lbl5,CUB2011,ConvNet,ours,simclr,5,5,500,100,15,15,complete,2.5624208773175874,0.28276162048230047
Dogs_ConvNet_simclr_ours_size5_lbl1,Dogs,ConvNet,ours,simclr,5,1,500,200,15,15,complete,2.144522132972876,0.21295755317795692
Dogs_ConvNet_simclr_ours_size5_lbl5,Dogs,ConvNet,ours,simclr,5,5,500,100,15,15,complete,3.539238485197226,0.2638944919550987
Flowers_ConvNet_simclr_ours_size5_lbl1,Flowers,ConvNet,ours,simclr,5,1,500,200,15,15,complete,3.0259663611650467,0.6272550391764501
Flowers_ConvNet_simclr_ours_size5_lbl5,Flowers,ConvNet,ours,simclr,5,5,500,100,15,15,complete,6.407546003659566,0.4376304961377692
TinyImageNet_ConvNet_simclr_ours_size5_lbl1,TinyImageNet,ConvNet,ours,simclr,5,1,500,200,15,15,complete,3.597333232561747,0.17014555012386967
TinyImageNet_ConvNet_simclr_ours_size5_lbl5,TinyImageNet,ConvNet,ours,simclr,5,5,500,100,15,15,complete,7.484666556119919,0.2264592151809841
CIFAR10_ConvNet_barlowtwins_ours_size1_lbl1,CIFAR10,ConvNet,ours,barlowtwins,1,1,1200,200,15,15,complete,33.43266566594442,2.0753225662032
CIFAR10_ConvNet_barlowtwins_ours_size1_lbl5,CIFAR10,ConvNet,ours,barlowtwins,1,5,1200,100,15,15,complete,42.975332140922546,2.033490608041794
CIFAR100_ConvNet_barlowtwins_ours_size1_lbl1,CIFAR100,ConvNet,ours,barlowtwins,1,1,1200,200,15,15,complete,6.815999820828438,0.4962545383805096
CIFAR100_ConvNet_barlowtwins_ours_size1_lbl5,CIFAR100,ConvNet,ours,barlowtwins,1,5,1200,100,15,15,complete,13.419333000977835,1.1457714812529933
Aircraft_ConvNet_barlowtwins_ours_size1_lbl1,Aircraft,ConvNet,ours,barlowtwins,1,1,1200,200,15,15,complete,2.300229954222838,0.41226513719199004
Aircraft_ConvNet_barlowtwins_ours_size1_lbl5,Aircraft,ConvNet,ours,barlowtwins,1,5,1200,100,15,15,complete,4.67646745344003,0.4520217242753731
CUB2011_ConvNet_barlowtwins_ours_size1_lbl1,CUB2011,ConvNet,ours,barlowtwins,1,1,1200,200,15,15,complete,0.9469566183785597,0.19017257711548327
CUB2011_ConvNet_barlowtwins_ours_size1_lbl5,CUB2011,ConvNet,ours,barlowtwins,1,5,1200,100,15,15,complete,1.368081911156575,0.09946101199218355
Dogs_ConvNet_barlowtwins_ours_size1_lbl1,Dogs,ConvNet,ours,barlowtwins,1,1,1200,200,15,15,complete,1.6386946352819602,0.20824904168763797
Dogs_ConvNet_barlowtwins_ours_size1_lbl5,Dogs,ConvNet,ours,barlowtwins,1,5,1200,100,15,15,complete,2.503496470550696,0.20882600051740208
Flowers_ConvNet_barlowtwins_ours_size1_lbl1,Flowers,ConvNet,ours,barlowtwins,1,1,1200,200,15,15,complete,2.0187564628819623,0.5163232336595387
Flowers_ConvNet_barlowtwins_ours_size1_lbl5,Flowers,ConvNet,ours,barlowtwins,1,5,1200,100,15,15,complete,3.307854967812697,0.47405058645164405
TinyImageNet_ConvNet_barlowtwins_ours_size1_lbl1,TinyImageNet,ConvNet,ours,barlowtwins,1,1,1200,200,15,15,complete,2.084666614731153,0.23160514299959348
TinyImageNet_ConvNet_barlowtwins_ours_size1_lbl5,TinyImageNet,ConvNet,ours,barlowtwins,1,5,1200,100,15,15,complete,4.121333236495654,0.5358686065147327
CIFAR10_ConvNet_barlowtwins_ours_size2_lbl1,CIFAR10,ConvNet,ours,barlowtwins,2,1,800,200,15,15,complete,37.03533232212067,1.8065947555605641
CIFAR10_ConvNet_barlowtwins_ours_size2_lbl5,CIFAR10,ConvNet,ours,barlowtwins,2,5,800,100,15,15,complete,47.14399874210358,1.7945939887288394
CIFAR100_ConvNet_barlowtwins_ours_size2_lbl1,CIFAR100,ConvNet,ours,barlowtwins,2,1,800,200,15,15,complete,8.066666424274445,0.5110725266587699
CIFAR100_ConvNet_barlowtwins_ours_size2_lbl5,CIFAR100,ConvNet,ours,barlowtwins,2,5,800,100,15,15,complete,15.743333001931509,0.9922533406139796
Aircraft_ConvNet_barlowtwins_ours_size2_lbl1,Aircraft,ConvNet,ours,barlowtwins,2,1,800,200,15,15,complete,2.634263299405575,0.45035917961573907
Aircraft_ConvNet_barlowtwins_ours_size2_lbl5,Aircraft,ConvNet,ours,barlowtwins,2,5,800,100,15,15,complete,5.140513852238655,0.5307668921772275
CUB2011_ConvNet_barlowtwins_ours_size2_lbl1,CUB2011,ConvNet,ours,barlowtwins,2,1,800,200,15,15,complete,1.1149464982251327,0.16331909929733154
CUB2011_ConvNet_barlowtwins_ours_size2_lbl5,CUB2011,ConvNet,ours,barlowtwins,2,5,800,100,15,15,complete,1.7892072101434071,0.21750027237912092
Dogs_ConvNet_barlowtwins_ours_size2_lbl1,Dogs,ConvNet,ours,barlowtwins,2,1,800,200,15,15,complete,1.8181818226973216,0.1980372178482665
Dogs_ConvNet_barlowtwins_ours_size2_lbl5,Dogs,ConvNet,ours,barlowtwins,2,5,800,100,15,15,complete,2.9090909163157144,0.2002686237281545
Flowers_ConvNet_barlowtwins_ours_size2_lbl1,Flowers,ConvNet,ours,barlowtwins,2,1,800,200,15,15,complete,2.412316414217154,0.6181293094837039
Flowers_ConvNet_barlowtwins_ours_size2_lbl5,Flowers,ConvNet,ours,barlowtwins,2,5,800,100,15,15,complete,4.179541505873203,0.6532943045434085
TinyImageNet_ConvNet_barlowtwins_ours_size2_lbl1,TinyImageNet,ConvNet,ours,barlowtwins,2,1,800,200,15,15,complete,2.5019999345143638,0.187586161676393
TinyImageNet_ConvNet_barlowtwins_ours_size2_lbl5,TinyImageNet,ConvNet,ours,barlowtwins,2,5,800,100,15,15,complete,5.078666533033053,0.5045629645769343
CIFAR10_ConvNet_barlowtwins_ours_size5_lbl1,CIFAR10,ConvNet,ours,barlowtwins,5,1,500,200,15,15,complete,40.82599918047587,1.1697485828520973
CIFAR10_ConvNet_barlowtwins_ours_size5_lbl5,CIFAR10,ConvNet,ours,barlowtwins,5,5,500,100,15,15,complete,51.24733209609985,1.1866065896024989
CIFAR100_ConvNet_barlowtwins_ours_size5_lbl1,CIFAR100,ConvNet,ours,barlowtwins,5,1,500,200,15,15,complete,9.222666422526041,0.5557424148702598
CIFAR100_ConvNet_barlowtwins_ours_size5_lbl5,CIFAR100,ConvNet,ours,barlowtwins,5,5,500,100,15,15,complete,18.14199964205424,0.7706971420029004
Aircraft_ConvNet_barlowtwins_ours_size5_lbl1,Aircraft,ConvNet,ours,barlowtwins,5,1,500,200,15,15,complete,2.714271346728007,0.5317593265222753
Aircraft_ConvNet_barlowtwins_ours_size5_lbl5,Aircraft,ConvNet,ours,barlowtwins,5,5,500,100,15,15,complete,5.386538455883662,0.4393258178454875
CUB2011_ConvNet_barlowtwins_ours_size5_lbl1,CUB2011,ConvNet,ours,barlowtwins,5,1,500,200,15,15,complete,1.319756048421065,0.2134716369835392
CUB2011_ConvNet_barlowtwins_ours_size5_lbl5,CUB2011,ConvNet,ours,barlowtwins,5,5,500,100,15,15,complete,2.1159820444881916,0.27154804646474456
Dogs_ConvNet_barlowtwins_ours_size5_lbl1,Dogs,ConvNet,ours,barlowtwins,5,1,500,200,15,15,complete,1.9075368903577328,0.2257699641274477
Dogs_ConvNet_barlowtwins_ours_size5_lbl5,Dogs,ConvNet,ours,barlowtwins,5,5,500,100,15,15,complete,3.1911421939730644,0.24990221051944647
Flowers_ConvNet_barlowtwins_ours_size5_lbl1,Flowers,ConvNet,ours,barlowtwins,5,1,500,200,15,15,complete,2.778771656254927,0.5491253969373
Flowers_ConvNet_barlowtwins_ours_size5_lbl5,Flowers,ConvNet,ours,barlowtwins,5,5,500,100,15,15,complete,5.098932137091954,0.517310184376913
TinyImageNet_ConvNet_barlowtwins_ours_size5_lbl1,TinyImageNet,ConvNet,ours,barlowtwins,5,1,500,200,15,15,complete,3.0199999238053956,0.27409589305910304
TinyImageNet_ConvNet_barlowtwins_ours_size5_lbl5,TinyImageNet,ConvNet,ours,barlowtwins,5,5,500,100,15,15,complete,6.363999868432681,0.4525925833025936
CIFAR10_VGG11_simclr_ours_size1_lbl1,CIFAR10,VGG11,ours,simclr,1,1,1200,200,15,15,complete,27.606666088104248,0.8438994665689808
CIFAR10_VGG11_simclr_ours_size1_lbl5,CIFAR10,VGG11,ours,simclr,1,5,1200,100,15,15,complete,31.095999081929524,0.796831278901411
CIFAR100_VGG11_simclr_ours_size1_lbl1,CIFAR100,VGG11,ours,simclr,1,1,1200,200,15,15,complete,4.283999850352605,0.39883400334614566
CIFAR100_VGG11_simclr_ours_size1_lbl5,CIFAR100,VGG11,ours,simclr,1,5,1200,100,15,15,complete,7.153333177169164,0.3501768763615106
Aircraft_VGG11_simclr_ours_size1_lbl1,Aircraft,VGG11,ours,simclr,1,1,1200,200,15,15,complete,1.8821881401042144,0.32123965705129426
Aircraft_VGG11_simclr_ours_size1_lbl5,Aircraft,VGG11,ours,simclr,1,5,1200,100,15,15,complete,2.5642563154300055,0.40330908620194283
CUB2011_VGG11_simclr_ours_size1_lbl1,CUB2011,VGG11,ours,simclr,1,1,1200,200,15,15,complete,0.8123346045613289,0.1419440563907187
CUB2011_VGG11_simclr_ours_size1_lbl5,CUB2011,VGG11,ours,simclr,1,5,1200,100,15,15,complete,0.9814750775694847,0.18667195802654374
Dogs_VGG11_simclr_ours_size1_lbl1,Dogs,VGG11,ours,simclr,1,1,1200,200,15,15,complete,1.3317793359359105,0.13573866084545752
Dogs_VGG11_simclr_ours_size1_lbl5,Dogs,VGG11,ours,simclr,1,5,1200,100,15,15,complete,1.8383838360508282,0.17462893444483507
Flowers_VGG11_simclr_ours_size1_lbl1,Flowers,VGG11,ours,simclr,1,1,1200,200,15,15,complete,1.3714967481791973,0.48814229247955726
Flowers_VGG11_simclr_ours_size1_lbl5,Flowers,VGG11,ours,simclr,1,5,1200,100,15,15,complete,2.239930648356676,0.41446083054590527
TinyImageNet_VGG11_simclr_ours_size1_lbl1,TinyImageNet,VGG11,ours,simclr,1,1,1200,200,15,15,complete,1.4073333020011585,0.14626132743921508
TinyImageNet_VGG11_simclr_ours_size1_lbl5,TinyImageNet,VGG11,ours,simclr,1,5,1200,100,15,15,complete,2.2813332825899124,0.16910971895672713
CIFAR10_VGG11_simclr_ours_size2_lbl1,CIFAR10,VGG11,ours,simclr,2,1,800,200,15,15,complete,27.397999167442322,1.1961141462970324
CIFAR10_VGG11_simclr_ours_size2_lbl5,CIFAR10,VGG11,ours,simclr,2,5,800,100,15,15,complete,30.899332761764526,0.670516423617092
CIFAR100_VGG11_simclr_ours_size2_lbl1,CIFAR100,VGG11,ours,simclr,2,1,800,200,15,15,complete,4.317333251237869,0.33106896857045404
CIFAR100_VGG11_simclr_ours_size2_lbl5,CIFAR100,VGG11,ours,simclr,2,5,800,100,15,15,complete,7.138666411240895,0.3813672036146554
Aircraft_VGG11_simclr_ours_size2_lbl1,Aircraft,VGG11,ours,simclr,2,1,800,200,15,15,complete,1.958195734769106,0.2881061804636322
Aircraft_VGG11_simclr_ours_size2_lbl5,Aircraft,VGG11,ours,simclr,2,5,800,100,15,15,complete,2.348234703143438,0.38043633936534554
CUB2011_VGG11_simclr_ours_size2_lbl1,CUB2011,VGG11,ours,simclr,2,1,800,200,15,15,complete,0.7962259805450836,0.16616907930534616
CUB2011_VGG11_simclr_ours_size2_lbl5,CUB2011,VGG11,ours,simclr,2,5,800,100,15,15,complete,1.0102404685070117,0.2136708896862195
Dogs_VGG11_simclr_ours_size2_lbl1,Dogs,VGG11,ours,simclr,2,1,800,200,15,15,complete,1.356643345206976,0.1590630064404607
Dogs_VGG11_simclr_ours_size2_lbl5,Dogs,VGG11,ours,simclr,2,5,800,100,15,15,complete,1.8725718433658283,0.2359823084287233
Flowers_VGG11_simclr_ours_size2_lbl1,Flowers,VGG11,ours,simclr,2,1,800,200,15,15,complete,1.387759546438853,0.41039332136983936
Flowers_VGG11_simclr_ours_size2_lbl5,Flowers,VGG11,ours,simclr,2,5,800,100,15,15,complete,2.1217542390028634,0.38733716719817524
TinyImageNet_VGG11_simclr_ours_size2_lbl1,TinyImageNet,VGG11,ours,simclr,2,1,800,200,15,15,complete,1.3919999760886033,0.08768448363201975
TinyImageNet_VGG11_simclr_ours_size2_lbl5,TinyImageNet,VGG11,ours,simclr,2,5,800,100,15,15,complete,2.2366666048765182,0.1875277887218208
CIFAR10_VGG11_simclr_ours_size5_lbl1,CIFAR10,VGG11,ours,simclr,5,1,500,200,15,15,complete,29.210665822029114,0.9799745960154225
CIFAR10_VGG11_simclr_ours_size5_lbl5,CIFAR10,VGG11,ours,simclr,5,5,500,100,15,15,complete,32.84799933433533,0.9259916207043288
CIFAR100_VGG11_simclr_ours_size5_lbl1,CIFAR100,VGG11,ours,simclr,5,1,500,200,15,15,complete,4.773999899625778,0.30714813089665294
CIFAR100_VGG11_simclr_ours_size5_lbl5,CIFAR100,VGG11,ours,simclr,5,5,500,100,15,15,complete,7.998666514952977,0.5030033247523203
Aircraft_VGG11_simclr_ours_size5_lbl1,Aircraft,VGG11,ours,simclr,5,1,500,200,15,15,complete,1.852185142536958,0.17982739843835374
Aircraft_VGG11_simclr_ours_size5_lbl5,Aircraft,VGG11,ours,simclr,5,5,500,100,15,15,complete,2.3882387578487396,0.36017884626428986
CUB2011_VGG11_simclr_ours_size5_lbl1,CUB2011,VGG11,ours,simclr,5,1,500,200,15,15,complete,0.9262455347925425,0.19358793370660407
CUB2011_VGG11_simclr_ours_size5_lbl5,CUB2011,VGG11,ours,simclr,5,5,500,100,15,15,complete,1.135657566289107,0.14633317487354713
Dogs_VGG11_simclr_ours_size5_lbl1,Dogs,VGG11,ours,simclr,5,1,500,200,15,15,complete,1.3193473157783349,0.13312102369212445
Dogs_VGG11_simclr_ours_size5_lbl5,Dogs,VGG11,ours,simclr,5,5,500,100,15,15,complete,1.8523698548475902,0.20939515768661204
Flowers_VGG11_simclr_ours_size5_lbl1,Flowers,VGG11,ours,simclr,5,1,500,200,15,15,complete,1.4614842770000298,0.4470631268080983
Flowers_VGG11_simclr_ours_size5_lbl5,Flowers,VGG11,ours,simclr,5,5,500,100,15,15,complete,2.0686290909846625,0.392729611592644
TinyImageNet_VGG11_simclr_ours_size5_lbl1,TinyImageNet,VGG11,ours,simclr,5,1,500,200,15,15,complete,1.5099999743203323,0.13809935757181271
TinyImageNet_VGG11_simclr_ours_size5_lbl5,TinyImageNet,VGG11,ours,simclr,5,5,500,100,15,15,complete,2.4926665922005973,0.216348470812848
CIFAR10_VGG11_barlowtwins_ours_size1_lbl1,CIFAR10,VGG11,ours,barlowtwins,1,1,1200,200,15,15,complete,13.337999532620112,2.052939357367562
CIFAR10_VGG11_barlowtwins_ours_size1_lbl5,CIFAR10,VGG11,ours,barlowtwins,1,5,1200,100,15,15,complete,13.687333017587662,1.6007743077744296
CIFAR100_VGG11_barlowtwins_ours_size1_lbl1,CIFAR100,VGG11,ours,barlowtwins,1,1,1200,200,15,15,complete,1.2406666328509648,0.35013193636839546
CIFAR100_VGG11_barlowtwins_ours_size1_lbl5,CIFAR100,VGG11,ours,barlowtwins,1,5,1200,100,15,15,complete,1.77066662038366,0.5118798288634736
Aircraft_VGG11_barlowtwins_ours_size1_lbl1,Aircraft,VGG11,ours,barlowtwins,1,1,1200,200,15,15,complete,1.2681267845133941,0.2611828765780928
Aircraft_VGG11_barlowtwins_ours_size1_lbl5,Aircraft,VGG11,ours,barlowtwins,1,5,1200,100,15,15,complete,1.0181017902990182,0.054934007022089115
CUB2011_VGG11_barlowtwins_ours_size1_lbl1,CUB2011,VGG11,ours,barlowtwins,1,1,1200,200,15,15,complete,0.6949718110263348,0.1690381406123428
CUB2011_VGG11_barlowtwins_ours_size1_lbl5,CUB2011,VGG11,ours,barlowtwins,1,5,1200,100,15,15,complete,0.5051202482233444,0.03291990964514223
Dogs_VGG11_barlowtwins_ours_size1_lbl1,Dogs,VGG11,ours,barlowtwins,1,1,1200,200,15,15,complete,0.9976689890027046,0.16957369940492534
Dogs_VGG11_barlowtwins_ours_size1_lbl5,Dogs,VGG11,ours,barlowtwins,1,5,1200,100,15,15,complete,0.8212898143877586,0.210338320421976
Flowers_VGG11_barlowtwins_ours_size1_lbl1,Flowers,VGG11,ours,barlowtwins,1,1,1200,200,15,15,complete,1.3118664470190804,0.6778368715121736
Flowers_VGG11_barlowtwins_ours_size1_lbl5,Flowers,VGG11,ours,barlowtwins,1,5,1200,100,15,15,complete,1.1221336899325252,0.5078803766595972
TinyImageNet_VGG11_barlowtwins_ours_size1_lbl1,TinyImageNet,VGG11,ours,barlowtwins,1,1,1200,200,15,15,complete,0.6619999868174394,0.12131423346302049
TinyImageNet_VGG11_barlowtwins_ours_size1_lbl5,TinyImageNet,VGG11,ours,barlowtwins,1,5,1200,100,15,15,complete,0.6359999906271696,0.18137569292540023
CIFAR10_VGG11_barlowtwins_ours_size2_lbl1,CIFAR10,VGG11,ours,barlowtwins,2,1,800,200,15,15,complete,15.806666165590286,2.339110469651962
CIFAR10_VGG11_barlowtwins_ours_size2_lbl5,CIFAR10,VGG11,ours,barlowtwins,2,5,800,100,15,15,complete,16.029332826534908,2.415365795309392
CIFAR100_VGG11_barlowtwins_ours_size2_lbl1,CIFAR100,VGG11,ours,barlowtwins,2,1,800,200,15,15,complete,1.61333329975605,0.5427662728134066
CIFAR100_VGG11_barlowtwins_ours_size2_lbl5,CIFAR100,VGG11,ours,barlowtwins,2,5,800,100,15,15,complete,1.9419999482731025,0.539579170389048
Aircraft_VGG11_barlowtwins_ours_size2_lbl1,Aircraft,VGG11,ours,barlowtwins,2,1,800,200,15,15,complete,1.4721471381684144,0.27462324798399557
Aircraft_VGG11_barlowtwins_ours_size2_lbl5,Aircraft,VGG11,ours,barlowtwins,2,5,800,100,15,15,complete,1.0221021994948387,0.06259333725497773
CUB2011_VGG11_barlowtwins_ours_size2_lbl1,CUB2011,VGG11,ours,barlowtwins,2,1,800,200,15,15,complete,0.6696582678705454,0.17274020967594803
CUB2011_VGG11_barlowtwins_ours_size2_lbl5,CUB2011,VGG11,ours,barlowtwins,2,5,800,100,15,15,complete,0.5304337851703167,0.05923954432272791
Dogs_VGG11_barlowtwins_ours_size2_lbl1,Dogs,VGG11,ours,barlowtwins,2,1,800,200,15,15,complete,1.0077700018882751,0.19670336022419346
Dogs_VGG11_barlowtwins_ours_size2_lbl5,Dogs,VGG11,ours,barlowtwins,2,5,800,100,15,15,complete,0.8166278153657913,0.25710811163455777
Flowers_VGG11_barlowtwins_ours_size2_lbl1,Flowers,VGG11,ours,barlowtwins,2,1,800,200,15,15,complete,1.2175421665112178,0.7286926843067536
Flowers_VGG11_barlowtwins_ours_size2_lbl5,Flowers,VGG11,ours,barlowtwins,2,5,800,100,15,15,complete,1.6533853920797508,0.69563511244013
TinyImageNet_VGG11_barlowtwins_ours_size2_lbl1,TinyImageNet,VGG11,ours,barlowtwins,2,1,800,200,15,15,complete,0.7593333224455515,0.18549033260564068
TinyImageNet_VGG11_barlowtwins_ours_size2_lbl5,TinyImageNet,VGG11,ours,barlowtwins,2,5,800,100,15,15,complete,0.7319999796648821,0.23860307070862669
CIFAR10_VGG11_barlowtwins_ours_size5_lbl1,CIFAR10,VGG11,ours,barlowtwins,5,1,500,200,15,15,complete,16.22333288192749,2.340523980260336
CIFAR10_VGG11_barlowtwins_ours_size5_lbl5,CIFAR10,VGG11,ours,barlowtwins,5,5,500,100,15,15,complete,16.775999466578167,2.5106282987815716
CIFAR100_VGG11_barlowtwins_ours_size5_lbl1,CIFAR100,VGG11,ours,barlowtwins,5,1,500,200,15,15,complete,1.8999999575316906,0.5859180659233819
CIFAR100_VGG11_barlowtwins_ours_size5_lbl5,CIFAR100,VGG11,ours,barlowtwins,5,5,500,100,15,15,complete,1.7146666410068672,0.4326969658654386
Aircraft_VGG11_barlowtwins_ours_size5_lbl1,Aircraft,VGG11,ours,barlowtwins,5,1,500,200,15,15,complete,1.3401339575648308,0.241004228108453
Aircraft_VGG11_barlowtwins_ours_size5_lbl5,Aircraft,VGG11,ours,barlowtwins,5,5,500,100,15,15,complete,1.0141014059384663,0.02324022232638532
CUB2011_VGG11_barlowtwins_ours_size5_lbl1,CUB2011,VGG11,ours,barlowtwins,5,1,500,200,15,15,complete,0.7214359659701586,0.15426098047986775
CUB2011_VGG11_barlowtwins_ours_size5_lbl5,CUB2011,VGG11,ours,barlowtwins,5,5,500,100,15,15,complete,0.5453917911897103,0.07795366859073267
Dogs_VGG11_barlowtwins_ours_size5_lbl1,Dogs,VGG11,ours,barlowtwins,5,1,500,200,15,15,complete,0.9860139898955822,0.1181048391418875
Dogs_VGG11_barlowtwins_ours_size5_lbl5,Dogs,VGG11,ours,barlowtwins,5,5,500,100,15,15,complete,0.8710178732872009,0.29232168936739383
Flowers_VGG11_barlowtwins_ours_size5_lbl1,Flowers,VGG11,ours,barlowtwins,5,1,500,200,15,15,complete,1.3227083114907146,0.4676659727290696
Flowers_VGG11_barlowtwins_ours_size5_lbl5,Flowers,VGG11,ours,barlowtwins,5,5,500,100,15,15,complete,1.4701577834784985,0.5954370776521923
TinyImageNet_VGG11_barlowtwins_ours_size5_lbl1,TinyImageNet,VGG11,ours,barlowtwins,5,1,500,200,15,15,complete,0.713333310559392,0.11374574165764362
TinyImageNet_VGG11_barlowtwins_ours_size5_lbl5,TinyImageNet,VGG11,ours,barlowtwins,5,5,500,100,15,15,complete,0.6726666477819284,0.1533654206837909
CIFAR10_ResNet18_simclr_ours_size1_lbl1,CIFAR10,ResNet18,ours,simclr,1,1,1200,200,15,15,complete,30.520665446917217,0.9682638849589535
CIFAR10_ResNet18_simclr_ours_size1_lbl5,CIFAR10,ResNet18,ours,simclr,1,5,1200,100,15,15,complete,35.722665985425316,0.5572054276119698
CIFAR100_ResNet18_simclr_ours_size1_lbl1,CIFAR100,ResNet18,ours,simclr,1,1,1200,200,15,15,complete,5.611333201328914,0.4555822601758825
CIFAR100_ResNet18_simclr_ours_size1_lbl5,CIFAR100,ResNet18,ours,simclr,1,5,1200,100,15,15,complete,8.919999798138937,0.4062898654242179
Aircraft_ResNet18_simclr_ours_size1_lbl1,Aircraft,ResNet18,ours,simclr,1,1,1200,200,15,15,complete,2.3302329455812774,0.35038178227302275
Aircraft_ResNet18_simclr_ours_size1_lbl5,Aircraft,ResNet18,ours,simclr,1,5,1200,100,15,15,complete,2.7862785384058952,0.41369755600409935
CUB2011_ResNet18_simclr_ours_size1_lbl1,CUB2011,ResNet18,ours,simclr,1,1,1200,200,15,15,complete,0.9066850785166025,0.13989057197877647
CUB2011_ResNet18_simclr_ours_size1_lbl5,CUB2011,ResNet18,ours,simclr,1,5,1200,100,15,15,complete,1.0666206416984398,0.23774108114252063
Dogs_ResNet18_simclr_ours_size1_lbl1,Dogs,ResNet18,ours,simclr,1,1,1200,200,15,15,complete,1.5073815112312634,0.14373765280757583
Dogs_ResNet18_simclr_ours_size1_lbl5,Dogs,ResNet18,ours,simclr,1,5,1200,100,15,15,complete,1.986790969967842,0.23003590850070513
Flowers_ResNet18_simclr_ours_size1_lbl1,Flowers,ResNet18,ours,simclr,1,1,1200,200,15,15,complete,1.7878246121108532,0.4773335571586725
Flowers_ResNet18_simclr_ours_size1_lbl5,Flowers,ResNet18,ours,simclr,1,5,1200,100,15,15,complete,2.8275601069132485,0.3381763250435565
TinyImageNet_ResNet18_simclr_ours_size1_lbl1,TinyImageNet,ResNet18,ours,simclr,1,1,1200,200,15,15,complete,1.8313332709173362,0.20777275785729687
TinyImageNet_ResNet18_simclr_ours_size1_lbl5,TinyImageNet,ResNet18,ours,simclr,1,5,1200,100,15,15,complete,3.045333276192347,0.12866717345542375
CIFAR10_ResNet18_simclr_ours_size2_lbl1,CIFAR10,ResNet18,ours,simclr,2,1,800,200,15,15,complete,32.75866587956747,0.5995811281716497
CIFAR10_ResNet18_simclr_ours_size2_lbl5,CIFAR10,ResNet18,ours,simclr,2,5,800,100,15,15,complete,37.81999886035919,0.6516464882356413
CIFAR100_ResNet18_simclr_ours_size2_lbl1,CIFAR100,ResNet18,ours,simclr,2,1,800,200,15,15,complete,6.0073331991831465,0.5101604855074974
CIFAR100_ResNet18_simclr_ours_size2_lbl5,CIFAR100,ResNet18,ours,simclr,2,5,800,100,15,15,complete,9.643999735514322,0.5043495810008082
Aircraft_ResNet18_simclr_ours_size2_lbl1,Aircraft,ResNet18,ours,simclr,2,1,800,200,15,15,complete,2.2662265226244926,0.3090801403583447
Aircraft_ResNet18_simclr_ours_size2_lbl5,Aircraft,ResNet18,ours,simclr,2,5,800,100,15,15,complete,2.7522751316428185,0.4275471180134602
CUB2011_ResNet18_simclr_ours_size2_lbl1,CUB2011,ResNet18,ours,simclr,2,1,800,200,15,15,complete,0.9043838394184908,0.1791020439663041
CUB2011_ResNet18_simclr_ours_size2_lbl5,CUB2011,ResNet18,ours,simclr,2,5,800,100,15,15,complete,1.1402600320676963,0.22212713939420514
Dogs_ResNet18_simclr_ours_size2_lbl1,Dogs,ResNet18,ours,simclr,2,1,800,200,15,15,complete,1.5283605207999547,0.19871547341318874
Dogs_ResNet18_simclr_ours_size2_lbl5,Dogs,ResNet18,ours,simclr,2,5,800,100,15,15,complete,1.9930069769422214,0.24384175265857114
Flowers_ResNet18_simclr_ours_size2_lbl1,Flowers,ResNet18,ours,simclr,2,1,800,200,15,15,complete,1.778066921979189,0.5117587949299511
Flowers_ResNet18_simclr_ours_size2_lbl5,Flowers,ResNet18,ours,simclr,2,5,800,100,15,15,complete,2.5272402415672937,0.26763489232939713
TinyImageNet_ResNet18_simclr_ours_size2_lbl1,TinyImageNet,ResNet18,ours,simclr,2,1,800,200,15,15,complete,1.9119999681909878,0.11809195822738287
TinyImageNet_ResNet18_simclr_ours_size2_lbl5,TinyImageNet,ResNet18,ours,simclr,2,5,800,100,15,15,complete,3.2746666173140206,0.18153578223400627
CIFAR10_ResNet18_simclr_ours_size5_lbl1,CIFAR10,ResNet18,ours,simclr,5,1,500,200,15,15,complete,35.761332313219704,1.0502919462442322
CIFAR10_ResNet18_simclr_ours_size5_lbl5,CIFAR10,ResNet18,ours,simclr,5,5,500,100,15,15,complete,41.017999053001404,0.7405042244099326
CIFAR100_ResNet18_simclr_ours_size5_lbl1,CIFAR100,ResNet18,ours,simclr,5,1,500,200,15,15,complete,6.573999846975009,0.5186768353658989
CIFAR100_ResNet18_simclr_ours_size5_lbl5,CIFAR100,ResNet18,ours,simclr,5,5,500,100,15,15,complete,10.739333083232244,0.4836095284238699
Aircraft_ResNet18_simclr_ours_size5_lbl1,Aircraft,ResNet18,ours,simclr,5,1,500,200,15,15,complete,2.120211931566397,0.27977276194160317
Aircraft_ResNet18_simclr_ours_size5_lbl5,Aircraft,ResNet18,ours,simclr,5,5,500,100,15,15,complete,2.790278928975264,0.37525174636961156
CUB2011_ResNet18_simclr_ours_size5_lbl1,CUB2011,ResNet18,ours,simclr,5,1,500,200,15,15,complete,0.9734207888444265,0.15748247611472055
CUB2011_ResNet18_simclr_ours_size5_lbl5,CUB2011,ResNet18,ours,simclr,5,5,500,100,15,15,complete,1.2737314403057098,0.216670413530052
Dogs_ResNet18_simclr_ours_size5_lbl1,Dogs,ResNet18,ours,simclr,5,1,500,200,15,15,complete,1.566433571279049,0.1337463938128024
Dogs_ResNet18_simclr_ours_size5_lbl5,Dogs,ResNet18,ours,simclr,5,5,500,100,15,15,complete,2.184926184515158,0.1524642285157275
Flowers_ResNet18_simclr_ours_size5_lbl1,Flowers,ResNet18,ours,simclr,5,1,500,200,15,15,complete,1.812760941684246,0.3629645290524561
Flowers_ResNet18_simclr_ours_size5_lbl5,Flowers,ResNet18,ours,simclr,5,5,500,100,15,15,complete,2.9012848188479743,0.37261758462495276
TinyImageNet_ResNet18_simclr_ours_size5_lbl1,TinyImageNet,ResNet18,ours,simclr,5,1,500,200,15,15,complete,2.1846665938695273,0.19160474393511323
TinyImageNet_ResNet18_simclr_ours_size5_lbl5,TinyImageNet,ResNet18,ours,simclr,5,5,500,100,15,15,complete,3.809999922911326,0.23886636889782253
CIFAR10_ResNet18_barlowtwins_ours_size1_lbl1,CIFAR10,ResNet18,ours,barlowtwins,1,1,1200,200,15,15,complete,24.740665952364605,1.671852832278124
CIFAR10_ResNet18_barlowtwins_ours_size1_lbl5,CIFAR10,ResNet18,ours,barlowtwins,1,5,1200,100,15,15,complete,28.724665641784668,1.5592346520864606
CIFAR100_ResNet18_barlowtwins_ours_size1_lbl1,CIFAR100,ResNet18,ours,barlowtwins,1,1,1200,200,15,15,complete,4.041333273053169,0.40790166677150774
CIFAR100_ResNet18_barlowtwins_ours_size1_lbl5,CIFAR100,ResNet18,ours,barlowtwins,1,5,1200,100,15,15,complete,6.2353331844011946,0.6016983918514329
Aircraft_ResNet18_barlowtwins_ours_size1_lbl1,Aircraft,ResNet18,ours,barlowtwins,1,1,1200,200,15,15,complete,2.0342033728957176,0.2842265239866567
Aircraft_ResNet18_barlowtwins_ours_size1_lbl5,Aircraft,ResNet18,ours,barlowtwins,1,5,1200,100,15,15,complete,2.0262025545040765,0.3418737366305643
CUB2011_ResNet18_barlowtwins_ours_size1_lbl1,CUB2011,ResNet18,ours,barlowtwins,1,1,1200,200,15,15,complete,0.7847198254118363,0.13712546881230267
CUB2011_ResNet18_barlowtwins_ours_size1_lbl5,CUB2011,ResNet18,ours,barlowtwins,1,5,1200,100,15,15,complete,0.8503049022207657,0.1735103907858148
Dogs_ResNet18_barlowtwins_ours_size1_lbl1,Dogs,ResNet18,ours,barlowtwins,1,1,1200,200,15,15,complete,1.323232315480709,0.1407499243936113
Dogs_ResNet18_barlowtwins_ours_size1_lbl5,Dogs,ResNet18,ours,barlowtwins,1,5,1200,100,15,15,complete,1.5881895770629246,0.23411643756831393
Flowers_ResNet18_barlowtwins_ours_size1_lbl1,Flowers,ResNet18,ours,barlowtwins,1,1,1200,200,15,15,complete,1.4289586494366329,0.2735735493199685
Flowers_ResNet18_barlowtwins_ours_size1_lbl5,Flowers,ResNet18,ours,barlowtwins,1,5,1200,100,15,15,complete,2.244267389178276,0.33840708326385494
TinyImageNet_ResNet18_barlowtwins_ours_size1_lbl1,TinyImageNet,ResNet18,ours,barlowtwins,1,1,1200,200,15,15,complete,1.3466666266322136,0.2101926488924746
TinyImageNet_ResNet18_barlowtwins_ours_size1_lbl5,TinyImageNet,ResNet18,ours,barlowtwins,1,5,1200,100,15,15,complete,2.0039999609192214,0.23005588217320325
CIFAR10_ResNet18_barlowtwins_ours_size2_lbl1,CIFAR10,ResNet18,ours,barlowtwins,2,1,800,200,15,15,complete,25.961332718531292,3.7334010963120696
CIFAR10_ResNet18_barlowtwins_ours_size2_lbl5,CIFAR10,ResNet18,ours,barlowtwins,2,5,800,100,15,15,complete,29.837332765261333,3.8531067618167327
CIFAR100_ResNet18_barlowtwins_ours_size2_lbl1,CIFAR100,ResNet18,ours,barlowtwins,2,1,800,200,15,15,complete,4.305333246787389,0.9288923375138362
CIFAR100_ResNet18_barlowtwins_ours_size2_lbl5,CIFAR100,ResNet18,ours,barlowtwins,2,5,800,100,15,15,complete,6.555999840299289,1.3251242466665898
Aircraft_ResNet18_barlowtwins_ours_size2_lbl1,Aircraft,ResNet18,ours,barlowtwins,2,1,800,200,15,15,complete,1.9901989524563153,0.25068132830552126
Aircraft_ResNet18_barlowtwins_ours_size2_lbl5,Aircraft,ResNet18,ours,barlowtwins,2,5,800,100,15,15,complete,2.0482047523061433,0.32659923816658604
CUB2011_ResNet18_barlowtwins_ours_size2_lbl1,CUB2011,ResNet18,ours,barlowtwins,2,1,800,200,15,15,complete,0.8491543028503656,0.2277770570339637
CUB2011_ResNet18_barlowtwins_ours_size2_lbl5,CUB2011,ResNet18,ours,barlowtwins,2,5,800,100,15,15,complete,0.8410999830812216,0.15971841527363992
Dogs_ResNet18_barlowtwins_ours_size2_lbl1,Dogs,ResNet18,ours,barlowtwins,2,1,800,200,15,15,complete,1.380730364471674,0.21019989357219848
Dogs_ResNet18_barlowtwins_ours_size2_lbl5,Dogs,ResNet18,ours,barlowtwins,2,5,800,100,15,15,complete,1.6674436690906684,0.32907807493467994
Flowers_ResNet18_barlowtwins_ours_size2_lbl1,Flowers,ResNet18,ours,barlowtwins,2,1,800,200,15,15,complete,1.6262807262440522,0.43801887666345307
Flowers_ResNet18_barlowtwins_ours_size2_lbl5,Flowers,ResNet18,ours,barlowtwins,2,5,800,100,15,15,complete,2.3125711642205715,0.647257357653097
TinyImageNet_ResNet18_barlowtwins_ours_size2_lbl1,TinyImageNet,ResNet18,ours,barlowtwins,2,1,800,200,15,15,complete,1.4266666273276012,0.2802974486348958
TinyImageNet_ResNet18_barlowtwins_ours_size2_lbl5,TinyImageNet,ResNet18,ours,barlowtwins,2,5,800,100,15,15,complete,2.2733332589268684,0.4022910462845971
CIFAR10_ResNet18_barlowtwins_ours_size5_lbl1,CIFAR10,ResNet18,ours,barlowtwins,5,1,500,200,15,15,complete,29.379332562287647,2.5724125681040784
CIFAR10_ResNet18_barlowtwins_ours_size5_lbl5,CIFAR10,ResNet18,ours,barlowtwins,5,5,500,100,15,15,complete,33.461331923802696,3.126894469529643
CIFAR100_ResNet18_barlowtwins_ours_size5_lbl1,CIFAR100,ResNet18,ours,barlowtwins,5,1,500,200,15,15,complete,5.143999842305978,0.8407292288725472
CIFAR100_ResNet18_barlowtwins_ours_size5_lbl5,CIFAR100,ResNet18,ours,barlowtwins,5,5,500,100,15,15,complete,7.833999892075856,1.2030009459882605
Aircraft_ResNet18_barlowtwins_ours_size5_lbl1,Aircraft,ResNet18,ours,barlowtwins,5,1,500,200,15,15,complete,2.0282027622063956,0.23289970496948617
Aircraft_ResNet18_barlowtwins_ours_size5_lbl5,Aircraft,ResNet18,ours,barlowtwins,5,5,500,100,15,15,complete,2.1822181344032288,0.3932350004344158
CUB2011_ResNet18_barlowtwins_ours_size5_lbl1,CUB2011,ResNet18,ours,barlowtwins,5,1,500,200,15,15,complete,0.9849269315600395,0.23596838351774208
CUB2011_ResNet18_barlowtwins_ours_size5_lbl5,CUB2011,ResNet18,ours,barlowtwins,5,5,500,100,15,15,complete,1.003336776047945,0.23717357526923855
Dogs_ResNet18_barlowtwins_ours_size5_lbl1,Dogs,ResNet18,ours,barlowtwins,5,1,500,200,15,15,complete,1.4483294449746609,0.16926827009257028
Dogs_ResNet18_barlowtwins_ours_size5_lbl5,Dogs,ResNet18,ours,barlowtwins,5,5,500,100,15,15,complete,1.7754467763006687,0.2742792186909893
Flowers_ResNet18_barlowtwins_ours_size5_lbl1,Flowers,ResNet18,ours,barlowtwins,5,1,500,200,15,15,complete,1.6544695819417636,0.4224068526748448
Flowers_ResNet18_barlowtwins_ours_size5_lbl5,Flowers,ResNet18,ours,barlowtwins,5,5,500,100,15,15,complete,2.9750094935297966,0.4943261363163801
TinyImageNet_ResNet18_barlowtwins_ours_size5_lbl1,TinyImageNet,ResNet18,ours,barlowtwins,5,1,500,200,15,15,complete,1.7259999550879002,0.29269194091352324
TinyImageNet_ResNet18_barlowtwins_ours_size5_lbl5,TinyImageNet,ResNet18,ours,barlowtwins,5,5,500,100,15,15,complete,2.83799992253383,0.3899670151002102
