2026-10-09T16:31:43Z	1421578	aip-boyuwang	/scratch/mmoslem3/MKDT/benchmarks/tinyimagenet/prepare.sh
2026-10-09T16:31:43Z	1421579	aip-boyuwang	benchmarks/tinyimagenet/jobs/ConvNet_none_no_pretrain_size0_lbl1.sh
2026-10-09T16:31:43Z	1421580	aip-boyuwang	benchmarks/tinyimagenet/jobs/ConvNet_simclr_random_size1_lbl1.sh
2026-10-09T16:31:43Z	1421581	aip-boyuwang	benchmarks/tinyimagenet/jobs/ConvNet_simclr_random_size2_lbl1.sh
2026-10-09T16:31:43Z	1421582	aip-boyuwang	benchmarks/tinyimagenet/jobs/ConvNet_simclr_random_size5_lbl1.sh
2026-10-09T16:31:43Z	1421583	aip-yiweilu	benchmarks/tinyimagenet/jobs/ConvNet_simclr_kmeans_size1_lbl1.sh
2026-10-09T16:31:43Z	1421584	aip-boyuwang	benchmarks/tinyimagenet/jobs/ConvNet_simclr_kmeans_size2_lbl1.sh
2026-10-09T16:31:43Z	1421585	aip-boyuwang	benchmarks/tinyimagenet/jobs/ConvNet_simclr_kmeans_size5_lbl1.sh
2026-10-09T16:31:44Z	1421586	aip-boyuwang	benchmarks/tinyimagenet/jobs/ConvNet_simclr_full_size100_lbl1.sh
2026-10-09T16:31:44Z	1421587	aip-boyuwang	benchmarks/tinyimagenet/jobs/ConvNet_barlowtwins_random_size1_lbl1.sh
2026-10-09T16:31:44Z	1421588	aip-yiweilu	benchmarks/tinyimagenet/jobs/ConvNet_barlowtwins_random_size2_lbl1.sh
2026-10-09T16:31:44Z	1421589	aip-boyuwang	benchmarks/tinyimagenet/jobs/ConvNet_barlowtwins_random_size5_lbl1.sh
2026-10-09T16:31:44Z	1421590	aip-boyuwang	benchmarks/tinyimagenet/jobs/ConvNet_barlowtwins_kmeans_size1_lbl1.sh
2026-10-09T16:31:44Z	1421591	aip-boyuwang	benchmarks/tinyimagenet/jobs/ConvNet_barlowtwins_kmeans_size2_lbl1.sh
2026-10-09T16:31:44Z	1421592	aip-boyuwang	benchmarks/tinyimagenet/jobs/ConvNet_barlowtwins_kmeans_size5_lbl1.sh
2026-10-09T16:31:44Z	1421593	aip-yiweilu	benchmarks/tinyimagenet/jobs/ConvNet_barlowtwins_full_size100_lbl1.sh
2026-10-09T16:31:44Z	1421594	aip-boyuwang	benchmarks/tinyimagenet/jobs/ConvNet_none_no_pretrain_size0_lbl5.sh
2026-10-09T16:31:44Z	1421595	aip-boyuwang	benchmarks/tinyimagenet/jobs/ConvNet_simclr_random_size1_lbl5.sh
2026-10-09T16:31:44Z	1421596	aip-boyuwang	benchmarks/tinyimagenet/jobs/ConvNet_simclr_random_size2_lbl5.sh
2026-10-09T16:31:44Z	1421597	aip-boyuwang	benchmarks/tinyimagenet/jobs/ConvNet_simclr_random_size5_lbl5.sh
2026-10-09T16:31:44Z	1421598	aip-yiweilu	benchmarks/tinyimagenet/jobs/ConvNet_simclr_kmeans_size1_lbl5.sh
2026-10-09T16:31:44Z	1421599	aip-boyuwang	benchmarks/tinyimagenet/jobs/ConvNet_simclr_kmeans_size2_lbl5.sh
2026-10-09T16:31:44Z	1421600	aip-boyuwang	benchmarks/tinyimagenet/jobs/ConvNet_simclr_kmeans_size5_lbl5.sh
2026-10-09T16:31:44Z	1421601	aip-boyuwang	benchmarks/tinyimagenet/jobs/ConvNet_simclr_full_size100_lbl5.sh
2026-10-09T16:31:44Z	1421602	aip-boyuwang	benchmarks/tinyimagenet/jobs/ConvNet_barlowtwins_random_size1_lbl5.sh
2026-10-09T16:31:44Z	1421603	aip-yiweilu	benchmarks/tinyimagenet/jobs/ConvNet_barlowtwins_random_size2_lbl5.sh
2026-10-09T16:31:44Z	1421604	aip-boyuwang	benchmarks/tinyimagenet/jobs/ConvNet_barlowtwins_random_size5_lbl5.sh
2026-10-09T16:31:44Z	1421605	aip-boyuwang	benchmarks/tinyimagenet/jobs/ConvNet_barlowtwins_kmeans_size1_lbl5.sh
2026-10-09T16:31:44Z	1421606	aip-boyuwang	benchmarks/tinyimagenet/jobs/ConvNet_barlowtwins_kmeans_size2_lbl5.sh
2026-10-09T16:31:44Z	1421607	aip-boyuwang	benchmarks/tinyimagenet/jobs/ConvNet_barlowtwins_kmeans_size5_lbl5.sh
2026-10-09T16:31:44Z	1421608	aip-yiweilu	benchmarks/tinyimagenet/jobs/ConvNet_barlowtwins_full_size100_lbl5.sh
2026-10-09T16:31:44Z	1421609	aip-boyuwang	benchmarks/tinyimagenet/jobs/VGG11_none_no_pretrain_size0_lbl1.sh
2026-10-09T16:31:44Z	1421610	aip-boyuwang	benchmarks/tinyimagenet/jobs/VGG11_simclr_random_size1_lbl1.sh
2026-10-09T16:31:44Z	1421611	aip-boyuwang	benchmarks/tinyimagenet/jobs/VGG11_simclr_random_size2_lbl1.sh
2026-10-09T16:31:44Z	1421612	aip-boyuwang	benchmarks/tinyimagenet/jobs/VGG11_simclr_random_size5_lbl1.sh
2026-10-09T16:31:44Z	1421613	aip-yiweilu	benchmarks/tinyimagenet/jobs/VGG11_simclr_kmeans_size1_lbl1.sh
2026-10-09T16:31:44Z	1421614	aip-boyuwang	benchmarks/tinyimagenet/jobs/VGG11_simclr_kmeans_size2_lbl1.sh
2026-10-09T16:31:44Z	1421615	aip-boyuwang	benchmarks/tinyimagenet/jobs/VGG11_simclr_kmeans_size5_lbl1.sh
2026-10-09T16:31:44Z	1421616	aip-boyuwang	benchmarks/tinyimagenet/jobs/VGG11_simclr_full_size100_lbl1.sh
2026-10-09T16:31:44Z	1421617	aip-boyuwang	benchmarks/tinyimagenet/jobs/VGG11_barlowtwins_random_size1_lbl1.sh
2026-10-09T16:31:44Z	1421618	aip-yiweilu	benchmarks/tinyimagenet/jobs/VGG11_barlowtwins_random_size2_lbl1.sh
2026-10-09T16:31:44Z	1421619	aip-boyuwang	benchmarks/tinyimagenet/jobs/VGG11_barlowtwins_random_size5_lbl1.sh
2026-10-09T16:31:44Z	1421620	aip-boyuwang	benchmarks/tinyimagenet/jobs/VGG11_barlowtwins_kmeans_size1_lbl1.sh
2026-10-09T16:31:44Z	1421621	aip-boyuwang	benchmarks/tinyimagenet/jobs/VGG11_barlowtwins_kmeans_size2_lbl1.sh
2026-10-09T16:31:44Z	1421622	aip-boyuwang	benchmarks/tinyimagenet/jobs/VGG11_barlowtwins_kmeans_size5_lbl1.sh
2026-10-09T16:31:44Z	1421623	aip-yiweilu	benchmarks/tinyimagenet/jobs/VGG11_barlowtwins_full_size100_lbl1.sh
2026-10-09T16:31:45Z	1421624	aip-boyuwang	benchmarks/tinyimagenet/jobs/VGG11_none_no_pretrain_size0_lbl5.sh
2026-10-09T16:31:45Z	1421625	aip-boyuwang	benchmarks/tinyimagenet/jobs/VGG11_simclr_random_size1_lbl5.sh
2026-10-09T16:31:45Z	1421626	aip-boyuwang	benchmarks/tinyimagenet/jobs/VGG11_simclr_random_size2_lbl5.sh
2026-10-09T16:31:45Z	1421627	aip-boyuwang	benchmarks/tinyimagenet/jobs/VGG11_simclr_random_size5_lbl5.sh
2026-10-09T16:31:45Z	1421628	aip-yiweilu	benchmarks/tinyimagenet/jobs/VGG11_simclr_kmeans_size1_lbl5.sh
2026-10-09T16:31:45Z	1421629	aip-boyuwang	benchmarks/tinyimagenet/jobs/VGG11_simclr_kmeans_size2_lbl5.sh
2026-10-09T16:31:45Z	1421630	aip-boyuwang	benchmarks/tinyimagenet/jobs/VGG11_simclr_kmeans_size5_lbl5.sh
2026-10-09T16:31:45Z	1421631	aip-boyuwang	benchmarks/tinyimagenet/jobs/VGG11_simclr_full_size100_lbl5.sh
2026-10-09T16:31:45Z	1421632	aip-boyuwang	benchmarks/tinyimagenet/jobs/VGG11_barlowtwins_random_size1_lbl5.sh
2026-10-09T16:31:45Z	1421633	aip-yiweilu	benchmarks/tinyimagenet/jobs/VGG11_barlowtwins_random_size2_lbl5.sh
2026-10-09T16:31:45Z	1421634	aip-boyuwang	benchmarks/tinyimagenet/jobs/VGG11_barlowtwins_random_size5_lbl5.sh
2026-10-09T16:31:45Z	1421635	aip-boyuwang	benchmarks/tinyimagenet/jobs/VGG11_barlowtwins_kmeans_size1_lbl5.sh
2026-10-09T16:31:45Z	1421636	aip-boyuwang	benchmarks/tinyimagenet/jobs/VGG11_barlowtwins_kmeans_size2_lbl5.sh
2026-10-09T16:31:45Z	1421637	aip-boyuwang	benchmarks/tinyimagenet/jobs/VGG11_barlowtwins_kmeans_size5_lbl5.sh
2026-10-09T16:31:45Z	1421638	aip-yiweilu	benchmarks/tinyimagenet/jobs/VGG11_barlowtwins_full_size100_lbl5.sh
2026-10-09T16:31:45Z	1421639	aip-boyuwang	benchmarks/tinyimagenet/jobs/ResNet18_none_no_pretrain_size0_lbl1.sh
2026-10-09T16:31:45Z	1421640	aip-boyuwang	benchmarks/tinyimagenet/jobs/ResNet18_simclr_random_size1_lbl1.sh
2026-10-09T16:31:45Z	1421641	aip-boyuwang	benchmarks/tinyimagenet/jobs/ResNet18_simclr_random_size2_lbl1.sh
2026-10-09T16:31:45Z	1421642	aip-boyuwang	benchmarks/tinyimagenet/jobs/ResNet18_simclr_random_size5_lbl1.sh
2026-10-09T16:31:45Z	1421643	aip-yiweilu	benchmarks/tinyimagenet/jobs/ResNet18_simclr_kmeans_size1_lbl1.sh
2026-10-09T16:31:45Z	1421644	aip-boyuwang	benchmarks/tinyimagenet/jobs/ResNet18_simclr_kmeans_size2_lbl1.sh
2026-10-09T16:31:45Z	1421645	aip-boyuwang	benchmarks/tinyimagenet/jobs/ResNet18_simclr_kmeans_size5_lbl1.sh
2026-10-09T16:31:45Z	1421646	aip-boyuwang	benchmarks/tinyimagenet/jobs/ResNet18_simclr_full_size100_lbl1.sh
2026-10-09T16:31:45Z	1421647	aip-boyuwang	benchmarks/tinyimagenet/jobs/ResNet18_barlowtwins_random_size1_lbl1.sh
2026-10-09T16:31:45Z	1421648	aip-yiweilu	benchmarks/tinyimagenet/jobs/ResNet18_barlowtwins_random_size2_lbl1.sh
2026-10-09T16:31:45Z	1421649	aip-boyuwang	benchmarks/tinyimagenet/jobs/ResNet18_barlowtwins_random_size5_lbl1.sh
2026-10-09T16:31:45Z	1421650	aip-boyuwang	benchmarks/tinyimagenet/jobs/ResNet18_barlowtwins_kmeans_size1_lbl1.sh
2026-10-09T16:31:45Z	1421651	aip-boyuwang	benchmarks/tinyimagenet/jobs/ResNet18_barlowtwins_kmeans_size2_lbl1.sh
2026-10-09T16:31:45Z	1421652	aip-boyuwang	benchmarks/tinyimagenet/jobs/ResNet18_barlowtwins_kmeans_size5_lbl1.sh
2026-10-09T16:31:45Z	1421653	aip-yiweilu	benchmarks/tinyimagenet/jobs/ResNet18_barlowtwins_full_size100_lbl1.sh
2026-10-09T16:31:45Z	1421654	aip-boyuwang	benchmarks/tinyimagenet/jobs/ResNet18_none_no_pretrain_size0_lbl5.sh
2026-10-09T16:31:45Z	1421655	aip-boyuwang	benchmarks/tinyimagenet/jobs/ResNet18_simclr_random_size1_lbl5.sh
2026-10-09T16:31:45Z	1421656	aip-boyuwang	benchmarks/tinyimagenet/jobs/ResNet18_simclr_random_size2_lbl5.sh
2026-10-09T16:31:45Z	1421657	aip-boyuwang	benchmarks/tinyimagenet/jobs/ResNet18_simclr_random_size5_lbl5.sh
2026-10-09T16:31:45Z	1421658	aip-yiweilu	benchmarks/tinyimagenet/jobs/ResNet18_simclr_kmeans_size1_lbl5.sh
2026-10-09T16:31:45Z	1421659	aip-boyuwang	benchmarks/tinyimagenet/jobs/ResNet18_simclr_kmeans_size2_lbl5.sh
2026-10-09T16:31:45Z	1421660	aip-boyuwang	benchmarks/tinyimagenet/jobs/ResNet18_simclr_kmeans_size5_lbl5.sh
2026-10-09T16:31:45Z	1421661	aip-boyuwang	benchmarks/tinyimagenet/jobs/ResNet18_simclr_full_size100_lbl5.sh
2026-10-09T16:31:45Z	1421662	aip-boyuwang	benchmarks/tinyimagenet/jobs/ResNet18_barlowtwins_random_size1_lbl5.sh
2026-10-09T16:31:45Z	1421663	aip-yiweilu	benchmarks/tinyimagenet/jobs/ResNet18_barlowtwins_random_size2_lbl5.sh
2026-10-09T16:31:45Z	1421664	aip-boyuwang	benchmarks/tinyimagenet/jobs/ResNet18_barlowtwins_random_size5_lbl5.sh
2026-10-09T16:31:46Z	1421665	aip-boyuwang	benchmarks/tinyimagenet/jobs/ResNet18_barlowtwins_kmeans_size1_lbl5.sh
2026-10-09T16:31:46Z	1421666	aip-boyuwang	benchmarks/tinyimagenet/jobs/ResNet18_barlowtwins_kmeans_size2_lbl5.sh
2026-10-09T16:31:46Z	1421667	aip-boyuwang	benchmarks/tinyimagenet/jobs/ResNet18_barlowtwins_kmeans_size5_lbl5.sh
2026-10-09T16:31:46Z	1421668	aip-yiweilu	benchmarks/tinyimagenet/jobs/ResNet18_barlowtwins_full_size100_lbl5.sh
2026-10-09T16:31:46Z	1421669	aip-boyuwang	/scratch/mmoslem3/MKDT/benchmarks/tinyimagenet/report.sh
