config_id,dataset,method,model,ssl_method,subset_percentage,label_percentage,ssl_epochs,probe_epochs,runs,label_policy,estimated_minutes,walltime,memory,account,job_script,completed_runs,mean_percent,std_percent,status
ConvNet_none_no_pretrain_size0_lbl1,TinyImageNet,no_pretrain,ConvNet,none,0,1,0,500,10,random,1.04,0-00:10:00,4G,aip-boyuwang,benchmarks/tinyimagenet/jobs/ConvNet_none_no_pretrain_size0_lbl1.sh,10,2.5579999200999737,0.19809086913012944,complete
ConvNet_simclr_random_size1_lbl1,TinyImageNet,random,ConvNet,simclr,1,1,5000,500,10,random,49.52,0-01:05:00,4G,aip-boyuwang,benchmarks/tinyimagenet/jobs/ConvNet_simclr_random_size1_lbl1.sh,10,3.5979999601840973,0.23934172519445998,complete
ConvNet_simclr_random_size2_lbl1,TinyImageNet,random,ConvNet,simclr,2,1,4000,500,10,random,78.61,0-01:40:00,4G,aip-boyuwang,benchmarks/tinyimagenet/jobs/ConvNet_simclr_random_size2_lbl1.sh,9,,,incomplete
ConvNet_simclr_random_size5_lbl1,TinyImageNet,random,ConvNet,simclr,5,1,3000,500,10,random,146.48,0-02:55:00,4G,aip-boyuwang,benchmarks/tinyimagenet/jobs/ConvNet_simclr_random_size5_lbl1.sh,5,,,incomplete
ConvNet_simclr_kmeans_size1_lbl1,TinyImageNet,kmeans,ConvNet,simclr,1,1,5000,500,10,random,49.52,0-01:05:00,4G,aip-yiweilu,benchmarks/tinyimagenet/jobs/ConvNet_simclr_kmeans_size1_lbl1.sh,10,3.505999892950058,0.18197682427684242,complete
ConvNet_simclr_kmeans_size2_lbl1,TinyImageNet,kmeans,ConvNet,simclr,2,1,4000,500,10,random,78.61,0-01:40:00,4G,aip-boyuwang,benchmarks/tinyimagenet/jobs/ConvNet_simclr_kmeans_size2_lbl1.sh,9,,,incomplete
ConvNet_simclr_kmeans_size5_lbl1,TinyImageNet,kmeans,ConvNet,simclr,5,1,3000,500,10,random,146.48,0-02:55:00,4G,aip-boyuwang,benchmarks/tinyimagenet/jobs/ConvNet_simclr_kmeans_size5_lbl1.sh,5,,,incomplete
ConvNet_simclr_full_size100_lbl1,TinyImageNet,full,ConvNet,simclr,100,1,300,500,10,random,285.38,0-05:35:00,4G,aip-boyuwang,benchmarks/tinyimagenet/jobs/ConvNet_simclr_full_size100_lbl1.sh,2,,,incomplete
ConvNet_barlowtwins_random_size1_lbl1,TinyImageNet,random,ConvNet,barlowtwins,1,1,10000,500,10,random,124.29,0-02:30:00,4G,aip-boyuwang,benchmarks/tinyimagenet/jobs/ConvNet_barlowtwins_random_size1_lbl1.sh,7,,,incomplete
ConvNet_barlowtwins_random_size2_lbl1,TinyImageNet,random,ConvNet,barlowtwins,2,1,8000,500,10,random,198.25,0-03:55:00,4G,aip-yiweilu,benchmarks/tinyimagenet/jobs/ConvNet_barlowtwins_random_size2_lbl1.sh,0,,,incomplete
ConvNet_barlowtwins_random_size5_lbl1,TinyImageNet,random,ConvNet,barlowtwins,5,1,6000,500,10,random,370.8,0-07:15:00,4G,aip-boyuwang,benchmarks/tinyimagenet/jobs/ConvNet_barlowtwins_random_size5_lbl1.sh,2,,,incomplete
ConvNet_barlowtwins_kmeans_size1_lbl1,TinyImageNet,kmeans,ConvNet,barlowtwins,1,1,10000,500,10,random,124.29,0-02:30:00,4G,aip-boyuwang,benchmarks/tinyimagenet/jobs/ConvNet_barlowtwins_kmeans_size1_lbl1.sh,7,,,incomplete
ConvNet_barlowtwins_kmeans_size2_lbl1,TinyImageNet,kmeans,ConvNet,barlowtwins,2,1,8000,500,10,random,198.25,0-03:55:00,4G,aip-boyuwang,benchmarks/tinyimagenet/jobs/ConvNet_barlowtwins_kmeans_size2_lbl1.sh,5,,,incomplete
ConvNet_barlowtwins_kmeans_size5_lbl1,TinyImageNet,kmeans,ConvNet,barlowtwins,5,1,6000,500,10,random,370.8,0-07:15:00,4G,aip-boyuwang,benchmarks/tinyimagenet/jobs/ConvNet_barlowtwins_kmeans_size5_lbl1.sh,2,,,incomplete
ConvNet_barlowtwins_full_size100_lbl1,TinyImageNet,full,ConvNet,barlowtwins,100,1,300,500,10,random,362.48,0-07:05:00,4G,aip-yiweilu,benchmarks/tinyimagenet/jobs/ConvNet_barlowtwins_full_size100_lbl1.sh,0,,,incomplete
ConvNet_none_no_pretrain_size0_lbl5,TinyImageNet,no_pretrain,ConvNet,none,0,5,0,300,10,random,1.45,0-00:10:00,4G,aip-boyuwang,benchmarks/tinyimagenet/jobs/ConvNet_none_no_pretrain_size0_lbl5.sh,10,5.4009998589754105,0.1552382065308503,complete
ConvNet_simclr_random_size1_lbl5,TinyImageNet,random,ConvNet,simclr,1,5,5000,300,10,random,49.93,0-01:05:00,4G,aip-boyuwang,benchmarks/tinyimagenet/jobs/ConvNet_simclr_random_size1_lbl5.sh,10,7.686999812722206,0.2739444141265937,complete
ConvNet_simclr_random_size2_lbl5,TinyImageNet,random,ConvNet,simclr,2,5,4000,300,10,random,79.02,0-01:40:00,4G,aip-boyuwang,benchmarks/tinyimagenet/jobs/ConvNet_simclr_random_size2_lbl5.sh,9,,,incomplete
ConvNet_simclr_random_size5_lbl5,TinyImageNet,random,ConvNet,simclr,5,5,3000,300,10,random,146.89,0-02:55:00,4G,aip-boyuwang,benchmarks/tinyimagenet/jobs/ConvNet_simclr_random_size5_lbl5.sh,5,,,incomplete
ConvNet_simclr_kmeans_size1_lbl5,TinyImageNet,kmeans,ConvNet,simclr,1,5,5000,300,10,random,49.93,0-01:05:00,4G,aip-yiweilu,benchmarks/tinyimagenet/jobs/ConvNet_simclr_kmeans_size1_lbl5.sh,0,,,incomplete
ConvNet_simclr_kmeans_size2_lbl5,TinyImageNet,kmeans,ConvNet,simclr,2,5,4000,300,10,random,79.02,0-01:40:00,4G,aip-boyuwang,benchmarks/tinyimagenet/jobs/ConvNet_simclr_kmeans_size2_lbl5.sh,9,,,incomplete
ConvNet_simclr_kmeans_size5_lbl5,TinyImageNet,kmeans,ConvNet,simclr,5,5,3000,300,10,random,146.89,0-02:55:00,4G,aip-boyuwang,benchmarks/tinyimagenet/jobs/ConvNet_simclr_kmeans_size5_lbl5.sh,5,,,incomplete
ConvNet_simclr_full_size100_lbl5,TinyImageNet,full,ConvNet,simclr,100,5,300,300,10,random,285.79,0-05:35:00,4G,aip-boyuwang,benchmarks/tinyimagenet/jobs/ConvNet_simclr_full_size100_lbl5.sh,2,,,incomplete
ConvNet_barlowtwins_random_size1_lbl5,TinyImageNet,random,ConvNet,barlowtwins,1,5,10000,300,10,random,124.7,0-02:30:00,4G,aip-boyuwang,benchmarks/tinyimagenet/jobs/ConvNet_barlowtwins_random_size1_lbl5.sh,7,,,incomplete
ConvNet_barlowtwins_random_size2_lbl5,TinyImageNet,random,ConvNet,barlowtwins,2,5,8000,300,10,random,198.66,0-03:55:00,4G,aip-yiweilu,benchmarks/tinyimagenet/jobs/ConvNet_barlowtwins_random_size2_lbl5.sh,0,,,incomplete
ConvNet_barlowtwins_random_size5_lbl5,TinyImageNet,random,ConvNet,barlowtwins,5,5,6000,300,10,random,371.21,0-07:15:00,4G,aip-boyuwang,benchmarks/tinyimagenet/jobs/ConvNet_barlowtwins_random_size5_lbl5.sh,2,,,incomplete
ConvNet_barlowtwins_kmeans_size1_lbl5,TinyImageNet,kmeans,ConvNet,barlowtwins,1,5,10000,300,10,random,124.7,0-02:30:00,4G,aip-boyuwang,benchmarks/tinyimagenet/jobs/ConvNet_barlowtwins_kmeans_size1_lbl5.sh,7,,,incomplete
ConvNet_barlowtwins_kmeans_size2_lbl5,TinyImageNet,kmeans,ConvNet,barlowtwins,2,5,8000,300,10,random,198.66,0-03:55:00,4G,aip-boyuwang,benchmarks/tinyimagenet/jobs/ConvNet_barlowtwins_kmeans_size2_lbl5.sh,5,,,incomplete
ConvNet_barlowtwins_kmeans_size5_lbl5,TinyImageNet,kmeans,ConvNet,barlowtwins,5,5,6000,300,10,random,371.21,0-07:15:00,4G,aip-boyuwang,benchmarks/tinyimagenet/jobs/ConvNet_barlowtwins_kmeans_size5_lbl5.sh,2,,,incomplete
ConvNet_barlowtwins_full_size100_lbl5,TinyImageNet,full,ConvNet,barlowtwins,100,5,300,300,10,random,362.89,0-07:05:00,4G,aip-yiweilu,benchmarks/tinyimagenet/jobs/ConvNet_barlowtwins_full_size100_lbl5.sh,0,,,incomplete
VGG11_none_no_pretrain_size0_lbl1,TinyImageNet,no_pretrain,VGG11,none,0,1,0,500,10,random,1.02,0-00:10:00,4G,aip-boyuwang,benchmarks/tinyimagenet/jobs/VGG11_none_no_pretrain_size0_lbl1.sh,10,0.6919999839738011,0.07871184208773363,complete
VGG11_simclr_random_size1_lbl1,TinyImageNet,random,VGG11,simclr,1,1,5000,500,10,random,59.79,0-01:15:00,4G,aip-boyuwang,benchmarks/tinyimagenet/jobs/VGG11_simclr_random_size1_lbl1.sh,10,1.596999941393733,0.1761344149713552,complete
VGG11_simclr_random_size2_lbl1,TinyImageNet,random,VGG11,simclr,2,1,4000,500,10,random,95.05,0-01:55:00,4G,aip-boyuwang,benchmarks/tinyimagenet/jobs/VGG11_simclr_random_size2_lbl1.sh,8,,,incomplete
VGG11_simclr_random_size5_lbl1,TinyImageNet,random,VGG11,simclr,5,1,3000,500,10,random,177.34,0-03:30:00,4G,aip-boyuwang,benchmarks/tinyimagenet/jobs/VGG11_simclr_random_size5_lbl1.sh,4,,,incomplete
VGG11_simclr_kmeans_size1_lbl1,TinyImageNet,kmeans,VGG11,simclr,1,1,5000,500,10,random,59.79,0-01:15:00,4G,aip-yiweilu,benchmarks/tinyimagenet/jobs/VGG11_simclr_kmeans_size1_lbl1.sh,0,,,incomplete
VGG11_simclr_kmeans_size2_lbl1,TinyImageNet,kmeans,VGG11,simclr,2,1,4000,500,10,random,95.05,0-01:55:00,4G,aip-boyuwang,benchmarks/tinyimagenet/jobs/VGG11_simclr_kmeans_size2_lbl1.sh,8,,,incomplete
VGG11_simclr_kmeans_size5_lbl1,TinyImageNet,kmeans,VGG11,simclr,5,1,3000,500,10,random,177.34,0-03:30:00,4G,aip-boyuwang,benchmarks/tinyimagenet/jobs/VGG11_simclr_kmeans_size5_lbl1.sh,4,,,incomplete
VGG11_simclr_full_size100_lbl1,TinyImageNet,full,VGG11,simclr,100,1,300,500,10,random,345.72,0-06:45:00,4G,aip-boyuwang,benchmarks/tinyimagenet/jobs/VGG11_simclr_full_size100_lbl1.sh,2,,,incomplete
VGG11_barlowtwins_random_size1_lbl1,TinyImageNet,random,VGG11,barlowtwins,1,1,10000,500,10,random,119.05,0-02:25:00,4G,aip-boyuwang,benchmarks/tinyimagenet/jobs/VGG11_barlowtwins_random_size1_lbl1.sh,6,,,incomplete
VGG11_barlowtwins_random_size2_lbl1,TinyImageNet,random,VGG11,barlowtwins,2,1,8000,500,10,random,189.88,0-03:45:00,4G,aip-yiweilu,benchmarks/tinyimagenet/jobs/VGG11_barlowtwins_random_size2_lbl1.sh,0,,,incomplete
VGG11_barlowtwins_random_size5_lbl1,TinyImageNet,random,VGG11,barlowtwins,5,1,6000,500,10,random,355.13,0-06:55:00,4G,aip-boyuwang,benchmarks/tinyimagenet/jobs/VGG11_barlowtwins_random_size5_lbl1.sh,2,,,incomplete
VGG11_barlowtwins_kmeans_size1_lbl1,TinyImageNet,kmeans,VGG11,barlowtwins,1,1,10000,500,10,random,119.05,0-02:25:00,4G,aip-boyuwang,benchmarks/tinyimagenet/jobs/VGG11_barlowtwins_kmeans_size1_lbl1.sh,6,,,incomplete
VGG11_barlowtwins_kmeans_size2_lbl1,TinyImageNet,kmeans,VGG11,barlowtwins,2,1,8000,500,10,random,189.88,0-03:45:00,4G,aip-boyuwang,benchmarks/tinyimagenet/jobs/VGG11_barlowtwins_kmeans_size2_lbl1.sh,4,,,incomplete
VGG11_barlowtwins_kmeans_size5_lbl1,TinyImageNet,kmeans,VGG11,barlowtwins,5,1,6000,500,10,random,355.13,0-06:55:00,4G,aip-boyuwang,benchmarks/tinyimagenet/jobs/VGG11_barlowtwins_kmeans_size5_lbl1.sh,2,,,incomplete
VGG11_barlowtwins_full_size100_lbl1,TinyImageNet,full,VGG11,barlowtwins,100,1,300,500,10,random,347.16,0-06:45:00,4G,aip-yiweilu,benchmarks/tinyimagenet/jobs/VGG11_barlowtwins_full_size100_lbl1.sh,0,,,incomplete
VGG11_none_no_pretrain_size0_lbl5,TinyImageNet,no_pretrain,VGG11,none,0,5,0,300,10,random,1.39,0-00:10:00,4G,aip-boyuwang,benchmarks/tinyimagenet/jobs/VGG11_none_no_pretrain_size0_lbl5.sh,10,0.8389999810606241,0.09596874697011434,complete
VGG11_simclr_random_size1_lbl5,TinyImageNet,random,VGG11,simclr,1,5,5000,300,10,random,60.16,0-01:15:00,4G,aip-boyuwang,benchmarks/tinyimagenet/jobs/VGG11_simclr_random_size1_lbl5.sh,10,2.6519999653100967,0.24566463781480524,complete
VGG11_simclr_random_size2_lbl5,TinyImageNet,random,VGG11,simclr,2,5,4000,300,10,random,95.42,0-01:55:00,4G,aip-boyuwang,benchmarks/tinyimagenet/jobs/VGG11_simclr_random_size2_lbl5.sh,8,,,incomplete
VGG11_simclr_random_size5_lbl5,TinyImageNet,random,VGG11,simclr,5,5,3000,300,10,random,177.71,0-03:30:00,4G,aip-boyuwang,benchmarks/tinyimagenet/jobs/VGG11_simclr_random_size5_lbl5.sh,4,,,incomplete
VGG11_simclr_kmeans_size1_lbl5,TinyImageNet,kmeans,VGG11,simclr,1,5,5000,300,10,random,60.16,0-01:15:00,4G,aip-yiweilu,benchmarks/tinyimagenet/jobs/VGG11_simclr_kmeans_size1_lbl5.sh,0,,,incomplete
VGG11_simclr_kmeans_size2_lbl5,TinyImageNet,kmeans,VGG11,simclr,2,5,4000,300,10,random,95.42,0-01:55:00,4G,aip-boyuwang,benchmarks/tinyimagenet/jobs/VGG11_simclr_kmeans_size2_lbl5.sh,8,,,incomplete
VGG11_simclr_kmeans_size5_lbl5,TinyImageNet,kmeans,VGG11,simclr,5,5,3000,300,10,random,177.71,0-03:30:00,4G,aip-boyuwang,benchmarks/tinyimagenet/jobs/VGG11_simclr_kmeans_size5_lbl5.sh,4,,,incomplete
VGG11_simclr_full_size100_lbl5,TinyImageNet,full,VGG11,simclr,100,5,300,300,10,random,346.09,0-06:45:00,4G,aip-boyuwang,benchmarks/tinyimagenet/jobs/VGG11_simclr_full_size100_lbl5.sh,2,,,incomplete
VGG11_barlowtwins_random_size1_lbl5,TinyImageNet,random,VGG11,barlowtwins,1,5,10000,300,10,random,119.42,0-02:25:00,4G,aip-boyuwang,benchmarks/tinyimagenet/jobs/VGG11_barlowtwins_random_size1_lbl5.sh,6,,,incomplete
VGG11_barlowtwins_random_size2_lbl5,TinyImageNet,random,VGG11,barlowtwins,2,5,8000,300,10,random,190.25,0-03:45:00,4G,aip-yiweilu,benchmarks/tinyimagenet/jobs/VGG11_barlowtwins_random_size2_lbl5.sh,0,,,incomplete
VGG11_barlowtwins_random_size5_lbl5,TinyImageNet,random,VGG11,barlowtwins,5,5,6000,300,10,random,355.5,0-06:55:00,4G,aip-boyuwang,benchmarks/tinyimagenet/jobs/VGG11_barlowtwins_random_size5_lbl5.sh,2,,,incomplete
VGG11_barlowtwins_kmeans_size1_lbl5,TinyImageNet,kmeans,VGG11,barlowtwins,1,5,10000,300,10,random,119.42,0-02:25:00,4G,aip-boyuwang,benchmarks/tinyimagenet/jobs/VGG11_barlowtwins_kmeans_size1_lbl5.sh,6,,,incomplete
VGG11_barlowtwins_kmeans_size2_lbl5,TinyImageNet,kmeans,VGG11,barlowtwins,2,5,8000,300,10,random,190.25,0-03:45:00,4G,aip-boyuwang,benchmarks/tinyimagenet/jobs/VGG11_barlowtwins_kmeans_size2_lbl5.sh,4,,,incomplete
VGG11_barlowtwins_kmeans_size5_lbl5,TinyImageNet,kmeans,VGG11,barlowtwins,5,5,6000,300,10,random,355.5,0-06:55:00,4G,aip-boyuwang,benchmarks/tinyimagenet/jobs/VGG11_barlowtwins_kmeans_size5_lbl5.sh,2,,,incomplete
VGG11_barlowtwins_full_size100_lbl5,TinyImageNet,full,VGG11,barlowtwins,100,5,300,300,10,random,347.53,0-06:45:00,4G,aip-yiweilu,benchmarks/tinyimagenet/jobs/VGG11_barlowtwins_full_size100_lbl5.sh,0,,,incomplete
ResNet18_none_no_pretrain_size0_lbl1,TinyImageNet,no_pretrain,ResNet18,none,0,1,0,500,10,random,1.25,0-00:10:00,4G,aip-boyuwang,benchmarks/tinyimagenet/jobs/ResNet18_none_no_pretrain_size0_lbl1.sh,10,0.6419999804347754,0.0662989850562697,complete
ResNet18_simclr_random_size1_lbl1,TinyImageNet,random,ResNet18,simclr,1,1,5000,500,10,random,201.36,0-04:00:00,4G,aip-boyuwang,benchmarks/tinyimagenet/jobs/ResNet18_simclr_random_size1_lbl1.sh,3,,,incomplete
ResNet18_simclr_random_size2_lbl1,TinyImageNet,random,ResNet18,simclr,2,1,4000,500,10,random,321.43,0-06:15:00,4G,aip-boyuwang,benchmarks/tinyimagenet/jobs/ResNet18_simclr_random_size2_lbl1.sh,2,,,incomplete
ResNet18_simclr_random_size5_lbl1,TinyImageNet,random,ResNet18,simclr,5,1,3000,500,10,random,601.6,0-11:40:00,4G,aip-boyuwang,benchmarks/tinyimagenet/jobs/ResNet18_simclr_random_size5_lbl1.sh,1,,,incomplete
ResNet18_simclr_kmeans_size1_lbl1,TinyImageNet,kmeans,ResNet18,simclr,1,1,5000,500,10,random,201.36,0-04:00:00,4G,aip-yiweilu,benchmarks/tinyimagenet/jobs/ResNet18_simclr_kmeans_size1_lbl1.sh,0,,,incomplete
ResNet18_simclr_kmeans_size2_lbl1,TinyImageNet,kmeans,ResNet18,simclr,2,1,4000,500,10,random,321.43,0-06:15:00,4G,aip-boyuwang,benchmarks/tinyimagenet/jobs/ResNet18_simclr_kmeans_size2_lbl1.sh,2,,,incomplete
ResNet18_simclr_kmeans_size5_lbl1,TinyImageNet,kmeans,ResNet18,simclr,5,1,3000,500,10,random,601.6,0-11:40:00,4G,aip-boyuwang,benchmarks/tinyimagenet/jobs/ResNet18_simclr_kmeans_size5_lbl1.sh,1,,,incomplete
ResNet18_simclr_full_size100_lbl1,TinyImageNet,full,ResNet18,simclr,100,1,300,500,10,random,1174.93,0-22:40:00,4G,aip-boyuwang,benchmarks/tinyimagenet/jobs/ResNet18_simclr_full_size100_lbl1.sh,0,,,incomplete
ResNet18_barlowtwins_random_size1_lbl1,TinyImageNet,random,ResNet18,barlowtwins,1,1,10000,500,10,random,402.0,0-07:50:00,4G,aip-boyuwang,benchmarks/tinyimagenet/jobs/ResNet18_barlowtwins_random_size1_lbl1.sh,1,,,incomplete
ResNet18_barlowtwins_random_size2_lbl1,TinyImageNet,random,ResNet18,barlowtwins,2,1,8000,500,10,random,642.45,0-12:25:00,4G,aip-yiweilu,benchmarks/tinyimagenet/jobs/ResNet18_barlowtwins_random_size2_lbl1.sh,1,,,incomplete
ResNet18_barlowtwins_random_size5_lbl1,TinyImageNet,random,ResNet18,barlowtwins,5,1,6000,500,10,random,1203.5,0-23:10:00,4G,aip-boyuwang,benchmarks/tinyimagenet/jobs/ResNet18_barlowtwins_random_size5_lbl1.sh,0,,,incomplete
ResNet18_barlowtwins_kmeans_size1_lbl1,TinyImageNet,kmeans,ResNet18,barlowtwins,1,1,10000,500,10,random,402.0,0-07:50:00,4G,aip-boyuwang,benchmarks/tinyimagenet/jobs/ResNet18_barlowtwins_kmeans_size1_lbl1.sh,1,,,incomplete
ResNet18_barlowtwins_kmeans_size2_lbl1,TinyImageNet,kmeans,ResNet18,barlowtwins,2,1,8000,500,10,random,642.45,0-12:25:00,4G,aip-boyuwang,benchmarks/tinyimagenet/jobs/ResNet18_barlowtwins_kmeans_size2_lbl1.sh,1,,,incomplete
ResNet18_barlowtwins_kmeans_size5_lbl1,TinyImageNet,kmeans,ResNet18,barlowtwins,5,1,6000,500,10,random,1203.5,0-23:10:00,4G,aip-boyuwang,benchmarks/tinyimagenet/jobs/ResNet18_barlowtwins_kmeans_size5_lbl1.sh,0,,,incomplete
ResNet18_barlowtwins_full_size100_lbl1,TinyImageNet,full,ResNet18,barlowtwins,100,1,300,500,10,random,1176.45,0-22:40:00,4G,aip-yiweilu,benchmarks/tinyimagenet/jobs/ResNet18_barlowtwins_full_size100_lbl1.sh,0,,,incomplete
ResNet18_none_no_pretrain_size0_lbl5,TinyImageNet,no_pretrain,ResNet18,none,0,5,0,300,10,random,2.08,0-00:10:00,4G,aip-boyuwang,benchmarks/tinyimagenet/jobs/ResNet18_none_no_pretrain_size0_lbl5.sh,10,0.8839999698102474,0.11374433763935113,complete
ResNet18_simclr_random_size1_lbl5,TinyImageNet,random,ResNet18,simclr,1,5,5000,300,10,random,202.19,0-04:00:00,4G,aip-boyuwang,benchmarks/tinyimagenet/jobs/ResNet18_simclr_random_size1_lbl5.sh,3,,,incomplete
ResNet18_simclr_random_size2_lbl5,TinyImageNet,random,ResNet18,simclr,2,5,4000,300,10,random,322.26,0-06:20:00,4G,aip-boyuwang,benchmarks/tinyimagenet/jobs/ResNet18_simclr_random_size2_lbl5.sh,2,,,incomplete
ResNet18_simclr_random_size5_lbl5,TinyImageNet,random,ResNet18,simclr,5,5,3000,300,10,random,602.43,0-11:40:00,4G,aip-boyuwang,benchmarks/tinyimagenet/jobs/ResNet18_simclr_random_size5_lbl5.sh,1,,,incomplete
ResNet18_simclr_kmeans_size1_lbl5,TinyImageNet,kmeans,ResNet18,simclr,1,5,5000,300,10,random,202.19,0-04:00:00,4G,aip-yiweilu,benchmarks/tinyimagenet/jobs/ResNet18_simclr_kmeans_size1_lbl5.sh,0,,,incomplete
ResNet18_simclr_kmeans_size2_lbl5,TinyImageNet,kmeans,ResNet18,simclr,2,5,4000,300,10,random,322.26,0-06:20:00,4G,aip-boyuwang,benchmarks/tinyimagenet/jobs/ResNet18_simclr_kmeans_size2_lbl5.sh,2,,,incomplete
ResNet18_simclr_kmeans_size5_lbl5,TinyImageNet,kmeans,ResNet18,simclr,5,5,3000,300,10,random,602.43,0-11:40:00,4G,aip-boyuwang,benchmarks/tinyimagenet/jobs/ResNet18_simclr_kmeans_size5_lbl5.sh,1,,,incomplete
ResNet18_simclr_full_size100_lbl5,TinyImageNet,full,ResNet18,simclr,100,5,300,300,10,random,1175.76,0-22:40:00,4G,aip-boyuwang,benchmarks/tinyimagenet/jobs/ResNet18_simclr_full_size100_lbl5.sh,0,,,incomplete
ResNet18_barlowtwins_random_size1_lbl5,TinyImageNet,random,ResNet18,barlowtwins,1,5,10000,300,10,random,402.83,0-07:50:00,4G,aip-boyuwang,benchmarks/tinyimagenet/jobs/ResNet18_barlowtwins_random_size1_lbl5.sh,1,,,incomplete
ResNet18_barlowtwins_random_size2_lbl5,TinyImageNet,random,ResNet18,barlowtwins,2,5,8000,300,10,random,643.28,0-12:25:00,4G,aip-yiweilu,benchmarks/tinyimagenet/jobs/ResNet18_barlowtwins_random_size2_lbl5.sh,0,,,incomplete
ResNet18_barlowtwins_random_size5_lbl5,TinyImageNet,random,ResNet18,barlowtwins,5,5,6000,300,10,random,1204.33,0-23:10:00,4G,aip-boyuwang,benchmarks/tinyimagenet/jobs/ResNet18_barlowtwins_random_size5_lbl5.sh,0,,,incomplete
ResNet18_barlowtwins_kmeans_size1_lbl5,TinyImageNet,kmeans,ResNet18,barlowtwins,1,5,10000,300,10,random,402.83,0-07:50:00,4G,aip-boyuwang,benchmarks/tinyimagenet/jobs/ResNet18_barlowtwins_kmeans_size1_lbl5.sh,1,,,incomplete
ResNet18_barlowtwins_kmeans_size2_lbl5,TinyImageNet,kmeans,ResNet18,barlowtwins,2,5,8000,300,10,random,643.28,0-12:25:00,4G,aip-boyuwang,benchmarks/tinyimagenet/jobs/ResNet18_barlowtwins_kmeans_size2_lbl5.sh,1,,,incomplete
ResNet18_barlowtwins_kmeans_size5_lbl5,TinyImageNet,kmeans,ResNet18,barlowtwins,5,5,6000,300,10,random,1204.33,0-23:10:00,4G,aip-boyuwang,benchmarks/tinyimagenet/jobs/ResNet18_barlowtwins_kmeans_size5_lbl5.sh,0,,,incomplete
ResNet18_barlowtwins_full_size100_lbl5,TinyImageNet,full,ResNet18,barlowtwins,100,5,300,300,10,random,1177.28,0-22:40:00,4G,aip-yiweilu,benchmarks/tinyimagenet/jobs/ResNet18_barlowtwins_full_size100_lbl5.sh,0,,,incomplete
