2026-10-09T16:31:41Z	1421486	aip-boyuwang	/scratch/mmoslem3/MKDT/benchmarks/cifar100/prepare.sh
2026-10-09T16:31:41Z	1421487	aip-boyuwang	benchmarks/cifar100/jobs/ConvNet_none_no_pretrain_size0_lbl1.sh
2026-10-09T16:31:41Z	1421488	aip-boyuwang	benchmarks/cifar100/jobs/ConvNet_simclr_random_size1_lbl1.sh
2026-10-09T16:31:41Z	1421489	aip-boyuwang	benchmarks/cifar100/jobs/ConvNet_simclr_random_size2_lbl1.sh
2026-10-09T16:31:41Z	1421490	aip-boyuwang	benchmarks/cifar100/jobs/ConvNet_simclr_random_size5_lbl1.sh
2026-10-09T16:31:41Z	1421491	aip-yiweilu	benchmarks/cifar100/jobs/ConvNet_simclr_kmeans_size1_lbl1.sh
2026-10-09T16:31:41Z	1421492	aip-boyuwang	benchmarks/cifar100/jobs/ConvNet_simclr_kmeans_size2_lbl1.sh
2026-10-09T16:31:41Z	1421493	aip-boyuwang	benchmarks/cifar100/jobs/ConvNet_simclr_kmeans_size5_lbl1.sh
2026-10-09T16:31:41Z	1421494	aip-boyuwang	benchmarks/cifar100/jobs/ConvNet_simclr_full_size100_lbl1.sh
2026-10-09T16:31:41Z	1421495	aip-boyuwang	benchmarks/cifar100/jobs/ConvNet_barlowtwins_random_size1_lbl1.sh
2026-10-09T16:31:41Z	1421496	aip-yiweilu	benchmarks/cifar100/jobs/ConvNet_barlowtwins_random_size2_lbl1.sh
2026-10-09T16:31:41Z	1421497	aip-boyuwang	benchmarks/cifar100/jobs/ConvNet_barlowtwins_random_size5_lbl1.sh
2026-10-09T16:31:41Z	1421498	aip-boyuwang	benchmarks/cifar100/jobs/ConvNet_barlowtwins_kmeans_size1_lbl1.sh
2026-10-09T16:31:41Z	1421499	aip-boyuwang	benchmarks/cifar100/jobs/ConvNet_barlowtwins_kmeans_size2_lbl1.sh
2026-10-09T16:31:41Z	1421500	aip-boyuwang	benchmarks/cifar100/jobs/ConvNet_barlowtwins_kmeans_size5_lbl1.sh
2026-10-09T16:31:41Z	1421501	aip-yiweilu	benchmarks/cifar100/jobs/ConvNet_barlowtwins_full_size100_lbl1.sh
2026-10-09T16:31:41Z	1421502	aip-boyuwang	benchmarks/cifar100/jobs/ConvNet_none_no_pretrain_size0_lbl5.sh
2026-10-09T16:31:41Z	1421503	aip-boyuwang	benchmarks/cifar100/jobs/ConvNet_simclr_random_size1_lbl5.sh
2026-10-09T16:31:41Z	1421504	aip-boyuwang	benchmarks/cifar100/jobs/ConvNet_simclr_random_size2_lbl5.sh
2026-10-09T16:31:41Z	1421505	aip-boyuwang	benchmarks/cifar100/jobs/ConvNet_simclr_random_size5_lbl5.sh
2026-10-09T16:31:41Z	1421506	aip-yiweilu	benchmarks/cifar100/jobs/ConvNet_simclr_kmeans_size1_lbl5.sh
2026-10-09T16:31:41Z	1421507	aip-boyuwang	benchmarks/cifar100/jobs/ConvNet_simclr_kmeans_size2_lbl5.sh
2026-10-09T16:31:41Z	1421508	aip-boyuwang	benchmarks/cifar100/jobs/ConvNet_simclr_kmeans_size5_lbl5.sh
2026-10-09T16:31:41Z	1421509	aip-boyuwang	benchmarks/cifar100/jobs/ConvNet_simclr_full_size100_lbl5.sh
2026-10-09T16:31:42Z	1421510	aip-boyuwang	benchmarks/cifar100/jobs/ConvNet_barlowtwins_random_size1_lbl5.sh
2026-10-09T16:31:42Z	1421511	aip-yiweilu	benchmarks/cifar100/jobs/ConvNet_barlowtwins_random_size2_lbl5.sh
2026-10-09T16:31:42Z	1421512	aip-boyuwang	benchmarks/cifar100/jobs/ConvNet_barlowtwins_random_size5_lbl5.sh
2026-10-09T16:31:42Z	1421513	aip-boyuwang	benchmarks/cifar100/jobs/ConvNet_barlowtwins_kmeans_size1_lbl5.sh
2026-10-09T16:31:42Z	1421514	aip-boyuwang	benchmarks/cifar100/jobs/ConvNet_barlowtwins_kmeans_size2_lbl5.sh
2026-10-09T16:31:42Z	1421515	aip-boyuwang	benchmarks/cifar100/jobs/ConvNet_barlowtwins_kmeans_size5_lbl5.sh
2026-10-09T16:31:42Z	1421516	aip-yiweilu	benchmarks/cifar100/jobs/ConvNet_barlowtwins_full_size100_lbl5.sh
2026-10-09T16:31:42Z	1421517	aip-boyuwang	benchmarks/cifar100/jobs/VGG11_none_no_pretrain_size0_lbl1.sh
2026-10-09T16:31:42Z	1421518	aip-boyuwang	benchmarks/cifar100/jobs/VGG11_simclr_random_size1_lbl1.sh
2026-10-09T16:31:42Z	1421519	aip-boyuwang	benchmarks/cifar100/jobs/VGG11_simclr_random_size2_lbl1.sh
2026-10-09T16:31:42Z	1421520	aip-boyuwang	benchmarks/cifar100/jobs/VGG11_simclr_random_size5_lbl1.sh
2026-10-09T16:31:42Z	1421521	aip-yiweilu	benchmarks/cifar100/jobs/VGG11_simclr_kmeans_size1_lbl1.sh
2026-10-09T16:31:42Z	1421522	aip-boyuwang	benchmarks/cifar100/jobs/VGG11_simclr_kmeans_size2_lbl1.sh
2026-10-09T16:31:42Z	1421523	aip-boyuwang	benchmarks/cifar100/jobs/VGG11_simclr_kmeans_size5_lbl1.sh
2026-10-09T16:31:42Z	1421524	aip-boyuwang	benchmarks/cifar100/jobs/VGG11_simclr_full_size100_lbl1.sh
2026-10-09T16:31:42Z	1421525	aip-boyuwang	benchmarks/cifar100/jobs/VGG11_barlowtwins_random_size1_lbl1.sh
2026-10-09T16:31:42Z	1421526	aip-yiweilu	benchmarks/cifar100/jobs/VGG11_barlowtwins_random_size2_lbl1.sh
2026-10-09T16:31:42Z	1421527	aip-boyuwang	benchmarks/cifar100/jobs/VGG11_barlowtwins_random_size5_lbl1.sh
2026-10-09T16:31:42Z	1421528	aip-boyuwang	benchmarks/cifar100/jobs/VGG11_barlowtwins_kmeans_size1_lbl1.sh
2026-10-09T16:31:42Z	1421529	aip-boyuwang	benchmarks/cifar100/jobs/VGG11_barlowtwins_kmeans_size2_lbl1.sh
2026-10-09T16:31:42Z	1421530	aip-boyuwang	benchmarks/cifar100/jobs/VGG11_barlowtwins_kmeans_size5_lbl1.sh
2026-10-09T16:31:42Z	1421531	aip-yiweilu	benchmarks/cifar100/jobs/VGG11_barlowtwins_full_size100_lbl1.sh
2026-10-09T16:31:42Z	1421532	aip-boyuwang	benchmarks/cifar100/jobs/VGG11_none_no_pretrain_size0_lbl5.sh
2026-10-09T16:31:42Z	1421533	aip-boyuwang	benchmarks/cifar100/jobs/VGG11_simclr_random_size1_lbl5.sh
2026-10-09T16:31:42Z	1421534	aip-boyuwang	benchmarks/cifar100/jobs/VGG11_simclr_random_size2_lbl5.sh
2026-10-09T16:31:42Z	1421535	aip-boyuwang	benchmarks/cifar100/jobs/VGG11_simclr_random_size5_lbl5.sh
2026-10-09T16:31:42Z	1421536	aip-yiweilu	benchmarks/cifar100/jobs/VGG11_simclr_kmeans_size1_lbl5.sh
2026-10-09T16:31:42Z	1421537	aip-boyuwang	benchmarks/cifar100/jobs/VGG11_simclr_kmeans_size2_lbl5.sh
2026-10-09T16:31:42Z	1421538	aip-boyuwang	benchmarks/cifar100/jobs/VGG11_simclr_kmeans_size5_lbl5.sh
2026-10-09T16:31:42Z	1421539	aip-boyuwang	benchmarks/cifar100/jobs/VGG11_simclr_full_size100_lbl5.sh
2026-10-09T16:31:42Z	1421540	aip-boyuwang	benchmarks/cifar100/jobs/VGG11_barlowtwins_random_size1_lbl5.sh
2026-10-09T16:31:42Z	1421541	aip-yiweilu	benchmarks/cifar100/jobs/VGG11_barlowtwins_random_size2_lbl5.sh
2026-10-09T16:31:42Z	1421542	aip-boyuwang	benchmarks/cifar100/jobs/VGG11_barlowtwins_random_size5_lbl5.sh
2026-10-09T16:31:42Z	1421543	aip-boyuwang	benchmarks/cifar100/jobs/VGG11_barlowtwins_kmeans_size1_lbl5.sh
2026-10-09T16:31:42Z	1421544	aip-boyuwang	benchmarks/cifar100/jobs/VGG11_barlowtwins_kmeans_size2_lbl5.sh
2026-10-09T16:31:42Z	1421545	aip-boyuwang	benchmarks/cifar100/jobs/VGG11_barlowtwins_kmeans_size5_lbl5.sh
2026-10-09T16:31:42Z	1421546	aip-yiweilu	benchmarks/cifar100/jobs/VGG11_barlowtwins_full_size100_lbl5.sh
2026-10-09T16:31:42Z	1421547	aip-boyuwang	benchmarks/cifar100/jobs/ResNet18_none_no_pretrain_size0_lbl1.sh
2026-10-09T16:31:42Z	1421548	aip-boyuwang	benchmarks/cifar100/jobs/ResNet18_simclr_random_size1_lbl1.sh
2026-10-09T16:31:42Z	1421549	aip-boyuwang	benchmarks/cifar100/jobs/ResNet18_simclr_random_size2_lbl1.sh
2026-10-09T16:31:42Z	1421550	aip-boyuwang	benchmarks/cifar100/jobs/ResNet18_simclr_random_size5_lbl1.sh
2026-10-09T16:31:43Z	1421551	aip-yiweilu	benchmarks/cifar100/jobs/ResNet18_simclr_kmeans_size1_lbl1.sh
2026-10-09T16:31:43Z	1421552	aip-boyuwang	benchmarks/cifar100/jobs/ResNet18_simclr_kmeans_size2_lbl1.sh
2026-10-09T16:31:43Z	1421553	aip-boyuwang	benchmarks/cifar100/jobs/ResNet18_simclr_kmeans_size5_lbl1.sh
2026-10-09T16:31:43Z	1421554	aip-boyuwang	benchmarks/cifar100/jobs/ResNet18_simclr_full_size100_lbl1.sh
2026-10-09T16:31:43Z	1421555	aip-boyuwang	benchmarks/cifar100/jobs/ResNet18_barlowtwins_random_size1_lbl1.sh
2026-10-09T16:31:43Z	1421556	aip-yiweilu	benchmarks/cifar100/jobs/ResNet18_barlowtwins_random_size2_lbl1.sh
2026-10-09T16:31:43Z	1421557	aip-boyuwang	benchmarks/cifar100/jobs/ResNet18_barlowtwins_random_size5_lbl1.sh
2026-10-09T16:31:43Z	1421558	aip-boyuwang	benchmarks/cifar100/jobs/ResNet18_barlowtwins_kmeans_size1_lbl1.sh
2026-10-09T16:31:43Z	1421559	aip-boyuwang	benchmarks/cifar100/jobs/ResNet18_barlowtwins_kmeans_size2_lbl1.sh
2026-10-09T16:31:43Z	1421560	aip-boyuwang	benchmarks/cifar100/jobs/ResNet18_barlowtwins_kmeans_size5_lbl1.sh
2026-10-09T16:31:43Z	1421561	aip-yiweilu	benchmarks/cifar100/jobs/ResNet18_barlowtwins_full_size100_lbl1.sh
2026-10-09T16:31:43Z	1421562	aip-boyuwang	benchmarks/cifar100/jobs/ResNet18_none_no_pretrain_size0_lbl5.sh
2026-10-09T16:31:43Z	1421563	aip-boyuwang	benchmarks/cifar100/jobs/ResNet18_simclr_random_size1_lbl5.sh
2026-10-09T16:31:43Z	1421564	aip-boyuwang	benchmarks/cifar100/jobs/ResNet18_simclr_random_size2_lbl5.sh
2026-10-09T16:31:43Z	1421565	aip-boyuwang	benchmarks/cifar100/jobs/ResNet18_simclr_random_size5_lbl5.sh
2026-10-09T16:31:43Z	1421566	aip-yiweilu	benchmarks/cifar100/jobs/ResNet18_simclr_kmeans_size1_lbl5.sh
2026-10-09T16:31:43Z	1421567	aip-boyuwang	benchmarks/cifar100/jobs/ResNet18_simclr_kmeans_size2_lbl5.sh
2026-10-09T16:31:43Z	1421568	aip-boyuwang	benchmarks/cifar100/jobs/ResNet18_simclr_kmeans_size5_lbl5.sh
2026-10-09T16:31:43Z	1421569	aip-boyuwang	benchmarks/cifar100/jobs/ResNet18_simclr_full_size100_lbl5.sh
2026-10-09T16:31:43Z	1421570	aip-boyuwang	benchmarks/cifar100/jobs/ResNet18_barlowtwins_random_size1_lbl5.sh
2026-10-09T16:31:43Z	1421571	aip-yiweilu	benchmarks/cifar100/jobs/ResNet18_barlowtwins_random_size2_lbl5.sh
2026-10-09T16:31:43Z	1421572	aip-boyuwang	benchmarks/cifar100/jobs/ResNet18_barlowtwins_random_size5_lbl5.sh
2026-10-09T16:31:43Z	1421573	aip-boyuwang	benchmarks/cifar100/jobs/ResNet18_barlowtwins_kmeans_size1_lbl5.sh
2026-10-09T16:31:43Z	1421574	aip-boyuwang	benchmarks/cifar100/jobs/ResNet18_barlowtwins_kmeans_size2_lbl5.sh
2026-10-09T16:31:43Z	1421575	aip-boyuwang	benchmarks/cifar100/jobs/ResNet18_barlowtwins_kmeans_size5_lbl5.sh
2026-10-09T16:31:43Z	1421576	aip-yiweilu	benchmarks/cifar100/jobs/ResNet18_barlowtwins_full_size100_lbl5.sh
2026-10-09T16:31:43Z	1421577	aip-boyuwang	/scratch/mmoslem3/MKDT/benchmarks/cifar100/report.sh
