config_id	table	source	target	model	method	ssl_method	subset_percentage	label_percentage	ssl_epochs	probe_epochs	runs	account	job_key
cifar10_ConvNet_simclr_ours_size1__CIFAR10_lbl1	main	CIFAR10	CIFAR10	ConvNet	ours	simclr	1	1	5000	500	10	aip-boyuwang	cifar10_ConvNet_simclr_ours_size1__main
cifar10_ConvNet_simclr_ours_size1__CIFAR10_lbl5	main	CIFAR10	CIFAR10	ConvNet	ours	simclr	1	5	5000	300	10	aip-boyuwang	cifar10_ConvNet_simclr_ours_size1__main
cifar10_ConvNet_simclr_ours_size2__CIFAR10_lbl1	main	CIFAR10	CIFAR10	ConvNet	ours	simclr	2	1	4000	500	10	aip-boyuwang	cifar10_ConvNet_simclr_ours_size2__main
cifar10_ConvNet_simclr_ours_size2__CIFAR10_lbl5	main	CIFAR10	CIFAR10	ConvNet	ours	simclr	2	5	4000	300	10	aip-boyuwang	cifar10_ConvNet_simclr_ours_size2__main
cifar10_ConvNet_simclr_ours_size5__CIFAR10_lbl1	main	CIFAR10	CIFAR10	ConvNet	ours	simclr	5	1	3000	500	10	aip-yiweilu	cifar10_ConvNet_simclr_ours_size5__main
cifar10_ConvNet_simclr_ours_size5__CIFAR10_lbl5	main	CIFAR10	CIFAR10	ConvNet	ours	simclr	5	5	3000	300	10	aip-yiweilu	cifar10_ConvNet_simclr_ours_size5__main
cifar10_ConvNet_barlowtwins_ours_size1__CIFAR10_lbl1	main	CIFAR10	CIFAR10	ConvNet	ours	barlowtwins	1	1	10000	500	10	aip-boyuwang	cifar10_ConvNet_barlowtwins_ours_size1__main
cifar10_ConvNet_barlowtwins_ours_size1__CIFAR10_lbl5	main	CIFAR10	CIFAR10	ConvNet	ours	barlowtwins	1	5	10000	300	10	aip-boyuwang	cifar10_ConvNet_barlowtwins_ours_size1__main
cifar10_ConvNet_barlowtwins_ours_size2__CIFAR10_lbl1	main	CIFAR10	CIFAR10	ConvNet	ours	barlowtwins	2	1	8000	500	10	aip-boyuwang	cifar10_ConvNet_barlowtwins_ours_size2__main
cifar10_ConvNet_barlowtwins_ours_size2__CIFAR10_lbl5	main	CIFAR10	CIFAR10	ConvNet	ours	barlowtwins	2	5	8000	300	10	aip-boyuwang	cifar10_ConvNet_barlowtwins_ours_size2__main
cifar10_ConvNet_barlowtwins_ours_size5__CIFAR10_lbl1	main	CIFAR10	CIFAR10	ConvNet	ours	barlowtwins	5	1	6000	500	10	aip-boyuwang	cifar10_ConvNet_barlowtwins_ours_size5__main
cifar10_ConvNet_barlowtwins_ours_size5__CIFAR10_lbl5	main	CIFAR10	CIFAR10	ConvNet	ours	barlowtwins	5	5	6000	300	10	aip-boyuwang	cifar10_ConvNet_barlowtwins_ours_size5__main
cifar10_VGG11_simclr_ours_size1__CIFAR10_lbl1	main	CIFAR10	CIFAR10	VGG11	ours	simclr	1	1	5000	500	10	aip-boyuwang	cifar10_VGG11_simclr_ours_size1__main
cifar10_VGG11_simclr_ours_size1__CIFAR10_lbl5	main	CIFAR10	CIFAR10	VGG11	ours	simclr	1	5	5000	300	10	aip-boyuwang	cifar10_VGG11_simclr_ours_size1__main
cifar10_VGG11_simclr_ours_size2__CIFAR10_lbl1	main	CIFAR10	CIFAR10	VGG11	ours	simclr	2	1	4000	500	10	aip-yiweilu	cifar10_VGG11_simclr_ours_size2__main
cifar10_VGG11_simclr_ours_size2__CIFAR10_lbl5	main	CIFAR10	CIFAR10	VGG11	ours	simclr	2	5	4000	300	10	aip-yiweilu	cifar10_VGG11_simclr_ours_size2__main
cifar10_VGG11_simclr_ours_size5__CIFAR10_lbl1	main	CIFAR10	CIFAR10	VGG11	ours	simclr	5	1	3000	500	10	aip-boyuwang	cifar10_VGG11_simclr_ours_size5__main
cifar10_VGG11_simclr_ours_size5__CIFAR10_lbl5	main	CIFAR10	CIFAR10	VGG11	ours	simclr	5	5	3000	300	10	aip-boyuwang	cifar10_VGG11_simclr_ours_size5__main
cifar10_VGG11_barlowtwins_ours_size1__CIFAR10_lbl1	main	CIFAR10	CIFAR10	VGG11	ours	barlowtwins	1	1	10000	500	10	aip-boyuwang	cifar10_VGG11_barlowtwins_ours_size1__main
cifar10_VGG11_barlowtwins_ours_size1__CIFAR10_lbl5	main	CIFAR10	CIFAR10	VGG11	ours	barlowtwins	1	5	10000	300	10	aip-boyuwang	cifar10_VGG11_barlowtwins_ours_size1__main
cifar10_VGG11_barlowtwins_ours_size2__CIFAR10_lbl1	main	CIFAR10	CIFAR10	VGG11	ours	barlowtwins	2	1	8000	500	10	aip-boyuwang	cifar10_VGG11_barlowtwins_ours_size2__main
cifar10_VGG11_barlowtwins_ours_size2__CIFAR10_lbl5	main	CIFAR10	CIFAR10	VGG11	ours	barlowtwins	2	5	8000	300	10	aip-boyuwang	cifar10_VGG11_barlowtwins_ours_size2__main
cifar10_VGG11_barlowtwins_ours_size5__CIFAR10_lbl1	main	CIFAR10	CIFAR10	VGG11	ours	barlowtwins	5	1	6000	500	10	aip-boyuwang	cifar10_VGG11_barlowtwins_ours_size5__main
cifar10_VGG11_barlowtwins_ours_size5__CIFAR10_lbl5	main	CIFAR10	CIFAR10	VGG11	ours	barlowtwins	5	5	6000	300	10	aip-boyuwang	cifar10_VGG11_barlowtwins_ours_size5__main
cifar10_ResNet18_simclr_ours_size1__CIFAR10_lbl1	main	CIFAR10	CIFAR10	ResNet18	ours	simclr	1	1	5000	500	10	aip-yiweilu	cifar10_ResNet18_simclr_ours_size1__main
cifar10_ResNet18_simclr_ours_size1__CIFAR10_lbl5	main	CIFAR10	CIFAR10	ResNet18	ours	simclr	1	5	5000	300	10	aip-yiweilu	cifar10_ResNet18_simclr_ours_size1__main
cifar10_ResNet18_simclr_ours_size1__CIFAR100_lbl1	downstream	CIFAR10	CIFAR100	ResNet18	ours	simclr	1	1	5000	500	10	aip-boyuwang	cifar10_ResNet18_simclr_ours_size1__downstream
cifar10_ResNet18_simclr_ours_size1__CIFAR100_lbl5	downstream	CIFAR10	CIFAR100	ResNet18	ours	simclr	1	5	5000	300	10	aip-boyuwang	cifar10_ResNet18_simclr_ours_size1__downstream
cifar10_ResNet18_simclr_ours_size1__Aircraft_lbl1	downstream	CIFAR10	Aircraft	ResNet18	ours	simclr	1	1	5000	500	10	aip-boyuwang	cifar10_ResNet18_simclr_ours_size1__downstream
cifar10_ResNet18_simclr_ours_size1__Aircraft_lbl5	downstream	CIFAR10	Aircraft	ResNet18	ours	simclr	1	5	5000	300	10	aip-boyuwang	cifar10_ResNet18_simclr_ours_size1__downstream
cifar10_ResNet18_simclr_ours_size1__CUB2011_lbl1	downstream	CIFAR10	CUB2011	ResNet18	ours	simclr	1	1	5000	500	10	aip-boyuwang	cifar10_ResNet18_simclr_ours_size1__downstream
cifar10_ResNet18_simclr_ours_size1__CUB2011_lbl5	downstream	CIFAR10	CUB2011	ResNet18	ours	simclr	1	5	5000	300	10	aip-boyuwang	cifar10_ResNet18_simclr_ours_size1__downstream
cifar10_ResNet18_simclr_ours_size1__Dogs_lbl1	downstream	CIFAR10	Dogs	ResNet18	ours	simclr	1	1	5000	500	10	aip-boyuwang	cifar10_ResNet18_simclr_ours_size1__downstream
cifar10_ResNet18_simclr_ours_size1__Dogs_lbl5	downstream	CIFAR10	Dogs	ResNet18	ours	simclr	1	5	5000	300	10	aip-boyuwang	cifar10_ResNet18_simclr_ours_size1__downstream
cifar10_ResNet18_simclr_ours_size1__Flowers_lbl1	downstream	CIFAR10	Flowers	ResNet18	ours	simclr	1	1	5000	500	10	aip-boyuwang	cifar10_ResNet18_simclr_ours_size1__downstream
cifar10_ResNet18_simclr_ours_size1__Flowers_lbl5	downstream	CIFAR10	Flowers	ResNet18	ours	simclr	1	5	5000	300	10	aip-boyuwang	cifar10_ResNet18_simclr_ours_size1__downstream
cifar10_ResNet18_simclr_ours_size1__TinyImageNet_lbl1	downstream	CIFAR10	TinyImageNet	ResNet18	ours	simclr	1	1	5000	500	10	aip-boyuwang	cifar10_ResNet18_simclr_ours_size1__downstream
cifar10_ResNet18_simclr_ours_size1__TinyImageNet_lbl5	downstream	CIFAR10	TinyImageNet	ResNet18	ours	simclr	1	5	5000	300	10	aip-boyuwang	cifar10_ResNet18_simclr_ours_size1__downstream
cifar10_ResNet18_simclr_ours_size2__CIFAR10_lbl1	main	CIFAR10	CIFAR10	ResNet18	ours	simclr	2	1	4000	500	10	aip-boyuwang	cifar10_ResNet18_simclr_ours_size2__main
cifar10_ResNet18_simclr_ours_size2__CIFAR10_lbl5	main	CIFAR10	CIFAR10	ResNet18	ours	simclr	2	5	4000	300	10	aip-boyuwang	cifar10_ResNet18_simclr_ours_size2__main
cifar10_ResNet18_simclr_ours_size2__CIFAR100_lbl1	downstream	CIFAR10	CIFAR100	ResNet18	ours	simclr	2	1	4000	500	10	aip-boyuwang	cifar10_ResNet18_simclr_ours_size2__downstream
cifar10_ResNet18_simclr_ours_size2__CIFAR100_lbl5	downstream	CIFAR10	CIFAR100	ResNet18	ours	simclr	2	5	4000	300	10	aip-boyuwang	cifar10_ResNet18_simclr_ours_size2__downstream
cifar10_ResNet18_simclr_ours_size2__Aircraft_lbl1	downstream	CIFAR10	Aircraft	ResNet18	ours	simclr	2	1	4000	500	10	aip-boyuwang	cifar10_ResNet18_simclr_ours_size2__downstream
cifar10_ResNet18_simclr_ours_size2__Aircraft_lbl5	downstream	CIFAR10	Aircraft	ResNet18	ours	simclr	2	5	4000	300	10	aip-boyuwang	cifar10_ResNet18_simclr_ours_size2__downstream
cifar10_ResNet18_simclr_ours_size2__CUB2011_lbl1	downstream	CIFAR10	CUB2011	ResNet18	ours	simclr	2	1	4000	500	10	aip-boyuwang	cifar10_ResNet18_simclr_ours_size2__downstream
cifar10_ResNet18_simclr_ours_size2__CUB2011_lbl5	downstream	CIFAR10	CUB2011	ResNet18	ours	simclr	2	5	4000	300	10	aip-boyuwang	cifar10_ResNet18_simclr_ours_size2__downstream
cifar10_ResNet18_simclr_ours_size2__Dogs_lbl1	downstream	CIFAR10	Dogs	ResNet18	ours	simclr	2	1	4000	500	10	aip-boyuwang	cifar10_ResNet18_simclr_ours_size2__downstream
cifar10_ResNet18_simclr_ours_size2__Dogs_lbl5	downstream	CIFAR10	Dogs	ResNet18	ours	simclr	2	5	4000	300	10	aip-boyuwang	cifar10_ResNet18_simclr_ours_size2__downstream
cifar10_ResNet18_simclr_ours_size2__Flowers_lbl1	downstream	CIFAR10	Flowers	ResNet18	ours	simclr	2	1	4000	500	10	aip-boyuwang	cifar10_ResNet18_simclr_ours_size2__downstream
cifar10_ResNet18_simclr_ours_size2__Flowers_lbl5	downstream	CIFAR10	Flowers	ResNet18	ours	simclr	2	5	4000	300	10	aip-boyuwang	cifar10_ResNet18_simclr_ours_size2__downstream
cifar10_ResNet18_simclr_ours_size2__TinyImageNet_lbl1	downstream	CIFAR10	TinyImageNet	ResNet18	ours	simclr	2	1	4000	500	10	aip-boyuwang	cifar10_ResNet18_simclr_ours_size2__downstream
cifar10_ResNet18_simclr_ours_size2__TinyImageNet_lbl5	downstream	CIFAR10	TinyImageNet	ResNet18	ours	simclr	2	5	4000	300	10	aip-boyuwang	cifar10_ResNet18_simclr_ours_size2__downstream
cifar10_ResNet18_simclr_ours_size5__CIFAR10_lbl1	main	CIFAR10	CIFAR10	ResNet18	ours	simclr	5	1	3000	500	10	aip-boyuwang	cifar10_ResNet18_simclr_ours_size5__main
cifar10_ResNet18_simclr_ours_size5__CIFAR10_lbl5	main	CIFAR10	CIFAR10	ResNet18	ours	simclr	5	5	3000	300	10	aip-boyuwang	cifar10_ResNet18_simclr_ours_size5__main
cifar10_ResNet18_simclr_ours_size5__CIFAR100_lbl1	downstream	CIFAR10	CIFAR100	ResNet18	ours	simclr	5	1	3000	500	10	aip-boyuwang	cifar10_ResNet18_simclr_ours_size5__downstream
cifar10_ResNet18_simclr_ours_size5__CIFAR100_lbl5	downstream	CIFAR10	CIFAR100	ResNet18	ours	simclr	5	5	3000	300	10	aip-boyuwang	cifar10_ResNet18_simclr_ours_size5__downstream
cifar10_ResNet18_simclr_ours_size5__Aircraft_lbl1	downstream	CIFAR10	Aircraft	ResNet18	ours	simclr	5	1	3000	500	10	aip-boyuwang	cifar10_ResNet18_simclr_ours_size5__downstream
cifar10_ResNet18_simclr_ours_size5__Aircraft_lbl5	downstream	CIFAR10	Aircraft	ResNet18	ours	simclr	5	5	3000	300	10	aip-boyuwang	cifar10_ResNet18_simclr_ours_size5__downstream
cifar10_ResNet18_simclr_ours_size5__CUB2011_lbl1	downstream	CIFAR10	CUB2011	ResNet18	ours	simclr	5	1	3000	500	10	aip-boyuwang	cifar10_ResNet18_simclr_ours_size5__downstream
cifar10_ResNet18_simclr_ours_size5__CUB2011_lbl5	downstream	CIFAR10	CUB2011	ResNet18	ours	simclr	5	5	3000	300	10	aip-boyuwang	cifar10_ResNet18_simclr_ours_size5__downstream
cifar10_ResNet18_simclr_ours_size5__Dogs_lbl1	downstream	CIFAR10	Dogs	ResNet18	ours	simclr	5	1	3000	500	10	aip-boyuwang	cifar10_ResNet18_simclr_ours_size5__downstream
cifar10_ResNet18_simclr_ours_size5__Dogs_lbl5	downstream	CIFAR10	Dogs	ResNet18	ours	simclr	5	5	3000	300	10	aip-boyuwang	cifar10_ResNet18_simclr_ours_size5__downstream
cifar10_ResNet18_simclr_ours_size5__Flowers_lbl1	downstream	CIFAR10	Flowers	ResNet18	ours	simclr	5	1	3000	500	10	aip-boyuwang	cifar10_ResNet18_simclr_ours_size5__downstream
cifar10_ResNet18_simclr_ours_size5__Flowers_lbl5	downstream	CIFAR10	Flowers	ResNet18	ours	simclr	5	5	3000	300	10	aip-boyuwang	cifar10_ResNet18_simclr_ours_size5__downstream
cifar10_ResNet18_simclr_ours_size5__TinyImageNet_lbl1	downstream	CIFAR10	TinyImageNet	ResNet18	ours	simclr	5	1	3000	500	10	aip-boyuwang	cifar10_ResNet18_simclr_ours_size5__downstream
cifar10_ResNet18_simclr_ours_size5__TinyImageNet_lbl5	downstream	CIFAR10	TinyImageNet	ResNet18	ours	simclr	5	5	3000	300	10	aip-boyuwang	cifar10_ResNet18_simclr_ours_size5__downstream
cifar10_ResNet18_barlowtwins_ours_size1__CIFAR10_lbl1	main	CIFAR10	CIFAR10	ResNet18	ours	barlowtwins	1	1	10000	500	10	aip-boyuwang	cifar10_ResNet18_barlowtwins_ours_size1__main
cifar10_ResNet18_barlowtwins_ours_size1__CIFAR10_lbl5	main	CIFAR10	CIFAR10	ResNet18	ours	barlowtwins	1	5	10000	300	10	aip-boyuwang	cifar10_ResNet18_barlowtwins_ours_size1__main
cifar10_ResNet18_barlowtwins_ours_size1__CIFAR100_lbl1	downstream	CIFAR10	CIFAR100	ResNet18	ours	barlowtwins	1	1	10000	500	10	aip-yiweilu	cifar10_ResNet18_barlowtwins_ours_size1__downstream
cifar10_ResNet18_barlowtwins_ours_size1__CIFAR100_lbl5	downstream	CIFAR10	CIFAR100	ResNet18	ours	barlowtwins	1	5	10000	300	10	aip-yiweilu	cifar10_ResNet18_barlowtwins_ours_size1__downstream
cifar10_ResNet18_barlowtwins_ours_size1__Aircraft_lbl1	downstream	CIFAR10	Aircraft	ResNet18	ours	barlowtwins	1	1	10000	500	10	aip-yiweilu	cifar10_ResNet18_barlowtwins_ours_size1__downstream
cifar10_ResNet18_barlowtwins_ours_size1__Aircraft_lbl5	downstream	CIFAR10	Aircraft	ResNet18	ours	barlowtwins	1	5	10000	300	10	aip-yiweilu	cifar10_ResNet18_barlowtwins_ours_size1__downstream
cifar10_ResNet18_barlowtwins_ours_size1__CUB2011_lbl1	downstream	CIFAR10	CUB2011	ResNet18	ours	barlowtwins	1	1	10000	500	10	aip-yiweilu	cifar10_ResNet18_barlowtwins_ours_size1__downstream
cifar10_ResNet18_barlowtwins_ours_size1__CUB2011_lbl5	downstream	CIFAR10	CUB2011	ResNet18	ours	barlowtwins	1	5	10000	300	10	aip-yiweilu	cifar10_ResNet18_barlowtwins_ours_size1__downstream
cifar10_ResNet18_barlowtwins_ours_size1__Dogs_lbl1	downstream	CIFAR10	Dogs	ResNet18	ours	barlowtwins	1	1	10000	500	10	aip-yiweilu	cifar10_ResNet18_barlowtwins_ours_size1__downstream
cifar10_ResNet18_barlowtwins_ours_size1__Dogs_lbl5	downstream	CIFAR10	Dogs	ResNet18	ours	barlowtwins	1	5	10000	300	10	aip-yiweilu	cifar10_ResNet18_barlowtwins_ours_size1__downstream
cifar10_ResNet18_barlowtwins_ours_size1__Flowers_lbl1	downstream	CIFAR10	Flowers	ResNet18	ours	barlowtwins	1	1	10000	500	10	aip-yiweilu	cifar10_ResNet18_barlowtwins_ours_size1__downstream
cifar10_ResNet18_barlowtwins_ours_size1__Flowers_lbl5	downstream	CIFAR10	Flowers	ResNet18	ours	barlowtwins	1	5	10000	300	10	aip-yiweilu	cifar10_ResNet18_barlowtwins_ours_size1__downstream
cifar10_ResNet18_barlowtwins_ours_size1__TinyImageNet_lbl1	downstream	CIFAR10	TinyImageNet	ResNet18	ours	barlowtwins	1	1	10000	500	10	aip-yiweilu	cifar10_ResNet18_barlowtwins_ours_size1__downstream
cifar10_ResNet18_barlowtwins_ours_size1__TinyImageNet_lbl5	downstream	CIFAR10	TinyImageNet	ResNet18	ours	barlowtwins	1	5	10000	300	10	aip-yiweilu	cifar10_ResNet18_barlowtwins_ours_size1__downstream
cifar10_ResNet18_barlowtwins_ours_size2__CIFAR10_lbl1	main	CIFAR10	CIFAR10	ResNet18	ours	barlowtwins	2	1	8000	500	10	aip-boyuwang	cifar10_ResNet18_barlowtwins_ours_size2__main
cifar10_ResNet18_barlowtwins_ours_size2__CIFAR10_lbl5	main	CIFAR10	CIFAR10	ResNet18	ours	barlowtwins	2	5	8000	300	10	aip-boyuwang	cifar10_ResNet18_barlowtwins_ours_size2__main
cifar10_ResNet18_barlowtwins_ours_size2__CIFAR100_lbl1	downstream	CIFAR10	CIFAR100	ResNet18	ours	barlowtwins	2	1	8000	500	10	aip-boyuwang	cifar10_ResNet18_barlowtwins_ours_size2__downstream
cifar10_ResNet18_barlowtwins_ours_size2__CIFAR100_lbl5	downstream	CIFAR10	CIFAR100	ResNet18	ours	barlowtwins	2	5	8000	300	10	aip-boyuwang	cifar10_ResNet18_barlowtwins_ours_size2__downstream
cifar10_ResNet18_barlowtwins_ours_size2__Aircraft_lbl1	downstream	CIFAR10	Aircraft	ResNet18	ours	barlowtwins	2	1	8000	500	10	aip-boyuwang	cifar10_ResNet18_barlowtwins_ours_size2__downstream
cifar10_ResNet18_barlowtwins_ours_size2__Aircraft_lbl5	downstream	CIFAR10	Aircraft	ResNet18	ours	barlowtwins	2	5	8000	300	10	aip-boyuwang	cifar10_ResNet18_barlowtwins_ours_size2__downstream
cifar10_ResNet18_barlowtwins_ours_size2__CUB2011_lbl1	downstream	CIFAR10	CUB2011	ResNet18	ours	barlowtwins	2	1	8000	500	10	aip-boyuwang	cifar10_ResNet18_barlowtwins_ours_size2__downstream
cifar10_ResNet18_barlowtwins_ours_size2__CUB2011_lbl5	downstream	CIFAR10	CUB2011	ResNet18	ours	barlowtwins	2	5	8000	300	10	aip-boyuwang	cifar10_ResNet18_barlowtwins_ours_size2__downstream
cifar10_ResNet18_barlowtwins_ours_size2__Dogs_lbl1	downstream	CIFAR10	Dogs	ResNet18	ours	barlowtwins	2	1	8000	500	10	aip-boyuwang	cifar10_ResNet18_barlowtwins_ours_size2__downstream
cifar10_ResNet18_barlowtwins_ours_size2__Dogs_lbl5	downstream	CIFAR10	Dogs	ResNet18	ours	barlowtwins	2	5	8000	300	10	aip-boyuwang	cifar10_ResNet18_barlowtwins_ours_size2__downstream
cifar10_ResNet18_barlowtwins_ours_size2__Flowers_lbl1	downstream	CIFAR10	Flowers	ResNet18	ours	barlowtwins	2	1	8000	500	10	aip-boyuwang	cifar10_ResNet18_barlowtwins_ours_size2__downstream
cifar10_ResNet18_barlowtwins_ours_size2__Flowers_lbl5	downstream	CIFAR10	Flowers	ResNet18	ours	barlowtwins	2	5	8000	300	10	aip-boyuwang	cifar10_ResNet18_barlowtwins_ours_size2__downstream
cifar10_ResNet18_barlowtwins_ours_size2__TinyImageNet_lbl1	downstream	CIFAR10	TinyImageNet	ResNet18	ours	barlowtwins	2	1	8000	500	10	aip-boyuwang	cifar10_ResNet18_barlowtwins_ours_size2__downstream
cifar10_ResNet18_barlowtwins_ours_size2__TinyImageNet_lbl5	downstream	CIFAR10	TinyImageNet	ResNet18	ours	barlowtwins	2	5	8000	300	10	aip-boyuwang	cifar10_ResNet18_barlowtwins_ours_size2__downstream
cifar10_ResNet18_barlowtwins_ours_size5__CIFAR10_lbl1	main	CIFAR10	CIFAR10	ResNet18	ours	barlowtwins	5	1	6000	500	10	aip-yiweilu	cifar10_ResNet18_barlowtwins_ours_size5__main
cifar10_ResNet18_barlowtwins_ours_size5__CIFAR10_lbl5	main	CIFAR10	CIFAR10	ResNet18	ours	barlowtwins	5	5	6000	300	10	aip-yiweilu	cifar10_ResNet18_barlowtwins_ours_size5__main
cifar10_ResNet18_barlowtwins_ours_size5__CIFAR100_lbl1	downstream	CIFAR10	CIFAR100	ResNet18	ours	barlowtwins	5	1	6000	500	10	aip-boyuwang	cifar10_ResNet18_barlowtwins_ours_size5__downstream
cifar10_ResNet18_barlowtwins_ours_size5__CIFAR100_lbl5	downstream	CIFAR10	CIFAR100	ResNet18	ours	barlowtwins	5	5	6000	300	10	aip-boyuwang	cifar10_ResNet18_barlowtwins_ours_size5__downstream
cifar10_ResNet18_barlowtwins_ours_size5__Aircraft_lbl1	downstream	CIFAR10	Aircraft	ResNet18	ours	barlowtwins	5	1	6000	500	10	aip-boyuwang	cifar10_ResNet18_barlowtwins_ours_size5__downstream
cifar10_ResNet18_barlowtwins_ours_size5__Aircraft_lbl5	downstream	CIFAR10	Aircraft	ResNet18	ours	barlowtwins	5	5	6000	300	10	aip-boyuwang	cifar10_ResNet18_barlowtwins_ours_size5__downstream
cifar10_ResNet18_barlowtwins_ours_size5__CUB2011_lbl1	downstream	CIFAR10	CUB2011	ResNet18	ours	barlowtwins	5	1	6000	500	10	aip-boyuwang	cifar10_ResNet18_barlowtwins_ours_size5__downstream
cifar10_ResNet18_barlowtwins_ours_size5__CUB2011_lbl5	downstream	CIFAR10	CUB2011	ResNet18	ours	barlowtwins	5	5	6000	300	10	aip-boyuwang	cifar10_ResNet18_barlowtwins_ours_size5__downstream
cifar10_ResNet18_barlowtwins_ours_size5__Dogs_lbl1	downstream	CIFAR10	Dogs	ResNet18	ours	barlowtwins	5	1	6000	500	10	aip-boyuwang	cifar10_ResNet18_barlowtwins_ours_size5__downstream
cifar10_ResNet18_barlowtwins_ours_size5__Dogs_lbl5	downstream	CIFAR10	Dogs	ResNet18	ours	barlowtwins	5	5	6000	300	10	aip-boyuwang	cifar10_ResNet18_barlowtwins_ours_size5__downstream
cifar10_ResNet18_barlowtwins_ours_size5__Flowers_lbl1	downstream	CIFAR10	Flowers	ResNet18	ours	barlowtwins	5	1	6000	500	10	aip-boyuwang	cifar10_ResNet18_barlowtwins_ours_size5__downstream
cifar10_ResNet18_barlowtwins_ours_size5__Flowers_lbl5	downstream	CIFAR10	Flowers	ResNet18	ours	barlowtwins	5	5	6000	300	10	aip-boyuwang	cifar10_ResNet18_barlowtwins_ours_size5__downstream
cifar10_ResNet18_barlowtwins_ours_size5__TinyImageNet_lbl1	downstream	CIFAR10	TinyImageNet	ResNet18	ours	barlowtwins	5	1	6000	500	10	aip-boyuwang	cifar10_ResNet18_barlowtwins_ours_size5__downstream
cifar10_ResNet18_barlowtwins_ours_size5__TinyImageNet_lbl5	downstream	CIFAR10	TinyImageNet	ResNet18	ours	barlowtwins	5	5	6000	300	10	aip-boyuwang	cifar10_ResNet18_barlowtwins_ours_size5__downstream
cifar100_ConvNet_simclr_ours_size1__CIFAR100_lbl1	main	CIFAR100	CIFAR100	ConvNet	ours	simclr	1	1	5000	500	10	aip-boyuwang	cifar100_ConvNet_simclr_ours_size1__main
cifar100_ConvNet_simclr_ours_size1__CIFAR100_lbl5	main	CIFAR100	CIFAR100	ConvNet	ours	simclr	1	5	5000	300	10	aip-boyuwang	cifar100_ConvNet_simclr_ours_size1__main
cifar100_ConvNet_simclr_ours_size2__CIFAR100_lbl1	main	CIFAR100	CIFAR100	ConvNet	ours	simclr	2	1	4000	500	10	aip-yiweilu	cifar100_ConvNet_simclr_ours_size2__main
cifar100_ConvNet_simclr_ours_size2__CIFAR100_lbl5	main	CIFAR100	CIFAR100	ConvNet	ours	simclr	2	5	4000	300	10	aip-yiweilu	cifar100_ConvNet_simclr_ours_size2__main
cifar100_ConvNet_simclr_ours_size5__CIFAR100_lbl1	main	CIFAR100	CIFAR100	ConvNet	ours	simclr	5	1	3000	500	10	aip-boyuwang	cifar100_ConvNet_simclr_ours_size5__main
cifar100_ConvNet_simclr_ours_size5__CIFAR100_lbl5	main	CIFAR100	CIFAR100	ConvNet	ours	simclr	5	5	3000	300	10	aip-boyuwang	cifar100_ConvNet_simclr_ours_size5__main
cifar100_ConvNet_barlowtwins_ours_size1__CIFAR100_lbl1	main	CIFAR100	CIFAR100	ConvNet	ours	barlowtwins	1	1	10000	500	10	aip-boyuwang	cifar100_ConvNet_barlowtwins_ours_size1__main
cifar100_ConvNet_barlowtwins_ours_size1__CIFAR100_lbl5	main	CIFAR100	CIFAR100	ConvNet	ours	barlowtwins	1	5	10000	300	10	aip-boyuwang	cifar100_ConvNet_barlowtwins_ours_size1__main
cifar100_ConvNet_barlowtwins_ours_size2__CIFAR100_lbl1	main	CIFAR100	CIFAR100	ConvNet	ours	barlowtwins	2	1	8000	500	10	aip-boyuwang	cifar100_ConvNet_barlowtwins_ours_size2__main
cifar100_ConvNet_barlowtwins_ours_size2__CIFAR100_lbl5	main	CIFAR100	CIFAR100	ConvNet	ours	barlowtwins	2	5	8000	300	10	aip-boyuwang	cifar100_ConvNet_barlowtwins_ours_size2__main
cifar100_ConvNet_barlowtwins_ours_size5__CIFAR100_lbl1	main	CIFAR100	CIFAR100	ConvNet	ours	barlowtwins	5	1	6000	500	10	aip-boyuwang	cifar100_ConvNet_barlowtwins_ours_size5__main
cifar100_ConvNet_barlowtwins_ours_size5__CIFAR100_lbl5	main	CIFAR100	CIFAR100	ConvNet	ours	barlowtwins	5	5	6000	300	10	aip-boyuwang	cifar100_ConvNet_barlowtwins_ours_size5__main
cifar100_VGG11_simclr_ours_size1__CIFAR100_lbl1	main	CIFAR100	CIFAR100	VGG11	ours	simclr	1	1	5000	500	10	aip-yiweilu	cifar100_VGG11_simclr_ours_size1__main
cifar100_VGG11_simclr_ours_size1__CIFAR100_lbl5	main	CIFAR100	CIFAR100	VGG11	ours	simclr	1	5	5000	300	10	aip-yiweilu	cifar100_VGG11_simclr_ours_size1__main
cifar100_VGG11_simclr_ours_size2__CIFAR100_lbl1	main	CIFAR100	CIFAR100	VGG11	ours	simclr	2	1	4000	500	10	aip-boyuwang	cifar100_VGG11_simclr_ours_size2__main
cifar100_VGG11_simclr_ours_size2__CIFAR100_lbl5	main	CIFAR100	CIFAR100	VGG11	ours	simclr	2	5	4000	300	10	aip-boyuwang	cifar100_VGG11_simclr_ours_size2__main
cifar100_VGG11_simclr_ours_size5__CIFAR100_lbl1	main	CIFAR100	CIFAR100	VGG11	ours	simclr	5	1	3000	500	10	aip-boyuwang	cifar100_VGG11_simclr_ours_size5__main
cifar100_VGG11_simclr_ours_size5__CIFAR100_lbl5	main	CIFAR100	CIFAR100	VGG11	ours	simclr	5	5	3000	300	10	aip-boyuwang	cifar100_VGG11_simclr_ours_size5__main
cifar100_VGG11_barlowtwins_ours_size1__CIFAR100_lbl1	main	CIFAR100	CIFAR100	VGG11	ours	barlowtwins	1	1	10000	500	10	aip-boyuwang	cifar100_VGG11_barlowtwins_ours_size1__main
cifar100_VGG11_barlowtwins_ours_size1__CIFAR100_lbl5	main	CIFAR100	CIFAR100	VGG11	ours	barlowtwins	1	5	10000	300	10	aip-boyuwang	cifar100_VGG11_barlowtwins_ours_size1__main
cifar100_VGG11_barlowtwins_ours_size2__CIFAR100_lbl1	main	CIFAR100	CIFAR100	VGG11	ours	barlowtwins	2	1	8000	500	10	aip-boyuwang	cifar100_VGG11_barlowtwins_ours_size2__main
cifar100_VGG11_barlowtwins_ours_size2__CIFAR100_lbl5	main	CIFAR100	CIFAR100	VGG11	ours	barlowtwins	2	5	8000	300	10	aip-boyuwang	cifar100_VGG11_barlowtwins_ours_size2__main
cifar100_VGG11_barlowtwins_ours_size5__CIFAR100_lbl1	main	CIFAR100	CIFAR100	VGG11	ours	barlowtwins	5	1	6000	500	10	aip-yiweilu	cifar100_VGG11_barlowtwins_ours_size5__main
cifar100_VGG11_barlowtwins_ours_size5__CIFAR100_lbl5	main	CIFAR100	CIFAR100	VGG11	ours	barlowtwins	5	5	6000	300	10	aip-yiweilu	cifar100_VGG11_barlowtwins_ours_size5__main
cifar100_ResNet18_simclr_ours_size1__CIFAR100_lbl1	main	CIFAR100	CIFAR100	ResNet18	ours	simclr	1	1	5000	500	10	aip-boyuwang	cifar100_ResNet18_simclr_ours_size1__main
cifar100_ResNet18_simclr_ours_size1__CIFAR100_lbl5	main	CIFAR100	CIFAR100	ResNet18	ours	simclr	1	5	5000	300	10	aip-boyuwang	cifar100_ResNet18_simclr_ours_size1__main
cifar100_ResNet18_simclr_ours_size1__TinyImageNet_lbl1	downstream	CIFAR100	TinyImageNet	ResNet18	ours	simclr	1	1	5000	500	10	aip-boyuwang	cifar100_ResNet18_simclr_ours_size1__downstream
cifar100_ResNet18_simclr_ours_size1__TinyImageNet_lbl5	downstream	CIFAR100	TinyImageNet	ResNet18	ours	simclr	1	5	5000	300	10	aip-boyuwang	cifar100_ResNet18_simclr_ours_size1__downstream
cifar100_ResNet18_simclr_ours_size1__CIFAR10_lbl1	downstream	CIFAR100	CIFAR10	ResNet18	ours	simclr	1	1	5000	500	10	aip-boyuwang	cifar100_ResNet18_simclr_ours_size1__downstream
cifar100_ResNet18_simclr_ours_size1__CIFAR10_lbl5	downstream	CIFAR100	CIFAR10	ResNet18	ours	simclr	1	5	5000	300	10	aip-boyuwang	cifar100_ResNet18_simclr_ours_size1__downstream
cifar100_ResNet18_simclr_ours_size1__Aircraft_lbl1	downstream	CIFAR100	Aircraft	ResNet18	ours	simclr	1	1	5000	500	10	aip-boyuwang	cifar100_ResNet18_simclr_ours_size1__downstream
cifar100_ResNet18_simclr_ours_size1__Aircraft_lbl5	downstream	CIFAR100	Aircraft	ResNet18	ours	simclr	1	5	5000	300	10	aip-boyuwang	cifar100_ResNet18_simclr_ours_size1__downstream
cifar100_ResNet18_simclr_ours_size1__CUB2011_lbl1	downstream	CIFAR100	CUB2011	ResNet18	ours	simclr	1	1	5000	500	10	aip-boyuwang	cifar100_ResNet18_simclr_ours_size1__downstream
cifar100_ResNet18_simclr_ours_size1__CUB2011_lbl5	downstream	CIFAR100	CUB2011	ResNet18	ours	simclr	1	5	5000	300	10	aip-boyuwang	cifar100_ResNet18_simclr_ours_size1__downstream
cifar100_ResNet18_simclr_ours_size1__Dogs_lbl1	downstream	CIFAR100	Dogs	ResNet18	ours	simclr	1	1	5000	500	10	aip-boyuwang	cifar100_ResNet18_simclr_ours_size1__downstream
cifar100_ResNet18_simclr_ours_size1__Dogs_lbl5	downstream	CIFAR100	Dogs	ResNet18	ours	simclr	1	5	5000	300	10	aip-boyuwang	cifar100_ResNet18_simclr_ours_size1__downstream
cifar100_ResNet18_simclr_ours_size1__Flowers_lbl1	downstream	CIFAR100	Flowers	ResNet18	ours	simclr	1	1	5000	500	10	aip-boyuwang	cifar100_ResNet18_simclr_ours_size1__downstream
cifar100_ResNet18_simclr_ours_size1__Flowers_lbl5	downstream	CIFAR100	Flowers	ResNet18	ours	simclr	1	5	5000	300	10	aip-boyuwang	cifar100_ResNet18_simclr_ours_size1__downstream
cifar100_ResNet18_simclr_ours_size2__CIFAR100_lbl1	main	CIFAR100	CIFAR100	ResNet18	ours	simclr	2	1	4000	500	10	aip-yiweilu	cifar100_ResNet18_simclr_ours_size2__main
cifar100_ResNet18_simclr_ours_size2__CIFAR100_lbl5	main	CIFAR100	CIFAR100	ResNet18	ours	simclr	2	5	4000	300	10	aip-yiweilu	cifar100_ResNet18_simclr_ours_size2__main
cifar100_ResNet18_simclr_ours_size2__TinyImageNet_lbl1	downstream	CIFAR100	TinyImageNet	ResNet18	ours	simclr	2	1	4000	500	10	aip-boyuwang	cifar100_ResNet18_simclr_ours_size2__downstream
cifar100_ResNet18_simclr_ours_size2__TinyImageNet_lbl5	downstream	CIFAR100	TinyImageNet	ResNet18	ours	simclr	2	5	4000	300	10	aip-boyuwang	cifar100_ResNet18_simclr_ours_size2__downstream
cifar100_ResNet18_simclr_ours_size2__CIFAR10_lbl1	downstream	CIFAR100	CIFAR10	ResNet18	ours	simclr	2	1	4000	500	10	aip-boyuwang	cifar100_ResNet18_simclr_ours_size2__downstream
cifar100_ResNet18_simclr_ours_size2__CIFAR10_lbl5	downstream	CIFAR100	CIFAR10	ResNet18	ours	simclr	2	5	4000	300	10	aip-boyuwang	cifar100_ResNet18_simclr_ours_size2__downstream
cifar100_ResNet18_simclr_ours_size2__Aircraft_lbl1	downstream	CIFAR100	Aircraft	ResNet18	ours	simclr	2	1	4000	500	10	aip-boyuwang	cifar100_ResNet18_simclr_ours_size2__downstream
cifar100_ResNet18_simclr_ours_size2__Aircraft_lbl5	downstream	CIFAR100	Aircraft	ResNet18	ours	simclr	2	5	4000	300	10	aip-boyuwang	cifar100_ResNet18_simclr_ours_size2__downstream
cifar100_ResNet18_simclr_ours_size2__CUB2011_lbl1	downstream	CIFAR100	CUB2011	ResNet18	ours	simclr	2	1	4000	500	10	aip-boyuwang	cifar100_ResNet18_simclr_ours_size2__downstream
cifar100_ResNet18_simclr_ours_size2__CUB2011_lbl5	downstream	CIFAR100	CUB2011	ResNet18	ours	simclr	2	5	4000	300	10	aip-boyuwang	cifar100_ResNet18_simclr_ours_size2__downstream
cifar100_ResNet18_simclr_ours_size2__Dogs_lbl1	downstream	CIFAR100	Dogs	ResNet18	ours	simclr	2	1	4000	500	10	aip-boyuwang	cifar100_ResNet18_simclr_ours_size2__downstream
cifar100_ResNet18_simclr_ours_size2__Dogs_lbl5	downstream	CIFAR100	Dogs	ResNet18	ours	simclr	2	5	4000	300	10	aip-boyuwang	cifar100_ResNet18_simclr_ours_size2__downstream
cifar100_ResNet18_simclr_ours_size2__Flowers_lbl1	downstream	CIFAR100	Flowers	ResNet18	ours	simclr	2	1	4000	500	10	aip-boyuwang	cifar100_ResNet18_simclr_ours_size2__downstream
cifar100_ResNet18_simclr_ours_size2__Flowers_lbl5	downstream	CIFAR100	Flowers	ResNet18	ours	simclr	2	5	4000	300	10	aip-boyuwang	cifar100_ResNet18_simclr_ours_size2__downstream
cifar100_ResNet18_simclr_ours_size5__CIFAR100_lbl1	main	CIFAR100	CIFAR100	ResNet18	ours	simclr	5	1	3000	500	10	aip-boyuwang	cifar100_ResNet18_simclr_ours_size5__main
cifar100_ResNet18_simclr_ours_size5__CIFAR100_lbl5	main	CIFAR100	CIFAR100	ResNet18	ours	simclr	5	5	3000	300	10	aip-boyuwang	cifar100_ResNet18_simclr_ours_size5__main
cifar100_ResNet18_simclr_ours_size5__TinyImageNet_lbl1	downstream	CIFAR100	TinyImageNet	ResNet18	ours	simclr	5	1	3000	500	10	aip-boyuwang	cifar100_ResNet18_simclr_ours_size5__downstream
cifar100_ResNet18_simclr_ours_size5__TinyImageNet_lbl5	downstream	CIFAR100	TinyImageNet	ResNet18	ours	simclr	5	5	3000	300	10	aip-boyuwang	cifar100_ResNet18_simclr_ours_size5__downstream
cifar100_ResNet18_simclr_ours_size5__CIFAR10_lbl1	downstream	CIFAR100	CIFAR10	ResNet18	ours	simclr	5	1	3000	500	10	aip-boyuwang	cifar100_ResNet18_simclr_ours_size5__downstream
cifar100_ResNet18_simclr_ours_size5__CIFAR10_lbl5	downstream	CIFAR100	CIFAR10	ResNet18	ours	simclr	5	5	3000	300	10	aip-boyuwang	cifar100_ResNet18_simclr_ours_size5__downstream
cifar100_ResNet18_simclr_ours_size5__Aircraft_lbl1	downstream	CIFAR100	Aircraft	ResNet18	ours	simclr	5	1	3000	500	10	aip-boyuwang	cifar100_ResNet18_simclr_ours_size5__downstream
cifar100_ResNet18_simclr_ours_size5__Aircraft_lbl5	downstream	CIFAR100	Aircraft	ResNet18	ours	simclr	5	5	3000	300	10	aip-boyuwang	cifar100_ResNet18_simclr_ours_size5__downstream
cifar100_ResNet18_simclr_ours_size5__CUB2011_lbl1	downstream	CIFAR100	CUB2011	ResNet18	ours	simclr	5	1	3000	500	10	aip-boyuwang	cifar100_ResNet18_simclr_ours_size5__downstream
cifar100_ResNet18_simclr_ours_size5__CUB2011_lbl5	downstream	CIFAR100	CUB2011	ResNet18	ours	simclr	5	5	3000	300	10	aip-boyuwang	cifar100_ResNet18_simclr_ours_size5__downstream
cifar100_ResNet18_simclr_ours_size5__Dogs_lbl1	downstream	CIFAR100	Dogs	ResNet18	ours	simclr	5	1	3000	500	10	aip-boyuwang	cifar100_ResNet18_simclr_ours_size5__downstream
cifar100_ResNet18_simclr_ours_size5__Dogs_lbl5	downstream	CIFAR100	Dogs	ResNet18	ours	simclr	5	5	3000	300	10	aip-boyuwang	cifar100_ResNet18_simclr_ours_size5__downstream
cifar100_ResNet18_simclr_ours_size5__Flowers_lbl1	downstream	CIFAR100	Flowers	ResNet18	ours	simclr	5	1	3000	500	10	aip-boyuwang	cifar100_ResNet18_simclr_ours_size5__downstream
cifar100_ResNet18_simclr_ours_size5__Flowers_lbl5	downstream	CIFAR100	Flowers	ResNet18	ours	simclr	5	5	3000	300	10	aip-boyuwang	cifar100_ResNet18_simclr_ours_size5__downstream
cifar100_ResNet18_barlowtwins_ours_size1__CIFAR100_lbl1	main	CIFAR100	CIFAR100	ResNet18	ours	barlowtwins	1	1	10000	500	10	aip-boyuwang	cifar100_ResNet18_barlowtwins_ours_size1__main
cifar100_ResNet18_barlowtwins_ours_size1__CIFAR100_lbl5	main	CIFAR100	CIFAR100	ResNet18	ours	barlowtwins	1	5	10000	300	10	aip-boyuwang	cifar100_ResNet18_barlowtwins_ours_size1__main
cifar100_ResNet18_barlowtwins_ours_size1__TinyImageNet_lbl1	downstream	CIFAR100	TinyImageNet	ResNet18	ours	barlowtwins	1	1	10000	500	10	aip-boyuwang	cifar100_ResNet18_barlowtwins_ours_size1__downstream
cifar100_ResNet18_barlowtwins_ours_size1__TinyImageNet_lbl5	downstream	CIFAR100	TinyImageNet	ResNet18	ours	barlowtwins	1	5	10000	300	10	aip-boyuwang	cifar100_ResNet18_barlowtwins_ours_size1__downstream
cifar100_ResNet18_barlowtwins_ours_size1__CIFAR10_lbl1	downstream	CIFAR100	CIFAR10	ResNet18	ours	barlowtwins	1	1	10000	500	10	aip-boyuwang	cifar100_ResNet18_barlowtwins_ours_size1__downstream
cifar100_ResNet18_barlowtwins_ours_size1__CIFAR10_lbl5	downstream	CIFAR100	CIFAR10	ResNet18	ours	barlowtwins	1	5	10000	300	10	aip-boyuwang	cifar100_ResNet18_barlowtwins_ours_size1__downstream
cifar100_ResNet18_barlowtwins_ours_size1__Aircraft_lbl1	downstream	CIFAR100	Aircraft	ResNet18	ours	barlowtwins	1	1	10000	500	10	aip-boyuwang	cifar100_ResNet18_barlowtwins_ours_size1__downstream
cifar100_ResNet18_barlowtwins_ours_size1__Aircraft_lbl5	downstream	CIFAR100	Aircraft	ResNet18	ours	barlowtwins	1	5	10000	300	10	aip-boyuwang	cifar100_ResNet18_barlowtwins_ours_size1__downstream
cifar100_ResNet18_barlowtwins_ours_size1__CUB2011_lbl1	downstream	CIFAR100	CUB2011	ResNet18	ours	barlowtwins	1	1	10000	500	10	aip-boyuwang	cifar100_ResNet18_barlowtwins_ours_size1__downstream
cifar100_ResNet18_barlowtwins_ours_size1__CUB2011_lbl5	downstream	CIFAR100	CUB2011	ResNet18	ours	barlowtwins	1	5	10000	300	10	aip-boyuwang	cifar100_ResNet18_barlowtwins_ours_size1__downstream
cifar100_ResNet18_barlowtwins_ours_size1__Dogs_lbl1	downstream	CIFAR100	Dogs	ResNet18	ours	barlowtwins	1	1	10000	500	10	aip-boyuwang	cifar100_ResNet18_barlowtwins_ours_size1__downstream
cifar100_ResNet18_barlowtwins_ours_size1__Dogs_lbl5	downstream	CIFAR100	Dogs	ResNet18	ours	barlowtwins	1	5	10000	300	10	aip-boyuwang	cifar100_ResNet18_barlowtwins_ours_size1__downstream
cifar100_ResNet18_barlowtwins_ours_size1__Flowers_lbl1	downstream	CIFAR100	Flowers	ResNet18	ours	barlowtwins	1	1	10000	500	10	aip-boyuwang	cifar100_ResNet18_barlowtwins_ours_size1__downstream
cifar100_ResNet18_barlowtwins_ours_size1__Flowers_lbl5	downstream	CIFAR100	Flowers	ResNet18	ours	barlowtwins	1	5	10000	300	10	aip-boyuwang	cifar100_ResNet18_barlowtwins_ours_size1__downstream
cifar100_ResNet18_barlowtwins_ours_size2__CIFAR100_lbl1	main	CIFAR100	CIFAR100	ResNet18	ours	barlowtwins	2	1	8000	500	10	aip-boyuwang	cifar100_ResNet18_barlowtwins_ours_size2__main
cifar100_ResNet18_barlowtwins_ours_size2__CIFAR100_lbl5	main	CIFAR100	CIFAR100	ResNet18	ours	barlowtwins	2	5	8000	300	10	aip-boyuwang	cifar100_ResNet18_barlowtwins_ours_size2__main
cifar100_ResNet18_barlowtwins_ours_size2__TinyImageNet_lbl1	downstream	CIFAR100	TinyImageNet	ResNet18	ours	barlowtwins	2	1	8000	500	10	aip-yiweilu	cifar100_ResNet18_barlowtwins_ours_size2__downstream
cifar100_ResNet18_barlowtwins_ours_size2__TinyImageNet_lbl5	downstream	CIFAR100	TinyImageNet	ResNet18	ours	barlowtwins	2	5	8000	300	10	aip-yiweilu	cifar100_ResNet18_barlowtwins_ours_size2__downstream
cifar100_ResNet18_barlowtwins_ours_size2__CIFAR10_lbl1	downstream	CIFAR100	CIFAR10	ResNet18	ours	barlowtwins	2	1	8000	500	10	aip-yiweilu	cifar100_ResNet18_barlowtwins_ours_size2__downstream
cifar100_ResNet18_barlowtwins_ours_size2__CIFAR10_lbl5	downstream	CIFAR100	CIFAR10	ResNet18	ours	barlowtwins	2	5	8000	300	10	aip-yiweilu	cifar100_ResNet18_barlowtwins_ours_size2__downstream
cifar100_ResNet18_barlowtwins_ours_size2__Aircraft_lbl1	downstream	CIFAR100	Aircraft	ResNet18	ours	barlowtwins	2	1	8000	500	10	aip-yiweilu	cifar100_ResNet18_barlowtwins_ours_size2__downstream
cifar100_ResNet18_barlowtwins_ours_size2__Aircraft_lbl5	downstream	CIFAR100	Aircraft	ResNet18	ours	barlowtwins	2	5	8000	300	10	aip-yiweilu	cifar100_ResNet18_barlowtwins_ours_size2__downstream
cifar100_ResNet18_barlowtwins_ours_size2__CUB2011_lbl1	downstream	CIFAR100	CUB2011	ResNet18	ours	barlowtwins	2	1	8000	500	10	aip-yiweilu	cifar100_ResNet18_barlowtwins_ours_size2__downstream
cifar100_ResNet18_barlowtwins_ours_size2__CUB2011_lbl5	downstream	CIFAR100	CUB2011	ResNet18	ours	barlowtwins	2	5	8000	300	10	aip-yiweilu	cifar100_ResNet18_barlowtwins_ours_size2__downstream
cifar100_ResNet18_barlowtwins_ours_size2__Dogs_lbl1	downstream	CIFAR100	Dogs	ResNet18	ours	barlowtwins	2	1	8000	500	10	aip-yiweilu	cifar100_ResNet18_barlowtwins_ours_size2__downstream
cifar100_ResNet18_barlowtwins_ours_size2__Dogs_lbl5	downstream	CIFAR100	Dogs	ResNet18	ours	barlowtwins	2	5	8000	300	10	aip-yiweilu	cifar100_ResNet18_barlowtwins_ours_size2__downstream
cifar100_ResNet18_barlowtwins_ours_size2__Flowers_lbl1	downstream	CIFAR100	Flowers	ResNet18	ours	barlowtwins	2	1	8000	500	10	aip-yiweilu	cifar100_ResNet18_barlowtwins_ours_size2__downstream
cifar100_ResNet18_barlowtwins_ours_size2__Flowers_lbl5	downstream	CIFAR100	Flowers	ResNet18	ours	barlowtwins	2	5	8000	300	10	aip-yiweilu	cifar100_ResNet18_barlowtwins_ours_size2__downstream
cifar100_ResNet18_barlowtwins_ours_size5__CIFAR100_lbl1	main	CIFAR100	CIFAR100	ResNet18	ours	barlowtwins	5	1	6000	500	10	aip-boyuwang	cifar100_ResNet18_barlowtwins_ours_size5__main
cifar100_ResNet18_barlowtwins_ours_size5__CIFAR100_lbl5	main	CIFAR100	CIFAR100	ResNet18	ours	barlowtwins	5	5	6000	300	10	aip-boyuwang	cifar100_ResNet18_barlowtwins_ours_size5__main
cifar100_ResNet18_barlowtwins_ours_size5__TinyImageNet_lbl1	downstream	CIFAR100	TinyImageNet	ResNet18	ours	barlowtwins	5	1	6000	500	10	aip-boyuwang	cifar100_ResNet18_barlowtwins_ours_size5__downstream
cifar100_ResNet18_barlowtwins_ours_size5__TinyImageNet_lbl5	downstream	CIFAR100	TinyImageNet	ResNet18	ours	barlowtwins	5	5	6000	300	10	aip-boyuwang	cifar100_ResNet18_barlowtwins_ours_size5__downstream
cifar100_ResNet18_barlowtwins_ours_size5__CIFAR10_lbl1	downstream	CIFAR100	CIFAR10	ResNet18	ours	barlowtwins	5	1	6000	500	10	aip-boyuwang	cifar100_ResNet18_barlowtwins_ours_size5__downstream
cifar100_ResNet18_barlowtwins_ours_size5__CIFAR10_lbl5	downstream	CIFAR100	CIFAR10	ResNet18	ours	barlowtwins	5	5	6000	300	10	aip-boyuwang	cifar100_ResNet18_barlowtwins_ours_size5__downstream
cifar100_ResNet18_barlowtwins_ours_size5__Aircraft_lbl1	downstream	CIFAR100	Aircraft	ResNet18	ours	barlowtwins	5	1	6000	500	10	aip-boyuwang	cifar100_ResNet18_barlowtwins_ours_size5__downstream
cifar100_ResNet18_barlowtwins_ours_size5__Aircraft_lbl5	downstream	CIFAR100	Aircraft	ResNet18	ours	barlowtwins	5	5	6000	300	10	aip-boyuwang	cifar100_ResNet18_barlowtwins_ours_size5__downstream
cifar100_ResNet18_barlowtwins_ours_size5__CUB2011_lbl1	downstream	CIFAR100	CUB2011	ResNet18	ours	barlowtwins	5	1	6000	500	10	aip-boyuwang	cifar100_ResNet18_barlowtwins_ours_size5__downstream
cifar100_ResNet18_barlowtwins_ours_size5__CUB2011_lbl5	downstream	CIFAR100	CUB2011	ResNet18	ours	barlowtwins	5	5	6000	300	10	aip-boyuwang	cifar100_ResNet18_barlowtwins_ours_size5__downstream
cifar100_ResNet18_barlowtwins_ours_size5__Dogs_lbl1	downstream	CIFAR100	Dogs	ResNet18	ours	barlowtwins	5	1	6000	500	10	aip-boyuwang	cifar100_ResNet18_barlowtwins_ours_size5__downstream
cifar100_ResNet18_barlowtwins_ours_size5__Dogs_lbl5	downstream	CIFAR100	Dogs	ResNet18	ours	barlowtwins	5	5	6000	300	10	aip-boyuwang	cifar100_ResNet18_barlowtwins_ours_size5__downstream
cifar100_ResNet18_barlowtwins_ours_size5__Flowers_lbl1	downstream	CIFAR100	Flowers	ResNet18	ours	barlowtwins	5	1	6000	500	10	aip-boyuwang	cifar100_ResNet18_barlowtwins_ours_size5__downstream
cifar100_ResNet18_barlowtwins_ours_size5__Flowers_lbl5	downstream	CIFAR100	Flowers	ResNet18	ours	barlowtwins	5	5	6000	300	10	aip-boyuwang	cifar100_ResNet18_barlowtwins_ours_size5__downstream
