stage	key	dependency	account	walltime	script
pretrain	cifar10_ConvNet_simclr_ours_size1	-	aip-yiweilu	0-00:35:00	jobs/pretrain/cifar10_ConvNet_simclr_ours_size1.sh
main	cifar10_ConvNet_simclr_ours_size1__main	cifar10_ConvNet_simclr_ours_size1	aip-boyuwang	0-00:20:00	jobs/main/cifar10_ConvNet_simclr_ours_size1__main.sh
pretrain	cifar10_ConvNet_simclr_ours_size2	-	aip-boyuwang	0-00:55:00	jobs/pretrain/cifar10_ConvNet_simclr_ours_size2.sh
main	cifar10_ConvNet_simclr_ours_size2__main	cifar10_ConvNet_simclr_ours_size2	aip-boyuwang	0-00:20:00	jobs/main/cifar10_ConvNet_simclr_ours_size2__main.sh
pretrain	cifar10_ConvNet_simclr_ours_size5	-	aip-boyuwang	0-01:30:00	jobs/pretrain/cifar10_ConvNet_simclr_ours_size5.sh
main	cifar10_ConvNet_simclr_ours_size5__main	cifar10_ConvNet_simclr_ours_size5	aip-yiweilu	0-00:20:00	jobs/main/cifar10_ConvNet_simclr_ours_size5__main.sh
pretrain	cifar10_ConvNet_barlowtwins_ours_size1	-	aip-boyuwang	0-01:20:00	jobs/pretrain/cifar10_ConvNet_barlowtwins_ours_size1.sh
main	cifar10_ConvNet_barlowtwins_ours_size1__main	cifar10_ConvNet_barlowtwins_ours_size1	aip-boyuwang	0-00:20:00	jobs/main/cifar10_ConvNet_barlowtwins_ours_size1__main.sh
pretrain	cifar10_ConvNet_barlowtwins_ours_size2	-	aip-boyuwang	0-02:00:00	jobs/pretrain/cifar10_ConvNet_barlowtwins_ours_size2.sh
main	cifar10_ConvNet_barlowtwins_ours_size2__main	cifar10_ConvNet_barlowtwins_ours_size2	aip-boyuwang	0-00:20:00	jobs/main/cifar10_ConvNet_barlowtwins_ours_size2__main.sh
pretrain	cifar10_ConvNet_barlowtwins_ours_size5	-	aip-yiweilu	0-03:40:00	jobs/pretrain/cifar10_ConvNet_barlowtwins_ours_size5.sh
main	cifar10_ConvNet_barlowtwins_ours_size5__main	cifar10_ConvNet_barlowtwins_ours_size5	aip-boyuwang	0-00:20:00	jobs/main/cifar10_ConvNet_barlowtwins_ours_size5__main.sh
pretrain	cifar10_VGG11_simclr_ours_size1	-	aip-boyuwang	0-00:40:00	jobs/pretrain/cifar10_VGG11_simclr_ours_size1.sh
main	cifar10_VGG11_simclr_ours_size1__main	cifar10_VGG11_simclr_ours_size1	aip-boyuwang	0-00:20:00	jobs/main/cifar10_VGG11_simclr_ours_size1__main.sh
pretrain	cifar10_VGG11_simclr_ours_size2	-	aip-boyuwang	0-01:05:00	jobs/pretrain/cifar10_VGG11_simclr_ours_size2.sh
main	cifar10_VGG11_simclr_ours_size2__main	cifar10_VGG11_simclr_ours_size2	aip-yiweilu	0-00:20:00	jobs/main/cifar10_VGG11_simclr_ours_size2__main.sh
pretrain	cifar10_VGG11_simclr_ours_size5	-	aip-boyuwang	0-01:50:00	jobs/pretrain/cifar10_VGG11_simclr_ours_size5.sh
main	cifar10_VGG11_simclr_ours_size5__main	cifar10_VGG11_simclr_ours_size5	aip-boyuwang	0-00:20:00	jobs/main/cifar10_VGG11_simclr_ours_size5__main.sh
pretrain	cifar10_VGG11_barlowtwins_ours_size1	-	aip-boyuwang	0-01:15:00	jobs/pretrain/cifar10_VGG11_barlowtwins_ours_size1.sh
main	cifar10_VGG11_barlowtwins_ours_size1__main	cifar10_VGG11_barlowtwins_ours_size1	aip-boyuwang	0-00:20:00	jobs/main/cifar10_VGG11_barlowtwins_ours_size1__main.sh
pretrain	cifar10_VGG11_barlowtwins_ours_size2	-	aip-yiweilu	0-01:55:00	jobs/pretrain/cifar10_VGG11_barlowtwins_ours_size2.sh
main	cifar10_VGG11_barlowtwins_ours_size2__main	cifar10_VGG11_barlowtwins_ours_size2	aip-boyuwang	0-00:20:00	jobs/main/cifar10_VGG11_barlowtwins_ours_size2__main.sh
pretrain	cifar10_VGG11_barlowtwins_ours_size5	-	aip-boyuwang	0-03:30:00	jobs/pretrain/cifar10_VGG11_barlowtwins_ours_size5.sh
main	cifar10_VGG11_barlowtwins_ours_size5__main	cifar10_VGG11_barlowtwins_ours_size5	aip-boyuwang	0-00:20:00	jobs/main/cifar10_VGG11_barlowtwins_ours_size5__main.sh
pretrain	cifar10_ResNet18_simclr_ours_size1	-	aip-boyuwang	0-02:05:00	jobs/pretrain/cifar10_ResNet18_simclr_ours_size1.sh
main	cifar10_ResNet18_simclr_ours_size1__main	cifar10_ResNet18_simclr_ours_size1	aip-yiweilu	0-00:20:00	jobs/main/cifar10_ResNet18_simclr_ours_size1__main.sh
downstream	cifar10_ResNet18_simclr_ours_size1__downstream	cifar10_ResNet18_simclr_ours_size1	aip-boyuwang	0-00:20:00	jobs/downstream/cifar10_ResNet18_simclr_ours_size1__downstream.sh
pretrain	cifar10_ResNet18_simclr_ours_size2	-	aip-boyuwang	0-03:15:00	jobs/pretrain/cifar10_ResNet18_simclr_ours_size2.sh
main	cifar10_ResNet18_simclr_ours_size2__main	cifar10_ResNet18_simclr_ours_size2	aip-boyuwang	0-00:20:00	jobs/main/cifar10_ResNet18_simclr_ours_size2__main.sh
downstream	cifar10_ResNet18_simclr_ours_size2__downstream	cifar10_ResNet18_simclr_ours_size2	aip-boyuwang	0-00:20:00	jobs/downstream/cifar10_ResNet18_simclr_ours_size2__downstream.sh
pretrain	cifar10_ResNet18_simclr_ours_size5	-	aip-yiweilu	0-05:55:00	jobs/pretrain/cifar10_ResNet18_simclr_ours_size5.sh
main	cifar10_ResNet18_simclr_ours_size5__main	cifar10_ResNet18_simclr_ours_size5	aip-boyuwang	0-00:20:00	jobs/main/cifar10_ResNet18_simclr_ours_size5__main.sh
downstream	cifar10_ResNet18_simclr_ours_size5__downstream	cifar10_ResNet18_simclr_ours_size5	aip-boyuwang	0-00:20:00	jobs/downstream/cifar10_ResNet18_simclr_ours_size5__downstream.sh
pretrain	cifar10_ResNet18_barlowtwins_ours_size1	-	aip-boyuwang	0-04:00:00	jobs/pretrain/cifar10_ResNet18_barlowtwins_ours_size1.sh
main	cifar10_ResNet18_barlowtwins_ours_size1__main	cifar10_ResNet18_barlowtwins_ours_size1	aip-boyuwang	0-00:20:00	jobs/main/cifar10_ResNet18_barlowtwins_ours_size1__main.sh
downstream	cifar10_ResNet18_barlowtwins_ours_size1__downstream	cifar10_ResNet18_barlowtwins_ours_size1	aip-yiweilu	0-00:20:00	jobs/downstream/cifar10_ResNet18_barlowtwins_ours_size1__downstream.sh
pretrain	cifar10_ResNet18_barlowtwins_ours_size2	-	aip-boyuwang	0-06:15:00	jobs/pretrain/cifar10_ResNet18_barlowtwins_ours_size2.sh
main	cifar10_ResNet18_barlowtwins_ours_size2__main	cifar10_ResNet18_barlowtwins_ours_size2	aip-boyuwang	0-00:20:00	jobs/main/cifar10_ResNet18_barlowtwins_ours_size2__main.sh
downstream	cifar10_ResNet18_barlowtwins_ours_size2__downstream	cifar10_ResNet18_barlowtwins_ours_size2	aip-boyuwang	0-00:20:00	jobs/downstream/cifar10_ResNet18_barlowtwins_ours_size2__downstream.sh
pretrain	cifar10_ResNet18_barlowtwins_ours_size5	-	aip-boyuwang	0-11:40:00	jobs/pretrain/cifar10_ResNet18_barlowtwins_ours_size5.sh
main	cifar10_ResNet18_barlowtwins_ours_size5__main	cifar10_ResNet18_barlowtwins_ours_size5	aip-yiweilu	0-00:20:00	jobs/main/cifar10_ResNet18_barlowtwins_ours_size5__main.sh
downstream	cifar10_ResNet18_barlowtwins_ours_size5__downstream	cifar10_ResNet18_barlowtwins_ours_size5	aip-boyuwang	0-00:20:00	jobs/downstream/cifar10_ResNet18_barlowtwins_ours_size5__downstream.sh
pretrain	cifar100_ConvNet_simclr_ours_size1	-	aip-boyuwang	0-00:35:00	jobs/pretrain/cifar100_ConvNet_simclr_ours_size1.sh
main	cifar100_ConvNet_simclr_ours_size1__main	cifar100_ConvNet_simclr_ours_size1	aip-boyuwang	0-00:20:00	jobs/main/cifar100_ConvNet_simclr_ours_size1__main.sh
pretrain	cifar100_ConvNet_simclr_ours_size2	-	aip-boyuwang	0-00:55:00	jobs/pretrain/cifar100_ConvNet_simclr_ours_size2.sh
main	cifar100_ConvNet_simclr_ours_size2__main	cifar100_ConvNet_simclr_ours_size2	aip-yiweilu	0-00:20:00	jobs/main/cifar100_ConvNet_simclr_ours_size2__main.sh
pretrain	cifar100_ConvNet_simclr_ours_size5	-	aip-boyuwang	0-01:30:00	jobs/pretrain/cifar100_ConvNet_simclr_ours_size5.sh
main	cifar100_ConvNet_simclr_ours_size5__main	cifar100_ConvNet_simclr_ours_size5	aip-boyuwang	0-00:20:00	jobs/main/cifar100_ConvNet_simclr_ours_size5__main.sh
pretrain	cifar100_ConvNet_barlowtwins_ours_size1	-	aip-boyuwang	0-01:20:00	jobs/pretrain/cifar100_ConvNet_barlowtwins_ours_size1.sh
main	cifar100_ConvNet_barlowtwins_ours_size1__main	cifar100_ConvNet_barlowtwins_ours_size1	aip-boyuwang	0-00:20:00	jobs/main/cifar100_ConvNet_barlowtwins_ours_size1__main.sh
pretrain	cifar100_ConvNet_barlowtwins_ours_size2	-	aip-yiweilu	0-02:00:00	jobs/pretrain/cifar100_ConvNet_barlowtwins_ours_size2.sh
main	cifar100_ConvNet_barlowtwins_ours_size2__main	cifar100_ConvNet_barlowtwins_ours_size2	aip-boyuwang	0-00:20:00	jobs/main/cifar100_ConvNet_barlowtwins_ours_size2__main.sh
pretrain	cifar100_ConvNet_barlowtwins_ours_size5	-	aip-boyuwang	0-03:40:00	jobs/pretrain/cifar100_ConvNet_barlowtwins_ours_size5.sh
main	cifar100_ConvNet_barlowtwins_ours_size5__main	cifar100_ConvNet_barlowtwins_ours_size5	aip-boyuwang	0-00:20:00	jobs/main/cifar100_ConvNet_barlowtwins_ours_size5__main.sh
pretrain	cifar100_VGG11_simclr_ours_size1	-	aip-boyuwang	0-00:40:00	jobs/pretrain/cifar100_VGG11_simclr_ours_size1.sh
main	cifar100_VGG11_simclr_ours_size1__main	cifar100_VGG11_simclr_ours_size1	aip-yiweilu	0-00:20:00	jobs/main/cifar100_VGG11_simclr_ours_size1__main.sh
pretrain	cifar100_VGG11_simclr_ours_size2	-	aip-boyuwang	0-01:05:00	jobs/pretrain/cifar100_VGG11_simclr_ours_size2.sh
main	cifar100_VGG11_simclr_ours_size2__main	cifar100_VGG11_simclr_ours_size2	aip-boyuwang	0-00:20:00	jobs/main/cifar100_VGG11_simclr_ours_size2__main.sh
pretrain	cifar100_VGG11_simclr_ours_size5	-	aip-boyuwang	0-01:50:00	jobs/pretrain/cifar100_VGG11_simclr_ours_size5.sh
main	cifar100_VGG11_simclr_ours_size5__main	cifar100_VGG11_simclr_ours_size5	aip-boyuwang	0-00:20:00	jobs/main/cifar100_VGG11_simclr_ours_size5__main.sh
pretrain	cifar100_VGG11_barlowtwins_ours_size1	-	aip-yiweilu	0-01:15:00	jobs/pretrain/cifar100_VGG11_barlowtwins_ours_size1.sh
main	cifar100_VGG11_barlowtwins_ours_size1__main	cifar100_VGG11_barlowtwins_ours_size1	aip-boyuwang	0-00:20:00	jobs/main/cifar100_VGG11_barlowtwins_ours_size1__main.sh
pretrain	cifar100_VGG11_barlowtwins_ours_size2	-	aip-boyuwang	0-01:55:00	jobs/pretrain/cifar100_VGG11_barlowtwins_ours_size2.sh
main	cifar100_VGG11_barlowtwins_ours_size2__main	cifar100_VGG11_barlowtwins_ours_size2	aip-boyuwang	0-00:20:00	jobs/main/cifar100_VGG11_barlowtwins_ours_size2__main.sh
pretrain	cifar100_VGG11_barlowtwins_ours_size5	-	aip-boyuwang	0-03:30:00	jobs/pretrain/cifar100_VGG11_barlowtwins_ours_size5.sh
main	cifar100_VGG11_barlowtwins_ours_size5__main	cifar100_VGG11_barlowtwins_ours_size5	aip-yiweilu	0-00:20:00	jobs/main/cifar100_VGG11_barlowtwins_ours_size5__main.sh
pretrain	cifar100_ResNet18_simclr_ours_size1	-	aip-boyuwang	0-02:05:00	jobs/pretrain/cifar100_ResNet18_simclr_ours_size1.sh
main	cifar100_ResNet18_simclr_ours_size1__main	cifar100_ResNet18_simclr_ours_size1	aip-boyuwang	0-00:20:00	jobs/main/cifar100_ResNet18_simclr_ours_size1__main.sh
downstream	cifar100_ResNet18_simclr_ours_size1__downstream	cifar100_ResNet18_simclr_ours_size1	aip-boyuwang	0-00:20:00	jobs/downstream/cifar100_ResNet18_simclr_ours_size1__downstream.sh
pretrain	cifar100_ResNet18_simclr_ours_size2	-	aip-boyuwang	0-03:15:00	jobs/pretrain/cifar100_ResNet18_simclr_ours_size2.sh
main	cifar100_ResNet18_simclr_ours_size2__main	cifar100_ResNet18_simclr_ours_size2	aip-yiweilu	0-00:20:00	jobs/main/cifar100_ResNet18_simclr_ours_size2__main.sh
downstream	cifar100_ResNet18_simclr_ours_size2__downstream	cifar100_ResNet18_simclr_ours_size2	aip-boyuwang	0-00:20:00	jobs/downstream/cifar100_ResNet18_simclr_ours_size2__downstream.sh
pretrain	cifar100_ResNet18_simclr_ours_size5	-	aip-boyuwang	0-05:55:00	jobs/pretrain/cifar100_ResNet18_simclr_ours_size5.sh
main	cifar100_ResNet18_simclr_ours_size5__main	cifar100_ResNet18_simclr_ours_size5	aip-boyuwang	0-00:20:00	jobs/main/cifar100_ResNet18_simclr_ours_size5__main.sh
downstream	cifar100_ResNet18_simclr_ours_size5__downstream	cifar100_ResNet18_simclr_ours_size5	aip-boyuwang	0-00:20:00	jobs/downstream/cifar100_ResNet18_simclr_ours_size5__downstream.sh
pretrain	cifar100_ResNet18_barlowtwins_ours_size1	-	aip-yiweilu	0-04:00:00	jobs/pretrain/cifar100_ResNet18_barlowtwins_ours_size1.sh
main	cifar100_ResNet18_barlowtwins_ours_size1__main	cifar100_ResNet18_barlowtwins_ours_size1	aip-boyuwang	0-00:20:00	jobs/main/cifar100_ResNet18_barlowtwins_ours_size1__main.sh
downstream	cifar100_ResNet18_barlowtwins_ours_size1__downstream	cifar100_ResNet18_barlowtwins_ours_size1	aip-boyuwang	0-00:20:00	jobs/downstream/cifar100_ResNet18_barlowtwins_ours_size1__downstream.sh
pretrain	cifar100_ResNet18_barlowtwins_ours_size2	-	aip-boyuwang	0-06:15:00	jobs/pretrain/cifar100_ResNet18_barlowtwins_ours_size2.sh
main	cifar100_ResNet18_barlowtwins_ours_size2__main	cifar100_ResNet18_barlowtwins_ours_size2	aip-boyuwang	0-00:20:00	jobs/main/cifar100_ResNet18_barlowtwins_ours_size2__main.sh
downstream	cifar100_ResNet18_barlowtwins_ours_size2__downstream	cifar100_ResNet18_barlowtwins_ours_size2	aip-yiweilu	0-00:20:00	jobs/downstream/cifar100_ResNet18_barlowtwins_ours_size2__downstream.sh
pretrain	cifar100_ResNet18_barlowtwins_ours_size5	-	aip-boyuwang	0-11:40:00	jobs/pretrain/cifar100_ResNet18_barlowtwins_ours_size5.sh
main	cifar100_ResNet18_barlowtwins_ours_size5__main	cifar100_ResNet18_barlowtwins_ours_size5	aip-boyuwang	0-00:20:00	jobs/main/cifar100_ResNet18_barlowtwins_ours_size5__main.sh
downstream	cifar100_ResNet18_barlowtwins_ours_size5__downstream	cifar100_ResNet18_barlowtwins_ours_size5	aip-boyuwang	0-00:20:00	jobs/downstream/cifar100_ResNet18_barlowtwins_ours_size5__downstream.sh
