2026-10-10T00:45:44Z	1430257	aip-yiweilu	pretrain	jobs/pretrain/cifar10_ConvNet_simclr_ours_size1.sh
2026-10-10T00:45:44Z	1430258	aip-boyuwang	main	jobs/main/cifar10_ConvNet_simclr_ours_size1__main.sh
2026-10-10T00:45:44Z	1430259	aip-boyuwang	pretrain	jobs/pretrain/cifar10_ConvNet_simclr_ours_size2.sh
2026-10-10T00:45:44Z	1430260	aip-boyuwang	main	jobs/main/cifar10_ConvNet_simclr_ours_size2__main.sh
2026-10-10T00:45:44Z	1430261	aip-boyuwang	pretrain	jobs/pretrain/cifar10_ConvNet_simclr_ours_size5.sh
2026-10-10T00:45:44Z	1430262	aip-yiweilu	main	jobs/main/cifar10_ConvNet_simclr_ours_size5__main.sh
2026-10-10T00:45:44Z	1430263	aip-boyuwang	pretrain	jobs/pretrain/cifar10_ConvNet_barlowtwins_ours_size1.sh
2026-10-10T00:45:44Z	1430264	aip-boyuwang	main	jobs/main/cifar10_ConvNet_barlowtwins_ours_size1__main.sh
2026-10-10T00:45:44Z	1430265	aip-boyuwang	pretrain	jobs/pretrain/cifar10_ConvNet_barlowtwins_ours_size2.sh
2026-10-10T00:45:44Z	1430266	aip-boyuwang	main	jobs/main/cifar10_ConvNet_barlowtwins_ours_size2__main.sh
2026-10-10T00:45:44Z	1430267	aip-yiweilu	pretrain	jobs/pretrain/cifar10_ConvNet_barlowtwins_ours_size5.sh
2026-10-10T00:45:44Z	1430268	aip-boyuwang	main	jobs/main/cifar10_ConvNet_barlowtwins_ours_size5__main.sh
2026-10-10T00:45:44Z	1430269	aip-boyuwang	pretrain	jobs/pretrain/cifar10_VGG11_simclr_ours_size1.sh
2026-10-10T00:45:44Z	1430270	aip-boyuwang	main	jobs/main/cifar10_VGG11_simclr_ours_size1__main.sh
2026-10-10T00:45:44Z	1430271	aip-boyuwang	pretrain	jobs/pretrain/cifar10_VGG11_simclr_ours_size2.sh
2026-10-10T00:45:44Z	1430272	aip-yiweilu	main	jobs/main/cifar10_VGG11_simclr_ours_size2__main.sh
2026-10-10T00:45:44Z	1430273	aip-boyuwang	pretrain	jobs/pretrain/cifar10_VGG11_simclr_ours_size5.sh
2026-10-10T00:45:44Z	1430274	aip-boyuwang	main	jobs/main/cifar10_VGG11_simclr_ours_size5__main.sh
2026-10-10T00:45:44Z	1430275	aip-boyuwang	pretrain	jobs/pretrain/cifar10_VGG11_barlowtwins_ours_size1.sh
2026-10-10T00:45:44Z	1430276	aip-boyuwang	main	jobs/main/cifar10_VGG11_barlowtwins_ours_size1__main.sh
2026-10-10T00:45:44Z	1430277	aip-yiweilu	pretrain	jobs/pretrain/cifar10_VGG11_barlowtwins_ours_size2.sh
2026-10-10T00:45:44Z	1430278	aip-boyuwang	main	jobs/main/cifar10_VGG11_barlowtwins_ours_size2__main.sh
2026-10-10T00:45:44Z	1430279	aip-boyuwang	pretrain	jobs/pretrain/cifar10_VGG11_barlowtwins_ours_size5.sh
2026-10-10T00:45:44Z	1430280	aip-boyuwang	main	jobs/main/cifar10_VGG11_barlowtwins_ours_size5__main.sh
2026-10-10T00:45:44Z	1430281	aip-boyuwang	pretrain	jobs/pretrain/cifar10_ResNet18_simclr_ours_size1.sh
2026-10-10T00:45:44Z	1430282	aip-yiweilu	main	jobs/main/cifar10_ResNet18_simclr_ours_size1__main.sh
2026-10-10T00:45:44Z	1430283	aip-boyuwang	downstream	jobs/downstream/cifar10_ResNet18_simclr_ours_size1__downstream.sh
2026-10-10T00:45:44Z	1430284	aip-boyuwang	pretrain	jobs/pretrain/cifar10_ResNet18_simclr_ours_size2.sh
2026-10-10T00:45:44Z	1430285	aip-boyuwang	main	jobs/main/cifar10_ResNet18_simclr_ours_size2__main.sh
2026-10-10T00:45:44Z	1430286	aip-boyuwang	downstream	jobs/downstream/cifar10_ResNet18_simclr_ours_size2__downstream.sh
2026-10-10T00:45:44Z	1430287	aip-yiweilu	pretrain	jobs/pretrain/cifar10_ResNet18_simclr_ours_size5.sh
2026-10-10T00:45:44Z	1430288	aip-boyuwang	main	jobs/main/cifar10_ResNet18_simclr_ours_size5__main.sh
2026-10-10T00:45:44Z	1430289	aip-boyuwang	downstream	jobs/downstream/cifar10_ResNet18_simclr_ours_size5__downstream.sh
2026-10-10T00:45:44Z	1430290	aip-boyuwang	pretrain	jobs/pretrain/cifar10_ResNet18_barlowtwins_ours_size1.sh
2026-10-10T00:45:44Z	1430291	aip-boyuwang	main	jobs/main/cifar10_ResNet18_barlowtwins_ours_size1__main.sh
2026-10-10T00:45:44Z	1430292	aip-yiweilu	downstream	jobs/downstream/cifar10_ResNet18_barlowtwins_ours_size1__downstream.sh
2026-10-10T00:45:44Z	1430293	aip-boyuwang	pretrain	jobs/pretrain/cifar10_ResNet18_barlowtwins_ours_size2.sh
2026-10-10T00:45:44Z	1430294	aip-boyuwang	main	jobs/main/cifar10_ResNet18_barlowtwins_ours_size2__main.sh
2026-10-10T00:45:45Z	1430295	aip-boyuwang	downstream	jobs/downstream/cifar10_ResNet18_barlowtwins_ours_size2__downstream.sh
2026-10-10T00:45:45Z	1430296	aip-boyuwang	pretrain	jobs/pretrain/cifar10_ResNet18_barlowtwins_ours_size5.sh
2026-10-10T00:45:45Z	1430297	aip-yiweilu	main	jobs/main/cifar10_ResNet18_barlowtwins_ours_size5__main.sh
2026-10-10T00:45:45Z	1430298	aip-boyuwang	downstream	jobs/downstream/cifar10_ResNet18_barlowtwins_ours_size5__downstream.sh
2026-10-10T00:45:45Z	1430299	aip-boyuwang	pretrain	jobs/pretrain/cifar100_ConvNet_simclr_ours_size1.sh
2026-10-10T00:45:45Z	1430300	aip-boyuwang	main	jobs/main/cifar100_ConvNet_simclr_ours_size1__main.sh
2026-10-10T00:45:45Z	1430301	aip-boyuwang	pretrain	jobs/pretrain/cifar100_ConvNet_simclr_ours_size2.sh
2026-10-10T00:45:45Z	1430302	aip-yiweilu	main	jobs/main/cifar100_ConvNet_simclr_ours_size2__main.sh
2026-10-10T00:45:45Z	1430303	aip-boyuwang	pretrain	jobs/pretrain/cifar100_ConvNet_simclr_ours_size5.sh
2026-10-10T00:45:45Z	1430304	aip-boyuwang	main	jobs/main/cifar100_ConvNet_simclr_ours_size5__main.sh
2026-10-10T00:45:45Z	1430305	aip-boyuwang	pretrain	jobs/pretrain/cifar100_ConvNet_barlowtwins_ours_size1.sh
2026-10-10T00:45:45Z	1430306	aip-boyuwang	main	jobs/main/cifar100_ConvNet_barlowtwins_ours_size1__main.sh
2026-10-10T00:45:45Z	1430307	aip-yiweilu	pretrain	jobs/pretrain/cifar100_ConvNet_barlowtwins_ours_size2.sh
2026-10-10T00:45:45Z	1430308	aip-boyuwang	main	jobs/main/cifar100_ConvNet_barlowtwins_ours_size2__main.sh
2026-10-10T00:45:45Z	1430309	aip-boyuwang	pretrain	jobs/pretrain/cifar100_ConvNet_barlowtwins_ours_size5.sh
2026-10-10T00:45:45Z	1430310	aip-boyuwang	main	jobs/main/cifar100_ConvNet_barlowtwins_ours_size5__main.sh
2026-10-10T00:45:45Z	1430311	aip-boyuwang	pretrain	jobs/pretrain/cifar100_VGG11_simclr_ours_size1.sh
2026-10-10T00:45:45Z	1430312	aip-yiweilu	main	jobs/main/cifar100_VGG11_simclr_ours_size1__main.sh
2026-10-10T00:45:45Z	1430313	aip-boyuwang	pretrain	jobs/pretrain/cifar100_VGG11_simclr_ours_size2.sh
2026-10-10T00:45:45Z	1430314	aip-boyuwang	main	jobs/main/cifar100_VGG11_simclr_ours_size2__main.sh
2026-10-10T00:45:45Z	1430315	aip-boyuwang	pretrain	jobs/pretrain/cifar100_VGG11_simclr_ours_size5.sh
2026-10-10T00:45:45Z	1430316	aip-boyuwang	main	jobs/main/cifar100_VGG11_simclr_ours_size5__main.sh
2026-10-10T00:45:45Z	1430317	aip-yiweilu	pretrain	jobs/pretrain/cifar100_VGG11_barlowtwins_ours_size1.sh
2026-10-10T00:45:45Z	1430318	aip-boyuwang	main	jobs/main/cifar100_VGG11_barlowtwins_ours_size1__main.sh
2026-10-10T00:45:45Z	1430319	aip-boyuwang	pretrain	jobs/pretrain/cifar100_VGG11_barlowtwins_ours_size2.sh
2026-10-10T00:45:45Z	1430320	aip-boyuwang	main	jobs/main/cifar100_VGG11_barlowtwins_ours_size2__main.sh
2026-10-10T00:45:45Z	1430321	aip-boyuwang	pretrain	jobs/pretrain/cifar100_VGG11_barlowtwins_ours_size5.sh
2026-10-10T00:45:45Z	1430322	aip-yiweilu	main	jobs/main/cifar100_VGG11_barlowtwins_ours_size5__main.sh
2026-10-10T00:45:45Z	1430323	aip-boyuwang	pretrain	jobs/pretrain/cifar100_ResNet18_simclr_ours_size1.sh
2026-10-10T00:45:45Z	1430324	aip-boyuwang	main	jobs/main/cifar100_ResNet18_simclr_ours_size1__main.sh
2026-10-10T00:45:45Z	1430325	aip-boyuwang	downstream	jobs/downstream/cifar100_ResNet18_simclr_ours_size1__downstream.sh
2026-10-10T00:45:45Z	1430326	aip-boyuwang	pretrain	jobs/pretrain/cifar100_ResNet18_simclr_ours_size2.sh
2026-10-10T00:45:45Z	1430327	aip-yiweilu	main	jobs/main/cifar100_ResNet18_simclr_ours_size2__main.sh
2026-10-10T00:45:45Z	1430328	aip-boyuwang	downstream	jobs/downstream/cifar100_ResNet18_simclr_ours_size2__downstream.sh
2026-10-10T00:45:46Z	1430346	aip-boyuwang	pretrain	jobs/pretrain/cifar100_ResNet18_simclr_ours_size5.sh
2026-10-10T00:45:46Z	1430347	aip-boyuwang	main	jobs/main/cifar100_ResNet18_simclr_ours_size5__main.sh
2026-10-10T00:45:46Z	1430348	aip-boyuwang	downstream	jobs/downstream/cifar100_ResNet18_simclr_ours_size5__downstream.sh
2026-10-10T00:45:46Z	1430349	aip-yiweilu	pretrain	jobs/pretrain/cifar100_ResNet18_barlowtwins_ours_size1.sh
2026-10-10T00:45:46Z	1430350	aip-boyuwang	main	jobs/main/cifar100_ResNet18_barlowtwins_ours_size1__main.sh
2026-10-10T00:45:46Z	1430351	aip-boyuwang	downstream	jobs/downstream/cifar100_ResNet18_barlowtwins_ours_size1__downstream.sh
2026-10-10T00:45:46Z	1430352	aip-boyuwang	pretrain	jobs/pretrain/cifar100_ResNet18_barlowtwins_ours_size2.sh
2026-10-10T00:45:46Z	1430353	aip-boyuwang	main	jobs/main/cifar100_ResNet18_barlowtwins_ours_size2__main.sh
2026-10-10T00:45:46Z	1430354	aip-yiweilu	downstream	jobs/downstream/cifar100_ResNet18_barlowtwins_ours_size2__downstream.sh
2026-10-10T00:45:46Z	1430355	aip-boyuwang	pretrain	jobs/pretrain/cifar100_ResNet18_barlowtwins_ours_size5.sh
2026-10-10T00:45:46Z	1430356	aip-boyuwang	main	jobs/main/cifar100_ResNet18_barlowtwins_ours_size5__main.sh
2026-10-10T00:45:46Z	1430357	aip-boyuwang	downstream	jobs/downstream/cifar100_ResNet18_barlowtwins_ours_size5__downstream.sh
2026-10-10T00:45:46Z	1430358	aip-boyuwang	report	jobs/report.sh
