stage	key	dependency	walltime	script
synthesize	syn_size1	-	0-02:00:00	synthesize/syn_size1.sh
synthesize	syn_size2	-	0-02:00:00	synthesize/syn_size2.sh
synthesize	syn_size5	-	0-02:00:00	synthesize/syn_size5.sh
pretrain	ConvNet_simclr_ours_size1	syn_size1	0-01:10:00	pretrain/ConvNet_simclr_ours_size1.sh
evaluate	CIFAR10_ConvNet_simclr_ours_size1_lbl1	ConvNet_simclr_ours_size1	0-01:05:00	evaluate/CIFAR10_ConvNet_simclr_ours_size1_lbl1.sh
evaluate	CIFAR10_ConvNet_simclr_ours_size1_lbl5	ConvNet_simclr_ours_size1	0-01:05:00	evaluate/CIFAR10_ConvNet_simclr_ours_size1_lbl5.sh
evaluate	CIFAR100_ConvNet_simclr_ours_size1_lbl1	ConvNet_simclr_ours_size1	0-01:05:00	evaluate/CIFAR100_ConvNet_simclr_ours_size1_lbl1.sh
evaluate	CIFAR100_ConvNet_simclr_ours_size1_lbl5	ConvNet_simclr_ours_size1	0-01:05:00	evaluate/CIFAR100_ConvNet_simclr_ours_size1_lbl5.sh
evaluate	Aircraft_ConvNet_simclr_ours_size1_lbl1	ConvNet_simclr_ours_size1	0-01:05:00	evaluate/Aircraft_ConvNet_simclr_ours_size1_lbl1.sh
evaluate	Aircraft_ConvNet_simclr_ours_size1_lbl5	ConvNet_simclr_ours_size1	0-01:05:00	evaluate/Aircraft_ConvNet_simclr_ours_size1_lbl5.sh
evaluate	CUB2011_ConvNet_simclr_ours_size1_lbl1	ConvNet_simclr_ours_size1	0-01:05:00	evaluate/CUB2011_ConvNet_simclr_ours_size1_lbl1.sh
evaluate	CUB2011_ConvNet_simclr_ours_size1_lbl5	ConvNet_simclr_ours_size1	0-01:05:00	evaluate/CUB2011_ConvNet_simclr_ours_size1_lbl5.sh
evaluate	Dogs_ConvNet_simclr_ours_size1_lbl1	ConvNet_simclr_ours_size1	0-01:05:00	evaluate/Dogs_ConvNet_simclr_ours_size1_lbl1.sh
evaluate	Dogs_ConvNet_simclr_ours_size1_lbl5	ConvNet_simclr_ours_size1	0-01:05:00	evaluate/Dogs_ConvNet_simclr_ours_size1_lbl5.sh
evaluate	Flowers_ConvNet_simclr_ours_size1_lbl1	ConvNet_simclr_ours_size1	0-01:05:00	evaluate/Flowers_ConvNet_simclr_ours_size1_lbl1.sh
evaluate	Flowers_ConvNet_simclr_ours_size1_lbl5	ConvNet_simclr_ours_size1	0-01:05:00	evaluate/Flowers_ConvNet_simclr_ours_size1_lbl5.sh
evaluate	TinyImageNet_ConvNet_simclr_ours_size1_lbl1	ConvNet_simclr_ours_size1	0-01:05:00	evaluate/TinyImageNet_ConvNet_simclr_ours_size1_lbl1.sh
evaluate	TinyImageNet_ConvNet_simclr_ours_size1_lbl5	ConvNet_simclr_ours_size1	0-01:05:00	evaluate/TinyImageNet_ConvNet_simclr_ours_size1_lbl5.sh
pretrain	ConvNet_simclr_ours_size2	syn_size2	0-01:15:00	pretrain/ConvNet_simclr_ours_size2.sh
evaluate	CIFAR10_ConvNet_simclr_ours_size2_lbl1	ConvNet_simclr_ours_size2	0-01:05:00	evaluate/CIFAR10_ConvNet_simclr_ours_size2_lbl1.sh
evaluate	CIFAR10_ConvNet_simclr_ours_size2_lbl5	ConvNet_simclr_ours_size2	0-01:05:00	evaluate/CIFAR10_ConvNet_simclr_ours_size2_lbl5.sh
evaluate	CIFAR100_ConvNet_simclr_ours_size2_lbl1	ConvNet_simclr_ours_size2	0-01:05:00	evaluate/CIFAR100_ConvNet_simclr_ours_size2_lbl1.sh
evaluate	CIFAR100_ConvNet_simclr_ours_size2_lbl5	ConvNet_simclr_ours_size2	0-01:05:00	evaluate/CIFAR100_ConvNet_simclr_ours_size2_lbl5.sh
evaluate	Aircraft_ConvNet_simclr_ours_size2_lbl1	ConvNet_simclr_ours_size2	0-01:05:00	evaluate/Aircraft_ConvNet_simclr_ours_size2_lbl1.sh
evaluate	Aircraft_ConvNet_simclr_ours_size2_lbl5	ConvNet_simclr_ours_size2	0-01:05:00	evaluate/Aircraft_ConvNet_simclr_ours_size2_lbl5.sh
evaluate	CUB2011_ConvNet_simclr_ours_size2_lbl1	ConvNet_simclr_ours_size2	0-01:05:00	evaluate/CUB2011_ConvNet_simclr_ours_size2_lbl1.sh
evaluate	CUB2011_ConvNet_simclr_ours_size2_lbl5	ConvNet_simclr_ours_size2	0-01:05:00	evaluate/CUB2011_ConvNet_simclr_ours_size2_lbl5.sh
evaluate	Dogs_ConvNet_simclr_ours_size2_lbl1	ConvNet_simclr_ours_size2	0-01:05:00	evaluate/Dogs_ConvNet_simclr_ours_size2_lbl1.sh
evaluate	Dogs_ConvNet_simclr_ours_size2_lbl5	ConvNet_simclr_ours_size2	0-01:05:00	evaluate/Dogs_ConvNet_simclr_ours_size2_lbl5.sh
evaluate	Flowers_ConvNet_simclr_ours_size2_lbl1	ConvNet_simclr_ours_size2	0-01:05:00	evaluate/Flowers_ConvNet_simclr_ours_size2_lbl1.sh
evaluate	Flowers_ConvNet_simclr_ours_size2_lbl5	ConvNet_simclr_ours_size2	0-01:05:00	evaluate/Flowers_ConvNet_simclr_ours_size2_lbl5.sh
evaluate	TinyImageNet_ConvNet_simclr_ours_size2_lbl1	ConvNet_simclr_ours_size2	0-01:05:00	evaluate/TinyImageNet_ConvNet_simclr_ours_size2_lbl1.sh
evaluate	TinyImageNet_ConvNet_simclr_ours_size2_lbl5	ConvNet_simclr_ours_size2	0-01:05:00	evaluate/TinyImageNet_ConvNet_simclr_ours_size2_lbl5.sh
pretrain	ConvNet_simclr_ours_size5	syn_size5	0-01:20:00	pretrain/ConvNet_simclr_ours_size5.sh
evaluate	CIFAR10_ConvNet_simclr_ours_size5_lbl1	ConvNet_simclr_ours_size5	0-01:05:00	evaluate/CIFAR10_ConvNet_simclr_ours_size5_lbl1.sh
evaluate	CIFAR10_ConvNet_simclr_ours_size5_lbl5	ConvNet_simclr_ours_size5	0-01:05:00	evaluate/CIFAR10_ConvNet_simclr_ours_size5_lbl5.sh
evaluate	CIFAR100_ConvNet_simclr_ours_size5_lbl1	ConvNet_simclr_ours_size5	0-01:05:00	evaluate/CIFAR100_ConvNet_simclr_ours_size5_lbl1.sh
evaluate	CIFAR100_ConvNet_simclr_ours_size5_lbl5	ConvNet_simclr_ours_size5	0-01:05:00	evaluate/CIFAR100_ConvNet_simclr_ours_size5_lbl5.sh
evaluate	Aircraft_ConvNet_simclr_ours_size5_lbl1	ConvNet_simclr_ours_size5	0-01:05:00	evaluate/Aircraft_ConvNet_simclr_ours_size5_lbl1.sh
evaluate	Aircraft_ConvNet_simclr_ours_size5_lbl5	ConvNet_simclr_ours_size5	0-01:05:00	evaluate/Aircraft_ConvNet_simclr_ours_size5_lbl5.sh
evaluate	CUB2011_ConvNet_simclr_ours_size5_lbl1	ConvNet_simclr_ours_size5	0-01:05:00	evaluate/CUB2011_ConvNet_simclr_ours_size5_lbl1.sh
evaluate	CUB2011_ConvNet_simclr_ours_size5_lbl5	ConvNet_simclr_ours_size5	0-01:05:00	evaluate/CUB2011_ConvNet_simclr_ours_size5_lbl5.sh
evaluate	Dogs_ConvNet_simclr_ours_size5_lbl1	ConvNet_simclr_ours_size5	0-01:05:00	evaluate/Dogs_ConvNet_simclr_ours_size5_lbl1.sh
evaluate	Dogs_ConvNet_simclr_ours_size5_lbl5	ConvNet_simclr_ours_size5	0-01:05:00	evaluate/Dogs_ConvNet_simclr_ours_size5_lbl5.sh
evaluate	Flowers_ConvNet_simclr_ours_size5_lbl1	ConvNet_simclr_ours_size5	0-01:05:00	evaluate/Flowers_ConvNet_simclr_ours_size5_lbl1.sh
evaluate	Flowers_ConvNet_simclr_ours_size5_lbl5	ConvNet_simclr_ours_size5	0-01:05:00	evaluate/Flowers_ConvNet_simclr_ours_size5_lbl5.sh
evaluate	TinyImageNet_ConvNet_simclr_ours_size5_lbl1	ConvNet_simclr_ours_size5	0-01:05:00	evaluate/TinyImageNet_ConvNet_simclr_ours_size5_lbl1.sh
evaluate	TinyImageNet_ConvNet_simclr_ours_size5_lbl5	ConvNet_simclr_ours_size5	0-01:05:00	evaluate/TinyImageNet_ConvNet_simclr_ours_size5_lbl5.sh
pretrain	ConvNet_barlowtwins_ours_size1	syn_size1	0-01:15:00	pretrain/ConvNet_barlowtwins_ours_size1.sh
evaluate	CIFAR10_ConvNet_barlowtwins_ours_size1_lbl1	ConvNet_barlowtwins_ours_size1	0-01:05:00	evaluate/CIFAR10_ConvNet_barlowtwins_ours_size1_lbl1.sh
evaluate	CIFAR10_ConvNet_barlowtwins_ours_size1_lbl5	ConvNet_barlowtwins_ours_size1	0-01:05:00	evaluate/CIFAR10_ConvNet_barlowtwins_ours_size1_lbl5.sh
evaluate	CIFAR100_ConvNet_barlowtwins_ours_size1_lbl1	ConvNet_barlowtwins_ours_size1	0-01:05:00	evaluate/CIFAR100_ConvNet_barlowtwins_ours_size1_lbl1.sh
evaluate	CIFAR100_ConvNet_barlowtwins_ours_size1_lbl5	ConvNet_barlowtwins_ours_size1	0-01:05:00	evaluate/CIFAR100_ConvNet_barlowtwins_ours_size1_lbl5.sh
evaluate	Aircraft_ConvNet_barlowtwins_ours_size1_lbl1	ConvNet_barlowtwins_ours_size1	0-01:05:00	evaluate/Aircraft_ConvNet_barlowtwins_ours_size1_lbl1.sh
evaluate	Aircraft_ConvNet_barlowtwins_ours_size1_lbl5	ConvNet_barlowtwins_ours_size1	0-01:05:00	evaluate/Aircraft_ConvNet_barlowtwins_ours_size1_lbl5.sh
evaluate	CUB2011_ConvNet_barlowtwins_ours_size1_lbl1	ConvNet_barlowtwins_ours_size1	0-01:05:00	evaluate/CUB2011_ConvNet_barlowtwins_ours_size1_lbl1.sh
evaluate	CUB2011_ConvNet_barlowtwins_ours_size1_lbl5	ConvNet_barlowtwins_ours_size1	0-01:05:00	evaluate/CUB2011_ConvNet_barlowtwins_ours_size1_lbl5.sh
evaluate	Dogs_ConvNet_barlowtwins_ours_size1_lbl1	ConvNet_barlowtwins_ours_size1	0-01:05:00	evaluate/Dogs_ConvNet_barlowtwins_ours_size1_lbl1.sh
evaluate	Dogs_ConvNet_barlowtwins_ours_size1_lbl5	ConvNet_barlowtwins_ours_size1	0-01:05:00	evaluate/Dogs_ConvNet_barlowtwins_ours_size1_lbl5.sh
evaluate	Flowers_ConvNet_barlowtwins_ours_size1_lbl1	ConvNet_barlowtwins_ours_size1	0-01:05:00	evaluate/Flowers_ConvNet_barlowtwins_ours_size1_lbl1.sh
evaluate	Flowers_ConvNet_barlowtwins_ours_size1_lbl5	ConvNet_barlowtwins_ours_size1	0-01:05:00	evaluate/Flowers_ConvNet_barlowtwins_ours_size1_lbl5.sh
evaluate	TinyImageNet_ConvNet_barlowtwins_ours_size1_lbl1	ConvNet_barlowtwins_ours_size1	0-01:05:00	evaluate/TinyImageNet_ConvNet_barlowtwins_ours_size1_lbl1.sh
evaluate	TinyImageNet_ConvNet_barlowtwins_ours_size1_lbl5	ConvNet_barlowtwins_ours_size1	0-01:05:00	evaluate/TinyImageNet_ConvNet_barlowtwins_ours_size1_lbl5.sh
pretrain	ConvNet_barlowtwins_ours_size2	syn_size2	0-01:20:00	pretrain/ConvNet_barlowtwins_ours_size2.sh
evaluate	CIFAR10_ConvNet_barlowtwins_ours_size2_lbl1	ConvNet_barlowtwins_ours_size2	0-01:05:00	evaluate/CIFAR10_ConvNet_barlowtwins_ours_size2_lbl1.sh
evaluate	CIFAR10_ConvNet_barlowtwins_ours_size2_lbl5	ConvNet_barlowtwins_ours_size2	0-01:05:00	evaluate/CIFAR10_ConvNet_barlowtwins_ours_size2_lbl5.sh
evaluate	CIFAR100_ConvNet_barlowtwins_ours_size2_lbl1	ConvNet_barlowtwins_ours_size2	0-01:05:00	evaluate/CIFAR100_ConvNet_barlowtwins_ours_size2_lbl1.sh
evaluate	CIFAR100_ConvNet_barlowtwins_ours_size2_lbl5	ConvNet_barlowtwins_ours_size2	0-01:05:00	evaluate/CIFAR100_ConvNet_barlowtwins_ours_size2_lbl5.sh
evaluate	Aircraft_ConvNet_barlowtwins_ours_size2_lbl1	ConvNet_barlowtwins_ours_size2	0-01:05:00	evaluate/Aircraft_ConvNet_barlowtwins_ours_size2_lbl1.sh
evaluate	Aircraft_ConvNet_barlowtwins_ours_size2_lbl5	ConvNet_barlowtwins_ours_size2	0-01:05:00	evaluate/Aircraft_ConvNet_barlowtwins_ours_size2_lbl5.sh
evaluate	CUB2011_ConvNet_barlowtwins_ours_size2_lbl1	ConvNet_barlowtwins_ours_size2	0-01:05:00	evaluate/CUB2011_ConvNet_barlowtwins_ours_size2_lbl1.sh
evaluate	CUB2011_ConvNet_barlowtwins_ours_size2_lbl5	ConvNet_barlowtwins_ours_size2	0-01:05:00	evaluate/CUB2011_ConvNet_barlowtwins_ours_size2_lbl5.sh
evaluate	Dogs_ConvNet_barlowtwins_ours_size2_lbl1	ConvNet_barlowtwins_ours_size2	0-01:05:00	evaluate/Dogs_ConvNet_barlowtwins_ours_size2_lbl1.sh
evaluate	Dogs_ConvNet_barlowtwins_ours_size2_lbl5	ConvNet_barlowtwins_ours_size2	0-01:05:00	evaluate/Dogs_ConvNet_barlowtwins_ours_size2_lbl5.sh
evaluate	Flowers_ConvNet_barlowtwins_ours_size2_lbl1	ConvNet_barlowtwins_ours_size2	0-01:05:00	evaluate/Flowers_ConvNet_barlowtwins_ours_size2_lbl1.sh
evaluate	Flowers_ConvNet_barlowtwins_ours_size2_lbl5	ConvNet_barlowtwins_ours_size2	0-01:05:00	evaluate/Flowers_ConvNet_barlowtwins_ours_size2_lbl5.sh
evaluate	TinyImageNet_ConvNet_barlowtwins_ours_size2_lbl1	ConvNet_barlowtwins_ours_size2	0-01:05:00	evaluate/TinyImageNet_ConvNet_barlowtwins_ours_size2_lbl1.sh
evaluate	TinyImageNet_ConvNet_barlowtwins_ours_size2_lbl5	ConvNet_barlowtwins_ours_size2	0-01:05:00	evaluate/TinyImageNet_ConvNet_barlowtwins_ours_size2_lbl5.sh
pretrain	ConvNet_barlowtwins_ours_size5	syn_size5	0-01:25:00	pretrain/ConvNet_barlowtwins_ours_size5.sh
evaluate	CIFAR10_ConvNet_barlowtwins_ours_size5_lbl1	ConvNet_barlowtwins_ours_size5	0-01:05:00	evaluate/CIFAR10_ConvNet_barlowtwins_ours_size5_lbl1.sh
evaluate	CIFAR10_ConvNet_barlowtwins_ours_size5_lbl5	ConvNet_barlowtwins_ours_size5	0-01:05:00	evaluate/CIFAR10_ConvNet_barlowtwins_ours_size5_lbl5.sh
evaluate	CIFAR100_ConvNet_barlowtwins_ours_size5_lbl1	ConvNet_barlowtwins_ours_size5	0-01:05:00	evaluate/CIFAR100_ConvNet_barlowtwins_ours_size5_lbl1.sh
evaluate	CIFAR100_ConvNet_barlowtwins_ours_size5_lbl5	ConvNet_barlowtwins_ours_size5	0-01:05:00	evaluate/CIFAR100_ConvNet_barlowtwins_ours_size5_lbl5.sh
evaluate	Aircraft_ConvNet_barlowtwins_ours_size5_lbl1	ConvNet_barlowtwins_ours_size5	0-01:05:00	evaluate/Aircraft_ConvNet_barlowtwins_ours_size5_lbl1.sh
evaluate	Aircraft_ConvNet_barlowtwins_ours_size5_lbl5	ConvNet_barlowtwins_ours_size5	0-01:05:00	evaluate/Aircraft_ConvNet_barlowtwins_ours_size5_lbl5.sh
evaluate	CUB2011_ConvNet_barlowtwins_ours_size5_lbl1	ConvNet_barlowtwins_ours_size5	0-01:05:00	evaluate/CUB2011_ConvNet_barlowtwins_ours_size5_lbl1.sh
evaluate	CUB2011_ConvNet_barlowtwins_ours_size5_lbl5	ConvNet_barlowtwins_ours_size5	0-01:05:00	evaluate/CUB2011_ConvNet_barlowtwins_ours_size5_lbl5.sh
evaluate	Dogs_ConvNet_barlowtwins_ours_size5_lbl1	ConvNet_barlowtwins_ours_size5	0-01:05:00	evaluate/Dogs_ConvNet_barlowtwins_ours_size5_lbl1.sh
evaluate	Dogs_ConvNet_barlowtwins_ours_size5_lbl5	ConvNet_barlowtwins_ours_size5	0-01:05:00	evaluate/Dogs_ConvNet_barlowtwins_ours_size5_lbl5.sh
evaluate	Flowers_ConvNet_barlowtwins_ours_size5_lbl1	ConvNet_barlowtwins_ours_size5	0-01:05:00	evaluate/Flowers_ConvNet_barlowtwins_ours_size5_lbl1.sh
evaluate	Flowers_ConvNet_barlowtwins_ours_size5_lbl5	ConvNet_barlowtwins_ours_size5	0-01:05:00	evaluate/Flowers_ConvNet_barlowtwins_ours_size5_lbl5.sh
evaluate	TinyImageNet_ConvNet_barlowtwins_ours_size5_lbl1	ConvNet_barlowtwins_ours_size5	0-01:05:00	evaluate/TinyImageNet_ConvNet_barlowtwins_ours_size5_lbl1.sh
evaluate	TinyImageNet_ConvNet_barlowtwins_ours_size5_lbl5	ConvNet_barlowtwins_ours_size5	0-01:05:00	evaluate/TinyImageNet_ConvNet_barlowtwins_ours_size5_lbl5.sh
pretrain	VGG11_simclr_ours_size1	syn_size1	0-01:15:00	pretrain/VGG11_simclr_ours_size1.sh
evaluate	CIFAR10_VGG11_simclr_ours_size1_lbl1	VGG11_simclr_ours_size1	0-01:05:00	evaluate/CIFAR10_VGG11_simclr_ours_size1_lbl1.sh
evaluate	CIFAR10_VGG11_simclr_ours_size1_lbl5	VGG11_simclr_ours_size1	0-01:05:00	evaluate/CIFAR10_VGG11_simclr_ours_size1_lbl5.sh
evaluate	CIFAR100_VGG11_simclr_ours_size1_lbl1	VGG11_simclr_ours_size1	0-01:05:00	evaluate/CIFAR100_VGG11_simclr_ours_size1_lbl1.sh
evaluate	CIFAR100_VGG11_simclr_ours_size1_lbl5	VGG11_simclr_ours_size1	0-01:05:00	evaluate/CIFAR100_VGG11_simclr_ours_size1_lbl5.sh
evaluate	Aircraft_VGG11_simclr_ours_size1_lbl1	VGG11_simclr_ours_size1	0-01:05:00	evaluate/Aircraft_VGG11_simclr_ours_size1_lbl1.sh
evaluate	Aircraft_VGG11_simclr_ours_size1_lbl5	VGG11_simclr_ours_size1	0-01:05:00	evaluate/Aircraft_VGG11_simclr_ours_size1_lbl5.sh
evaluate	CUB2011_VGG11_simclr_ours_size1_lbl1	VGG11_simclr_ours_size1	0-01:05:00	evaluate/CUB2011_VGG11_simclr_ours_size1_lbl1.sh
evaluate	CUB2011_VGG11_simclr_ours_size1_lbl5	VGG11_simclr_ours_size1	0-01:05:00	evaluate/CUB2011_VGG11_simclr_ours_size1_lbl5.sh
evaluate	Dogs_VGG11_simclr_ours_size1_lbl1	VGG11_simclr_ours_size1	0-01:05:00	evaluate/Dogs_VGG11_simclr_ours_size1_lbl1.sh
evaluate	Dogs_VGG11_simclr_ours_size1_lbl5	VGG11_simclr_ours_size1	0-01:05:00	evaluate/Dogs_VGG11_simclr_ours_size1_lbl5.sh
evaluate	Flowers_VGG11_simclr_ours_size1_lbl1	VGG11_simclr_ours_size1	0-01:05:00	evaluate/Flowers_VGG11_simclr_ours_size1_lbl1.sh
evaluate	Flowers_VGG11_simclr_ours_size1_lbl5	VGG11_simclr_ours_size1	0-01:05:00	evaluate/Flowers_VGG11_simclr_ours_size1_lbl5.sh
evaluate	TinyImageNet_VGG11_simclr_ours_size1_lbl1	VGG11_simclr_ours_size1	0-01:05:00	evaluate/TinyImageNet_VGG11_simclr_ours_size1_lbl1.sh
evaluate	TinyImageNet_VGG11_simclr_ours_size1_lbl5	VGG11_simclr_ours_size1	0-01:05:00	evaluate/TinyImageNet_VGG11_simclr_ours_size1_lbl5.sh
pretrain	VGG11_simclr_ours_size2	syn_size2	0-01:20:00	pretrain/VGG11_simclr_ours_size2.sh
evaluate	CIFAR10_VGG11_simclr_ours_size2_lbl1	VGG11_simclr_ours_size2	0-01:05:00	evaluate/CIFAR10_VGG11_simclr_ours_size2_lbl1.sh
evaluate	CIFAR10_VGG11_simclr_ours_size2_lbl5	VGG11_simclr_ours_size2	0-01:05:00	evaluate/CIFAR10_VGG11_simclr_ours_size2_lbl5.sh
evaluate	CIFAR100_VGG11_simclr_ours_size2_lbl1	VGG11_simclr_ours_size2	0-01:05:00	evaluate/CIFAR100_VGG11_simclr_ours_size2_lbl1.sh
evaluate	CIFAR100_VGG11_simclr_ours_size2_lbl5	VGG11_simclr_ours_size2	0-01:05:00	evaluate/CIFAR100_VGG11_simclr_ours_size2_lbl5.sh
evaluate	Aircraft_VGG11_simclr_ours_size2_lbl1	VGG11_simclr_ours_size2	0-01:05:00	evaluate/Aircraft_VGG11_simclr_ours_size2_lbl1.sh
evaluate	Aircraft_VGG11_simclr_ours_size2_lbl5	VGG11_simclr_ours_size2	0-01:05:00	evaluate/Aircraft_VGG11_simclr_ours_size2_lbl5.sh
evaluate	CUB2011_VGG11_simclr_ours_size2_lbl1	VGG11_simclr_ours_size2	0-01:05:00	evaluate/CUB2011_VGG11_simclr_ours_size2_lbl1.sh
evaluate	CUB2011_VGG11_simclr_ours_size2_lbl5	VGG11_simclr_ours_size2	0-01:05:00	evaluate/CUB2011_VGG11_simclr_ours_size2_lbl5.sh
evaluate	Dogs_VGG11_simclr_ours_size2_lbl1	VGG11_simclr_ours_size2	0-01:05:00	evaluate/Dogs_VGG11_simclr_ours_size2_lbl1.sh
evaluate	Dogs_VGG11_simclr_ours_size2_lbl5	VGG11_simclr_ours_size2	0-01:05:00	evaluate/Dogs_VGG11_simclr_ours_size2_lbl5.sh
evaluate	Flowers_VGG11_simclr_ours_size2_lbl1	VGG11_simclr_ours_size2	0-01:05:00	evaluate/Flowers_VGG11_simclr_ours_size2_lbl1.sh
evaluate	Flowers_VGG11_simclr_ours_size2_lbl5	VGG11_simclr_ours_size2	0-01:05:00	evaluate/Flowers_VGG11_simclr_ours_size2_lbl5.sh
evaluate	TinyImageNet_VGG11_simclr_ours_size2_lbl1	VGG11_simclr_ours_size2	0-01:05:00	evaluate/TinyImageNet_VGG11_simclr_ours_size2_lbl1.sh
evaluate	TinyImageNet_VGG11_simclr_ours_size2_lbl5	VGG11_simclr_ours_size2	0-01:05:00	evaluate/TinyImageNet_VGG11_simclr_ours_size2_lbl5.sh
pretrain	VGG11_simclr_ours_size5	syn_size5	0-01:25:00	pretrain/VGG11_simclr_ours_size5.sh
evaluate	CIFAR10_VGG11_simclr_ours_size5_lbl1	VGG11_simclr_ours_size5	0-01:05:00	evaluate/CIFAR10_VGG11_simclr_ours_size5_lbl1.sh
evaluate	CIFAR10_VGG11_simclr_ours_size5_lbl5	VGG11_simclr_ours_size5	0-01:05:00	evaluate/CIFAR10_VGG11_simclr_ours_size5_lbl5.sh
evaluate	CIFAR100_VGG11_simclr_ours_size5_lbl1	VGG11_simclr_ours_size5	0-01:05:00	evaluate/CIFAR100_VGG11_simclr_ours_size5_lbl1.sh
evaluate	CIFAR100_VGG11_simclr_ours_size5_lbl5	VGG11_simclr_ours_size5	0-01:05:00	evaluate/CIFAR100_VGG11_simclr_ours_size5_lbl5.sh
evaluate	Aircraft_VGG11_simclr_ours_size5_lbl1	VGG11_simclr_ours_size5	0-01:05:00	evaluate/Aircraft_VGG11_simclr_ours_size5_lbl1.sh
evaluate	Aircraft_VGG11_simclr_ours_size5_lbl5	VGG11_simclr_ours_size5	0-01:05:00	evaluate/Aircraft_VGG11_simclr_ours_size5_lbl5.sh
evaluate	CUB2011_VGG11_simclr_ours_size5_lbl1	VGG11_simclr_ours_size5	0-01:05:00	evaluate/CUB2011_VGG11_simclr_ours_size5_lbl1.sh
evaluate	CUB2011_VGG11_simclr_ours_size5_lbl5	VGG11_simclr_ours_size5	0-01:05:00	evaluate/CUB2011_VGG11_simclr_ours_size5_lbl5.sh
evaluate	Dogs_VGG11_simclr_ours_size5_lbl1	VGG11_simclr_ours_size5	0-01:05:00	evaluate/Dogs_VGG11_simclr_ours_size5_lbl1.sh
evaluate	Dogs_VGG11_simclr_ours_size5_lbl5	VGG11_simclr_ours_size5	0-01:05:00	evaluate/Dogs_VGG11_simclr_ours_size5_lbl5.sh
evaluate	Flowers_VGG11_simclr_ours_size5_lbl1	VGG11_simclr_ours_size5	0-01:05:00	evaluate/Flowers_VGG11_simclr_ours_size5_lbl1.sh
evaluate	Flowers_VGG11_simclr_ours_size5_lbl5	VGG11_simclr_ours_size5	0-01:05:00	evaluate/Flowers_VGG11_simclr_ours_size5_lbl5.sh
evaluate	TinyImageNet_VGG11_simclr_ours_size5_lbl1	VGG11_simclr_ours_size5	0-01:05:00	evaluate/TinyImageNet_VGG11_simclr_ours_size5_lbl1.sh
evaluate	TinyImageNet_VGG11_simclr_ours_size5_lbl5	VGG11_simclr_ours_size5	0-01:05:00	evaluate/TinyImageNet_VGG11_simclr_ours_size5_lbl5.sh
pretrain	VGG11_barlowtwins_ours_size1	syn_size1	0-01:15:00	pretrain/VGG11_barlowtwins_ours_size1.sh
evaluate	CIFAR10_VGG11_barlowtwins_ours_size1_lbl1	VGG11_barlowtwins_ours_size1	0-01:05:00	evaluate/CIFAR10_VGG11_barlowtwins_ours_size1_lbl1.sh
evaluate	CIFAR10_VGG11_barlowtwins_ours_size1_lbl5	VGG11_barlowtwins_ours_size1	0-01:05:00	evaluate/CIFAR10_VGG11_barlowtwins_ours_size1_lbl5.sh
evaluate	CIFAR100_VGG11_barlowtwins_ours_size1_lbl1	VGG11_barlowtwins_ours_size1	0-01:05:00	evaluate/CIFAR100_VGG11_barlowtwins_ours_size1_lbl1.sh
evaluate	CIFAR100_VGG11_barlowtwins_ours_size1_lbl5	VGG11_barlowtwins_ours_size1	0-01:05:00	evaluate/CIFAR100_VGG11_barlowtwins_ours_size1_lbl5.sh
evaluate	Aircraft_VGG11_barlowtwins_ours_size1_lbl1	VGG11_barlowtwins_ours_size1	0-01:05:00	evaluate/Aircraft_VGG11_barlowtwins_ours_size1_lbl1.sh
evaluate	Aircraft_VGG11_barlowtwins_ours_size1_lbl5	VGG11_barlowtwins_ours_size1	0-01:05:00	evaluate/Aircraft_VGG11_barlowtwins_ours_size1_lbl5.sh
evaluate	CUB2011_VGG11_barlowtwins_ours_size1_lbl1	VGG11_barlowtwins_ours_size1	0-01:05:00	evaluate/CUB2011_VGG11_barlowtwins_ours_size1_lbl1.sh
evaluate	CUB2011_VGG11_barlowtwins_ours_size1_lbl5	VGG11_barlowtwins_ours_size1	0-01:05:00	evaluate/CUB2011_VGG11_barlowtwins_ours_size1_lbl5.sh
evaluate	Dogs_VGG11_barlowtwins_ours_size1_lbl1	VGG11_barlowtwins_ours_size1	0-01:05:00	evaluate/Dogs_VGG11_barlowtwins_ours_size1_lbl1.sh
evaluate	Dogs_VGG11_barlowtwins_ours_size1_lbl5	VGG11_barlowtwins_ours_size1	0-01:05:00	evaluate/Dogs_VGG11_barlowtwins_ours_size1_lbl5.sh
evaluate	Flowers_VGG11_barlowtwins_ours_size1_lbl1	VGG11_barlowtwins_ours_size1	0-01:05:00	evaluate/Flowers_VGG11_barlowtwins_ours_size1_lbl1.sh
evaluate	Flowers_VGG11_barlowtwins_ours_size1_lbl5	VGG11_barlowtwins_ours_size1	0-01:05:00	evaluate/Flowers_VGG11_barlowtwins_ours_size1_lbl5.sh
evaluate	TinyImageNet_VGG11_barlowtwins_ours_size1_lbl1	VGG11_barlowtwins_ours_size1	0-01:05:00	evaluate/TinyImageNet_VGG11_barlowtwins_ours_size1_lbl1.sh
evaluate	TinyImageNet_VGG11_barlowtwins_ours_size1_lbl5	VGG11_barlowtwins_ours_size1	0-01:05:00	evaluate/TinyImageNet_VGG11_barlowtwins_ours_size1_lbl5.sh
pretrain	VGG11_barlowtwins_ours_size2	syn_size2	0-01:20:00	pretrain/VGG11_barlowtwins_ours_size2.sh
evaluate	CIFAR10_VGG11_barlowtwins_ours_size2_lbl1	VGG11_barlowtwins_ours_size2	0-01:05:00	evaluate/CIFAR10_VGG11_barlowtwins_ours_size2_lbl1.sh
evaluate	CIFAR10_VGG11_barlowtwins_ours_size2_lbl5	VGG11_barlowtwins_ours_size2	0-01:05:00	evaluate/CIFAR10_VGG11_barlowtwins_ours_size2_lbl5.sh
evaluate	CIFAR100_VGG11_barlowtwins_ours_size2_lbl1	VGG11_barlowtwins_ours_size2	0-01:05:00	evaluate/CIFAR100_VGG11_barlowtwins_ours_size2_lbl1.sh
evaluate	CIFAR100_VGG11_barlowtwins_ours_size2_lbl5	VGG11_barlowtwins_ours_size2	0-01:05:00	evaluate/CIFAR100_VGG11_barlowtwins_ours_size2_lbl5.sh
evaluate	Aircraft_VGG11_barlowtwins_ours_size2_lbl1	VGG11_barlowtwins_ours_size2	0-01:05:00	evaluate/Aircraft_VGG11_barlowtwins_ours_size2_lbl1.sh
evaluate	Aircraft_VGG11_barlowtwins_ours_size2_lbl5	VGG11_barlowtwins_ours_size2	0-01:05:00	evaluate/Aircraft_VGG11_barlowtwins_ours_size2_lbl5.sh
evaluate	CUB2011_VGG11_barlowtwins_ours_size2_lbl1	VGG11_barlowtwins_ours_size2	0-01:05:00	evaluate/CUB2011_VGG11_barlowtwins_ours_size2_lbl1.sh
evaluate	CUB2011_VGG11_barlowtwins_ours_size2_lbl5	VGG11_barlowtwins_ours_size2	0-01:05:00	evaluate/CUB2011_VGG11_barlowtwins_ours_size2_lbl5.sh
evaluate	Dogs_VGG11_barlowtwins_ours_size2_lbl1	VGG11_barlowtwins_ours_size2	0-01:05:00	evaluate/Dogs_VGG11_barlowtwins_ours_size2_lbl1.sh
evaluate	Dogs_VGG11_barlowtwins_ours_size2_lbl5	VGG11_barlowtwins_ours_size2	0-01:05:00	evaluate/Dogs_VGG11_barlowtwins_ours_size2_lbl5.sh
evaluate	Flowers_VGG11_barlowtwins_ours_size2_lbl1	VGG11_barlowtwins_ours_size2	0-01:05:00	evaluate/Flowers_VGG11_barlowtwins_ours_size2_lbl1.sh
evaluate	Flowers_VGG11_barlowtwins_ours_size2_lbl5	VGG11_barlowtwins_ours_size2	0-01:05:00	evaluate/Flowers_VGG11_barlowtwins_ours_size2_lbl5.sh
evaluate	TinyImageNet_VGG11_barlowtwins_ours_size2_lbl1	VGG11_barlowtwins_ours_size2	0-01:05:00	evaluate/TinyImageNet_VGG11_barlowtwins_ours_size2_lbl1.sh
evaluate	TinyImageNet_VGG11_barlowtwins_ours_size2_lbl5	VGG11_barlowtwins_ours_size2	0-01:05:00	evaluate/TinyImageNet_VGG11_barlowtwins_ours_size2_lbl5.sh
pretrain	VGG11_barlowtwins_ours_size5	syn_size5	0-01:25:00	pretrain/VGG11_barlowtwins_ours_size5.sh
evaluate	CIFAR10_VGG11_barlowtwins_ours_size5_lbl1	VGG11_barlowtwins_ours_size5	0-01:05:00	evaluate/CIFAR10_VGG11_barlowtwins_ours_size5_lbl1.sh
evaluate	CIFAR10_VGG11_barlowtwins_ours_size5_lbl5	VGG11_barlowtwins_ours_size5	0-01:05:00	evaluate/CIFAR10_VGG11_barlowtwins_ours_size5_lbl5.sh
evaluate	CIFAR100_VGG11_barlowtwins_ours_size5_lbl1	VGG11_barlowtwins_ours_size5	0-01:05:00	evaluate/CIFAR100_VGG11_barlowtwins_ours_size5_lbl1.sh
evaluate	CIFAR100_VGG11_barlowtwins_ours_size5_lbl5	VGG11_barlowtwins_ours_size5	0-01:05:00	evaluate/CIFAR100_VGG11_barlowtwins_ours_size5_lbl5.sh
evaluate	Aircraft_VGG11_barlowtwins_ours_size5_lbl1	VGG11_barlowtwins_ours_size5	0-01:05:00	evaluate/Aircraft_VGG11_barlowtwins_ours_size5_lbl1.sh
evaluate	Aircraft_VGG11_barlowtwins_ours_size5_lbl5	VGG11_barlowtwins_ours_size5	0-01:05:00	evaluate/Aircraft_VGG11_barlowtwins_ours_size5_lbl5.sh
evaluate	CUB2011_VGG11_barlowtwins_ours_size5_lbl1	VGG11_barlowtwins_ours_size5	0-01:05:00	evaluate/CUB2011_VGG11_barlowtwins_ours_size5_lbl1.sh
evaluate	CUB2011_VGG11_barlowtwins_ours_size5_lbl5	VGG11_barlowtwins_ours_size5	0-01:05:00	evaluate/CUB2011_VGG11_barlowtwins_ours_size5_lbl5.sh
evaluate	Dogs_VGG11_barlowtwins_ours_size5_lbl1	VGG11_barlowtwins_ours_size5	0-01:05:00	evaluate/Dogs_VGG11_barlowtwins_ours_size5_lbl1.sh
evaluate	Dogs_VGG11_barlowtwins_ours_size5_lbl5	VGG11_barlowtwins_ours_size5	0-01:05:00	evaluate/Dogs_VGG11_barlowtwins_ours_size5_lbl5.sh
evaluate	Flowers_VGG11_barlowtwins_ours_size5_lbl1	VGG11_barlowtwins_ours_size5	0-01:05:00	evaluate/Flowers_VGG11_barlowtwins_ours_size5_lbl1.sh
evaluate	Flowers_VGG11_barlowtwins_ours_size5_lbl5	VGG11_barlowtwins_ours_size5	0-01:05:00	evaluate/Flowers_VGG11_barlowtwins_ours_size5_lbl5.sh
evaluate	TinyImageNet_VGG11_barlowtwins_ours_size5_lbl1	VGG11_barlowtwins_ours_size5	0-01:05:00	evaluate/TinyImageNet_VGG11_barlowtwins_ours_size5_lbl1.sh
evaluate	TinyImageNet_VGG11_barlowtwins_ours_size5_lbl5	VGG11_barlowtwins_ours_size5	0-01:05:00	evaluate/TinyImageNet_VGG11_barlowtwins_ours_size5_lbl5.sh
pretrain	ResNet18_simclr_ours_size1	syn_size1	0-01:40:00	pretrain/ResNet18_simclr_ours_size1.sh
evaluate	CIFAR10_ResNet18_simclr_ours_size1_lbl1	ResNet18_simclr_ours_size1	0-01:05:00	evaluate/CIFAR10_ResNet18_simclr_ours_size1_lbl1.sh
evaluate	CIFAR10_ResNet18_simclr_ours_size1_lbl5	ResNet18_simclr_ours_size1	0-01:05:00	evaluate/CIFAR10_ResNet18_simclr_ours_size1_lbl5.sh
evaluate	CIFAR100_ResNet18_simclr_ours_size1_lbl1	ResNet18_simclr_ours_size1	0-01:05:00	evaluate/CIFAR100_ResNet18_simclr_ours_size1_lbl1.sh
evaluate	CIFAR100_ResNet18_simclr_ours_size1_lbl5	ResNet18_simclr_ours_size1	0-01:05:00	evaluate/CIFAR100_ResNet18_simclr_ours_size1_lbl5.sh
evaluate	Aircraft_ResNet18_simclr_ours_size1_lbl1	ResNet18_simclr_ours_size1	0-01:05:00	evaluate/Aircraft_ResNet18_simclr_ours_size1_lbl1.sh
evaluate	Aircraft_ResNet18_simclr_ours_size1_lbl5	ResNet18_simclr_ours_size1	0-01:05:00	evaluate/Aircraft_ResNet18_simclr_ours_size1_lbl5.sh
evaluate	CUB2011_ResNet18_simclr_ours_size1_lbl1	ResNet18_simclr_ours_size1	0-01:05:00	evaluate/CUB2011_ResNet18_simclr_ours_size1_lbl1.sh
evaluate	CUB2011_ResNet18_simclr_ours_size1_lbl5	ResNet18_simclr_ours_size1	0-01:05:00	evaluate/CUB2011_ResNet18_simclr_ours_size1_lbl5.sh
evaluate	Dogs_ResNet18_simclr_ours_size1_lbl1	ResNet18_simclr_ours_size1	0-01:05:00	evaluate/Dogs_ResNet18_simclr_ours_size1_lbl1.sh
evaluate	Dogs_ResNet18_simclr_ours_size1_lbl5	ResNet18_simclr_ours_size1	0-01:05:00	evaluate/Dogs_ResNet18_simclr_ours_size1_lbl5.sh
evaluate	Flowers_ResNet18_simclr_ours_size1_lbl1	ResNet18_simclr_ours_size1	0-01:05:00	evaluate/Flowers_ResNet18_simclr_ours_size1_lbl1.sh
evaluate	Flowers_ResNet18_simclr_ours_size1_lbl5	ResNet18_simclr_ours_size1	0-01:05:00	evaluate/Flowers_ResNet18_simclr_ours_size1_lbl5.sh
evaluate	TinyImageNet_ResNet18_simclr_ours_size1_lbl1	ResNet18_simclr_ours_size1	0-01:05:00	evaluate/TinyImageNet_ResNet18_simclr_ours_size1_lbl1.sh
evaluate	TinyImageNet_ResNet18_simclr_ours_size1_lbl5	ResNet18_simclr_ours_size1	0-01:05:00	evaluate/TinyImageNet_ResNet18_simclr_ours_size1_lbl5.sh
pretrain	ResNet18_simclr_ours_size2	syn_size2	0-01:50:00	pretrain/ResNet18_simclr_ours_size2.sh
evaluate	CIFAR10_ResNet18_simclr_ours_size2_lbl1	ResNet18_simclr_ours_size2	0-01:05:00	evaluate/CIFAR10_ResNet18_simclr_ours_size2_lbl1.sh
evaluate	CIFAR10_ResNet18_simclr_ours_size2_lbl5	ResNet18_simclr_ours_size2	0-01:05:00	evaluate/CIFAR10_ResNet18_simclr_ours_size2_lbl5.sh
evaluate	CIFAR100_ResNet18_simclr_ours_size2_lbl1	ResNet18_simclr_ours_size2	0-01:05:00	evaluate/CIFAR100_ResNet18_simclr_ours_size2_lbl1.sh
evaluate	CIFAR100_ResNet18_simclr_ours_size2_lbl5	ResNet18_simclr_ours_size2	0-01:05:00	evaluate/CIFAR100_ResNet18_simclr_ours_size2_lbl5.sh
evaluate	Aircraft_ResNet18_simclr_ours_size2_lbl1	ResNet18_simclr_ours_size2	0-01:05:00	evaluate/Aircraft_ResNet18_simclr_ours_size2_lbl1.sh
evaluate	Aircraft_ResNet18_simclr_ours_size2_lbl5	ResNet18_simclr_ours_size2	0-01:05:00	evaluate/Aircraft_ResNet18_simclr_ours_size2_lbl5.sh
evaluate	CUB2011_ResNet18_simclr_ours_size2_lbl1	ResNet18_simclr_ours_size2	0-01:05:00	evaluate/CUB2011_ResNet18_simclr_ours_size2_lbl1.sh
evaluate	CUB2011_ResNet18_simclr_ours_size2_lbl5	ResNet18_simclr_ours_size2	0-01:05:00	evaluate/CUB2011_ResNet18_simclr_ours_size2_lbl5.sh
evaluate	Dogs_ResNet18_simclr_ours_size2_lbl1	ResNet18_simclr_ours_size2	0-01:05:00	evaluate/Dogs_ResNet18_simclr_ours_size2_lbl1.sh
evaluate	Dogs_ResNet18_simclr_ours_size2_lbl5	ResNet18_simclr_ours_size2	0-01:05:00	evaluate/Dogs_ResNet18_simclr_ours_size2_lbl5.sh
evaluate	Flowers_ResNet18_simclr_ours_size2_lbl1	ResNet18_simclr_ours_size2	0-01:05:00	evaluate/Flowers_ResNet18_simclr_ours_size2_lbl1.sh
evaluate	Flowers_ResNet18_simclr_ours_size2_lbl5	ResNet18_simclr_ours_size2	0-01:05:00	evaluate/Flowers_ResNet18_simclr_ours_size2_lbl5.sh
evaluate	TinyImageNet_ResNet18_simclr_ours_size2_lbl1	ResNet18_simclr_ours_size2	0-01:05:00	evaluate/TinyImageNet_ResNet18_simclr_ours_size2_lbl1.sh
evaluate	TinyImageNet_ResNet18_simclr_ours_size2_lbl5	ResNet18_simclr_ours_size2	0-01:05:00	evaluate/TinyImageNet_ResNet18_simclr_ours_size2_lbl5.sh
pretrain	ResNet18_simclr_ours_size5	syn_size5	0-02:20:00	pretrain/ResNet18_simclr_ours_size5.sh
evaluate	CIFAR10_ResNet18_simclr_ours_size5_lbl1	ResNet18_simclr_ours_size5	0-01:05:00	evaluate/CIFAR10_ResNet18_simclr_ours_size5_lbl1.sh
evaluate	CIFAR10_ResNet18_simclr_ours_size5_lbl5	ResNet18_simclr_ours_size5	0-01:05:00	evaluate/CIFAR10_ResNet18_simclr_ours_size5_lbl5.sh
evaluate	CIFAR100_ResNet18_simclr_ours_size5_lbl1	ResNet18_simclr_ours_size5	0-01:05:00	evaluate/CIFAR100_ResNet18_simclr_ours_size5_lbl1.sh
evaluate	CIFAR100_ResNet18_simclr_ours_size5_lbl5	ResNet18_simclr_ours_size5	0-01:05:00	evaluate/CIFAR100_ResNet18_simclr_ours_size5_lbl5.sh
evaluate	Aircraft_ResNet18_simclr_ours_size5_lbl1	ResNet18_simclr_ours_size5	0-01:05:00	evaluate/Aircraft_ResNet18_simclr_ours_size5_lbl1.sh
evaluate	Aircraft_ResNet18_simclr_ours_size5_lbl5	ResNet18_simclr_ours_size5	0-01:05:00	evaluate/Aircraft_ResNet18_simclr_ours_size5_lbl5.sh
evaluate	CUB2011_ResNet18_simclr_ours_size5_lbl1	ResNet18_simclr_ours_size5	0-01:05:00	evaluate/CUB2011_ResNet18_simclr_ours_size5_lbl1.sh
evaluate	CUB2011_ResNet18_simclr_ours_size5_lbl5	ResNet18_simclr_ours_size5	0-01:05:00	evaluate/CUB2011_ResNet18_simclr_ours_size5_lbl5.sh
evaluate	Dogs_ResNet18_simclr_ours_size5_lbl1	ResNet18_simclr_ours_size5	0-01:05:00	evaluate/Dogs_ResNet18_simclr_ours_size5_lbl1.sh
evaluate	Dogs_ResNet18_simclr_ours_size5_lbl5	ResNet18_simclr_ours_size5	0-01:05:00	evaluate/Dogs_ResNet18_simclr_ours_size5_lbl5.sh
evaluate	Flowers_ResNet18_simclr_ours_size5_lbl1	ResNet18_simclr_ours_size5	0-01:05:00	evaluate/Flowers_ResNet18_simclr_ours_size5_lbl1.sh
evaluate	Flowers_ResNet18_simclr_ours_size5_lbl5	ResNet18_simclr_ours_size5	0-01:05:00	evaluate/Flowers_ResNet18_simclr_ours_size5_lbl5.sh
evaluate	TinyImageNet_ResNet18_simclr_ours_size5_lbl1	ResNet18_simclr_ours_size5	0-01:05:00	evaluate/TinyImageNet_ResNet18_simclr_ours_size5_lbl1.sh
evaluate	TinyImageNet_ResNet18_simclr_ours_size5_lbl5	ResNet18_simclr_ours_size5	0-01:05:00	evaluate/TinyImageNet_ResNet18_simclr_ours_size5_lbl5.sh
pretrain	ResNet18_barlowtwins_ours_size1	syn_size1	0-01:40:00	pretrain/ResNet18_barlowtwins_ours_size1.sh
evaluate	CIFAR10_ResNet18_barlowtwins_ours_size1_lbl1	ResNet18_barlowtwins_ours_size1	0-01:05:00	evaluate/CIFAR10_ResNet18_barlowtwins_ours_size1_lbl1.sh
evaluate	CIFAR10_ResNet18_barlowtwins_ours_size1_lbl5	ResNet18_barlowtwins_ours_size1	0-01:05:00	evaluate/CIFAR10_ResNet18_barlowtwins_ours_size1_lbl5.sh
evaluate	CIFAR100_ResNet18_barlowtwins_ours_size1_lbl1	ResNet18_barlowtwins_ours_size1	0-01:05:00	evaluate/CIFAR100_ResNet18_barlowtwins_ours_size1_lbl1.sh
evaluate	CIFAR100_ResNet18_barlowtwins_ours_size1_lbl5	ResNet18_barlowtwins_ours_size1	0-01:05:00	evaluate/CIFAR100_ResNet18_barlowtwins_ours_size1_lbl5.sh
evaluate	Aircraft_ResNet18_barlowtwins_ours_size1_lbl1	ResNet18_barlowtwins_ours_size1	0-01:05:00	evaluate/Aircraft_ResNet18_barlowtwins_ours_size1_lbl1.sh
evaluate	Aircraft_ResNet18_barlowtwins_ours_size1_lbl5	ResNet18_barlowtwins_ours_size1	0-01:05:00	evaluate/Aircraft_ResNet18_barlowtwins_ours_size1_lbl5.sh
evaluate	CUB2011_ResNet18_barlowtwins_ours_size1_lbl1	ResNet18_barlowtwins_ours_size1	0-01:05:00	evaluate/CUB2011_ResNet18_barlowtwins_ours_size1_lbl1.sh
evaluate	CUB2011_ResNet18_barlowtwins_ours_size1_lbl5	ResNet18_barlowtwins_ours_size1	0-01:05:00	evaluate/CUB2011_ResNet18_barlowtwins_ours_size1_lbl5.sh
evaluate	Dogs_ResNet18_barlowtwins_ours_size1_lbl1	ResNet18_barlowtwins_ours_size1	0-01:05:00	evaluate/Dogs_ResNet18_barlowtwins_ours_size1_lbl1.sh
evaluate	Dogs_ResNet18_barlowtwins_ours_size1_lbl5	ResNet18_barlowtwins_ours_size1	0-01:05:00	evaluate/Dogs_ResNet18_barlowtwins_ours_size1_lbl5.sh
evaluate	Flowers_ResNet18_barlowtwins_ours_size1_lbl1	ResNet18_barlowtwins_ours_size1	0-01:05:00	evaluate/Flowers_ResNet18_barlowtwins_ours_size1_lbl1.sh
evaluate	Flowers_ResNet18_barlowtwins_ours_size1_lbl5	ResNet18_barlowtwins_ours_size1	0-01:05:00	evaluate/Flowers_ResNet18_barlowtwins_ours_size1_lbl5.sh
evaluate	TinyImageNet_ResNet18_barlowtwins_ours_size1_lbl1	ResNet18_barlowtwins_ours_size1	0-01:05:00	evaluate/TinyImageNet_ResNet18_barlowtwins_ours_size1_lbl1.sh
evaluate	TinyImageNet_ResNet18_barlowtwins_ours_size1_lbl5	ResNet18_barlowtwins_ours_size1	0-01:05:00	evaluate/TinyImageNet_ResNet18_barlowtwins_ours_size1_lbl5.sh
pretrain	ResNet18_barlowtwins_ours_size2	syn_size2	0-01:50:00	pretrain/ResNet18_barlowtwins_ours_size2.sh
evaluate	CIFAR10_ResNet18_barlowtwins_ours_size2_lbl1	ResNet18_barlowtwins_ours_size2	0-01:05:00	evaluate/CIFAR10_ResNet18_barlowtwins_ours_size2_lbl1.sh
evaluate	CIFAR10_ResNet18_barlowtwins_ours_size2_lbl5	ResNet18_barlowtwins_ours_size2	0-01:05:00	evaluate/CIFAR10_ResNet18_barlowtwins_ours_size2_lbl5.sh
evaluate	CIFAR100_ResNet18_barlowtwins_ours_size2_lbl1	ResNet18_barlowtwins_ours_size2	0-01:05:00	evaluate/CIFAR100_ResNet18_barlowtwins_ours_size2_lbl1.sh
evaluate	CIFAR100_ResNet18_barlowtwins_ours_size2_lbl5	ResNet18_barlowtwins_ours_size2	0-01:05:00	evaluate/CIFAR100_ResNet18_barlowtwins_ours_size2_lbl5.sh
evaluate	Aircraft_ResNet18_barlowtwins_ours_size2_lbl1	ResNet18_barlowtwins_ours_size2	0-01:05:00	evaluate/Aircraft_ResNet18_barlowtwins_ours_size2_lbl1.sh
evaluate	Aircraft_ResNet18_barlowtwins_ours_size2_lbl5	ResNet18_barlowtwins_ours_size2	0-01:05:00	evaluate/Aircraft_ResNet18_barlowtwins_ours_size2_lbl5.sh
evaluate	CUB2011_ResNet18_barlowtwins_ours_size2_lbl1	ResNet18_barlowtwins_ours_size2	0-01:05:00	evaluate/CUB2011_ResNet18_barlowtwins_ours_size2_lbl1.sh
evaluate	CUB2011_ResNet18_barlowtwins_ours_size2_lbl5	ResNet18_barlowtwins_ours_size2	0-01:05:00	evaluate/CUB2011_ResNet18_barlowtwins_ours_size2_lbl5.sh
evaluate	Dogs_ResNet18_barlowtwins_ours_size2_lbl1	ResNet18_barlowtwins_ours_size2	0-01:05:00	evaluate/Dogs_ResNet18_barlowtwins_ours_size2_lbl1.sh
evaluate	Dogs_ResNet18_barlowtwins_ours_size2_lbl5	ResNet18_barlowtwins_ours_size2	0-01:05:00	evaluate/Dogs_ResNet18_barlowtwins_ours_size2_lbl5.sh
evaluate	Flowers_ResNet18_barlowtwins_ours_size2_lbl1	ResNet18_barlowtwins_ours_size2	0-01:05:00	evaluate/Flowers_ResNet18_barlowtwins_ours_size2_lbl1.sh
evaluate	Flowers_ResNet18_barlowtwins_ours_size2_lbl5	ResNet18_barlowtwins_ours_size2	0-01:05:00	evaluate/Flowers_ResNet18_barlowtwins_ours_size2_lbl5.sh
evaluate	TinyImageNet_ResNet18_barlowtwins_ours_size2_lbl1	ResNet18_barlowtwins_ours_size2	0-01:05:00	evaluate/TinyImageNet_ResNet18_barlowtwins_ours_size2_lbl1.sh
evaluate	TinyImageNet_ResNet18_barlowtwins_ours_size2_lbl5	ResNet18_barlowtwins_ours_size2	0-01:05:00	evaluate/TinyImageNet_ResNet18_barlowtwins_ours_size2_lbl5.sh
pretrain	ResNet18_barlowtwins_ours_size5	syn_size5	0-02:20:00	pretrain/ResNet18_barlowtwins_ours_size5.sh
evaluate	CIFAR10_ResNet18_barlowtwins_ours_size5_lbl1	ResNet18_barlowtwins_ours_size5	0-01:05:00	evaluate/CIFAR10_ResNet18_barlowtwins_ours_size5_lbl1.sh
evaluate	CIFAR10_ResNet18_barlowtwins_ours_size5_lbl5	ResNet18_barlowtwins_ours_size5	0-01:05:00	evaluate/CIFAR10_ResNet18_barlowtwins_ours_size5_lbl5.sh
evaluate	CIFAR100_ResNet18_barlowtwins_ours_size5_lbl1	ResNet18_barlowtwins_ours_size5	0-01:05:00	evaluate/CIFAR100_ResNet18_barlowtwins_ours_size5_lbl1.sh
evaluate	CIFAR100_ResNet18_barlowtwins_ours_size5_lbl5	ResNet18_barlowtwins_ours_size5	0-01:05:00	evaluate/CIFAR100_ResNet18_barlowtwins_ours_size5_lbl5.sh
evaluate	Aircraft_ResNet18_barlowtwins_ours_size5_lbl1	ResNet18_barlowtwins_ours_size5	0-01:05:00	evaluate/Aircraft_ResNet18_barlowtwins_ours_size5_lbl1.sh
evaluate	Aircraft_ResNet18_barlowtwins_ours_size5_lbl5	ResNet18_barlowtwins_ours_size5	0-01:05:00	evaluate/Aircraft_ResNet18_barlowtwins_ours_size5_lbl5.sh
evaluate	CUB2011_ResNet18_barlowtwins_ours_size5_lbl1	ResNet18_barlowtwins_ours_size5	0-01:05:00	evaluate/CUB2011_ResNet18_barlowtwins_ours_size5_lbl1.sh
evaluate	CUB2011_ResNet18_barlowtwins_ours_size5_lbl5	ResNet18_barlowtwins_ours_size5	0-01:05:00	evaluate/CUB2011_ResNet18_barlowtwins_ours_size5_lbl5.sh
evaluate	Dogs_ResNet18_barlowtwins_ours_size5_lbl1	ResNet18_barlowtwins_ours_size5	0-01:05:00	evaluate/Dogs_ResNet18_barlowtwins_ours_size5_lbl1.sh
evaluate	Dogs_ResNet18_barlowtwins_ours_size5_lbl5	ResNet18_barlowtwins_ours_size5	0-01:05:00	evaluate/Dogs_ResNet18_barlowtwins_ours_size5_lbl5.sh
evaluate	Flowers_ResNet18_barlowtwins_ours_size5_lbl1	ResNet18_barlowtwins_ours_size5	0-01:05:00	evaluate/Flowers_ResNet18_barlowtwins_ours_size5_lbl1.sh
evaluate	Flowers_ResNet18_barlowtwins_ours_size5_lbl5	ResNet18_barlowtwins_ours_size5	0-01:05:00	evaluate/Flowers_ResNet18_barlowtwins_ours_size5_lbl5.sh
evaluate	TinyImageNet_ResNet18_barlowtwins_ours_size5_lbl1	ResNet18_barlowtwins_ours_size5	0-01:05:00	evaluate/TinyImageNet_ResNet18_barlowtwins_ours_size5_lbl1.sh
evaluate	TinyImageNet_ResNet18_barlowtwins_ours_size5_lbl5	ResNet18_barlowtwins_ours_size5	0-01:05:00	evaluate/TinyImageNet_ResNet18_barlowtwins_ours_size5_lbl5.sh
report	tables	all_evaluations	0-00:05:00	report/tables.sh
